date,open,high,low,close,adjClose,volume
2019-01-02,150.99000549316406,155.75,150.8800048828125,154.8800048828125,147.7244110107422,58576700
2019-01-03,152.60000610351562,153.25999450683594,149.49000549316406,149.82000732421875,142.898193359375,74820200
2019-01-04,152.33999633789062,157,151.74000549316406,156.22999572753906,149.0120086669922,74709300
2019-01-07,156.6199951171875,158.86000061035156,156.11000061035156,158.08999633789062,150.78610229492188,52059300
2019-01-08,159.5399932861328,160.11000061035156,157.1999969482422,159.52000427246094,152.15003967285156,49388700
2019-01-09,160.13999938964844,161.52000427246094,159.47000122070312,160.82000732421875,153.38998413085938,46491700
2019-01-10,159.60000610351562,161.3699951171875,158.6999969482422,161.27999877929688,153.82870483398438,38943400
2019-01-11,160.3300018310547,160.86000061035156,159.7899932861328,160.69000244140625,153.26596069335938,30176600
2019-01-14,159.3300018310547,159.9600067138672,158.58999633789062,159.27000427246094,151.91159057617188,30710200
2019-01-15,160,162.60000610351562,159.91000366210938,162.3800048828125,154.87789916992188,40874200
2019-01-16,162.64999389648438,163.77999877929688,162.2899932861328,162.35000610351562,154.84930419921875,33812200
2019-01-17,161.8300018310547,164.36000061035156,161.57000732421875,163.6300048828125,156.0701446533203,39329000
2019-01-18,164.77999877929688,166.02000427246094,163.82000732421875,165.25,157.6153106689453,57183200
2019-01-22,164.05999755859375,164.13999938964844,160.75999450683594,161.94000244140625,154.45823669433594,56711700
2019-01-23,162.77000427246094,163.50999450683594,160.32000732421875,162.14999389648438,154.65853881835938,38106100
2019-01-24,162.67999267578125,163.44000244140625,162.05999755859375,163.1999969482422,155.6600341796875,32417800
2019-01-25,164.50999450683594,165.64999389648438,163.9499969482422,165.14999389648438,157.51991271972656,36515900
2019-01-28,163.02000427246094,163.1199951171875,161.75,163.11000061035156,155.57418823242188,33491200
2019-01-29,163.1999969482422,163.24000549316406,160.99000549316406,161.57000732421875,154.10531616210938,30784200
2019-01-30,163.39999389648438,166.27999877929688,162.88999938964844,165.67999267578125,158.02542114257812,41346500
2019-01-31,166.6999969482422,168.99000549316406,166.47000122070312,168.16000366210938,160.390869140625,37258400
2019-02-01,167.3300018310547,168.60000610351562,166.99000549316406,167.4499969482422,159.7136993408203,32143700
2019-02-04,167.47999572753906,169.52999877929688,167.3300018310547,169.52999877929688,161.69752502441406,26718800
2019-02-05,169.75999450683594,171.22999572753906,169.69000244140625,171.02999877929688,163.12826538085938,28156400
2019-02-06,171.07000732421875,171.3699951171875,169.75,170.52000427246094,162.64187622070312,27970000
2019-02-07,169.02999877929688,169.4499969482422,166.9499969482422,168.22999572753906,160.45762634277344,42036200
2019-02-08,166.75999450683594,168.58999633789062,166.57000732421875,168.55999755859375,160.77239990234375,29020700
2019-02-11,169.1699981689453,169.5800018310547,167.97999572753906,168.39999389648438,160.6197509765625,21434100
2019-02-12,169.6300048828125,171.13999938964844,169.3300018310547,170.88999938964844,162.99473571777344,29722100
2019-02-13,171.64999389648438,172.16000366210938,170.82000732421875,171.00999450683594,163.10919189453125,26094100
2019-02-14,170.39999389648438,171.8300018310547,169.8300018310547,171.22000122070312,163.30950927734375,30326800
2019-02-15,172.52000427246094,172.55999755859375,171.13999938964844,171.94000244140625,163.99624633789062,32521700
2019-02-19,171.41000366210938,172.8000030517578,171.3800048828125,172.27999877929688,164.3205108642578,19487700
2019-02-20,172.39999389648438,173.0800018310547,171.32000732421875,172.25,164.2919158935547,32593000
2019-02-21,171.7899932861328,172.25999450683594,170.7100067138672,171.6199951171875,163.69097900390625,25207400
2019-02-22,171.99000549316406,173.00999450683594,171.89999389648438,172.88999938964844,164.90232849121094,27735400
2019-02-25,174.2100067138672,174.66000366210938,173.39999389648438,173.52000427246094,165.50323486328125,32608800
2019-02-26,173.10000610351562,174.25,172.80999755859375,173.6999969482422,165.67489624023438,21939700
2019-02-27,172.89999389648438,173.8000030517578,171.75999450683594,173.58999633789062,165.57000732421875,25162000
2019-02-28,173.0500030517578,173.80999755859375,172.6999969482422,173.19000244140625,165.1885223388672,25085500
2019-03-01,174.44000244140625,174.64999389648438,173.17999267578125,174.38999938964844,166.33299255371094,31431200
2019-03-04,175.5399932861328,175.7899932861328,172.47000122070312,174.4199981689453,166.3616485595703,38063500
2019-03-05,174.5500030517578,175.08999633789062,173.69000244140625,174.5500030517578,166.48562622070312,22319900
2019-03-06,174.72000122070312,174.75,173.27999877929688,173.55999755859375,165.5413818359375,27194600
2019-03-07,173.1199951171875,173.17999267578125,170.7899932861328,171.42999267578125,163.50975036621094,39407400
2019-03-08,169.50999450683594,171.25999450683594,169.33999633789062,171.1699981689453,163.26182556152344,39303200
2019-03-11,171.8800048828125,174.85000610351562,171.85000610351562,174.72999572753906,166.65731811523438,30518400
2019-03-12,175.19000244140625,176.13999938964844,174.77000427246094,175.69000244140625,167.5730438232422,33953500
2019-03-13,176.60000610351562,177.92999267578125,176.35000610351562,177.00999450683594,168.8319549560547,42426100
2019-03-14,177.1300048828125,177.33999633789062,176.66000366210938,176.7100067138672,168.5458526611328,23751500
2019-03-15,177.39999389648438,178.8800048828125,177.27999877929688,178.35000610351562,170.11009216308594,38192000
2019-03-18,177.9499969482422,178.99000549316406,177.58999633789062,178.4499969482422,170.5152130126953,32935100
2019-03-19,179.17999267578125,180,178.2899932861328,179.0500030517578,171.0885772705078,36893300
2019-03-20,179.05999755859375,180.86000061035156,178.24000549316406,179.75999450683594,171.7669219970703,50105000
2019-03-21,179.22000122070312,182.8300018310547,179.1999969482422,182.57000732421875,174.4520263671875,42428500
2019-03-22,181.77999877929688,182.27000427246094,178.3699951171875,178.55999755859375,170.62033081054688,70794500
2019-03-25,177.91000366210938,178.83999633789062,176.92999267578125,178.22000122070312,170.2954559326172,46336500
2019-03-26,179.60000610351562,180.69000244140625,178.13999938964844,179.0500030517578,171.0885772705078,33248100
2019-03-27,179.32000732421875,179.72000122070312,176.60000610351562,177.89999389648438,169.98968505859375,37096700
2019-03-28,178.36000061035156,178.97999572753906,177.24000549316406,178.30999755859375,170.38143920898438,30368200
2019-03-29,179.69000244140625,179.8300018310547,178.58999633789062,179.66000366210938,171.67141723632812,35205500
2019-04-01,181.50999450683594,182.25999450683594,180.77000427246094,182.0399932861328,173.94557189941406,30969500
2019-04-02,182.24000549316406,182.91000366210938,181.77999877929688,182.72999572753906,174.60488891601562,22645200
2019-04-03,183.75999450683594,184.9199981689453,183.2100067138672,183.77999877929688,175.60824584960938,31633500
2019-04-04,183.8300018310547,184.5,182.64999389648438,183.7100067138672,175.54136657714844,28530800
2019-04-05,184.24000549316406,184.77000427246094,184.02000427246094,184.66000366210938,176.44912719726562,25674700
2019-04-08,184.36000061035156,185.27999877929688,183.6300048828125,185.1300048828125,176.898193359375,22697500
2019-04-09,184.5,185.11000061035156,184.08999633789062,184.47999572753906,176.27708435058594,25631900
2019-04-10,184.72000122070312,185.52999877929688,184.52000427246094,185.47000122070312,177.22303771972656,24563000
2019-04-11,185.77999877929688,185.77999877929688,184.69000244140625,185.02999877929688,176.80258178710938,20654100
2019-04-12,185.85000610351562,185.9499969482422,185.05999755859375,185.8300018310547,177.5670928955078,24989100
2019-04-15,185.83999633789062,186.07000732421875,184.6199951171875,185.86000061035156,177.5957489013672,21073000
2019-04-16,186.5399932861328,186.91000366210938,185.92999267578125,186.5,178.20729064941406,27195700
2019-04-17,187.75,187.92999267578125,186.60000610351562,187.14999389648438,178.828369140625,29651600
2019-04-18,187.4600067138672,187.7899932861328,186.2899932861328,187.38999938964844,179.05767822265625,28580900
2019-04-22,186.57000732421875,187.99000549316406,186.42999267578125,187.9199981689453,179.5641326904297,17936000
2019-04-23,188.39999389648438,190.5399932861328,188.1300048828125,190.30999755859375,181.8478546142578,33665600
2019-04-24,190.47000122070312,190.7100067138672,189.64999389648438,189.7100067138672,181.2745361328125,24977100
2019-04-25,191.1300048828125,191.22000122070312,189.4499969482422,190.47999572753906,182.01028442382812,29517500
2019-04-26,190.17999267578125,190.69000244140625,188.58999633789062,190.64999389648438,182.1727294921875,26359500
2019-04-29,190.64999389648438,191.32000732421875,190.33999633789062,191.02000427246094,182.5262451171875,21716200
2019-04-30,189.47999572753906,189.85000610351562,188.2100067138672,189.5399932861328,181.11212158203125,31495300
2019-05-01,190.77999877929688,191.32000732421875,188.8000030517578,188.92999267578125,180.5292510986328,34797100
2019-05-02,188.8699951171875,189.85000610351562,186.8699951171875,188.11000061035156,179.74566650390625,44110100
2019-05-03,189.6699981689453,191.25,189.3300018310547,191.11000061035156,182.61227416992188,30386200
2019-05-06,187.0500030517578,190.1999969482422,186.75999450683594,189.94000244140625,181.4943389892578,38371800
2019-05-07,187.8699951171875,188.6699981689453,184.50999450683594,186.24000549316406,177.95887756347656,58818100
2019-05-08,185.6300048828125,187.1699981689453,184.9600067138672,185.77000427246094,177.50975036621094,37165300
2019-05-09,183.6999969482422,185.41000366210938,182.08999633789062,184.77000427246094,176.55421447753906,55351700
2019-05-10,184.11000061035156,185.88999938964844,181.02999877929688,185,176.77395629882812,58526400
2019-05-13,180.2899932861328,181.25999450683594,178.05999755859375,178.5800018310547,170.63941955566406,67185800
2019-05-14,179.52000427246094,181.6300048828125,178.86000061035156,180.5399932861328,172.5122833251953,43360600
2019-05-15,179.35000610351562,183.5500030517578,179.30999755859375,183.08999633789062,174.9489288330078,40944500
2019-05-16,183.1699981689453,186.07000732421875,182.9499969482422,184.92999267578125,176.70709228515625,39281200
2019-05-17,183.10000610351562,185.5800018310547,182.8800048828125,183.0399932861328,174.90110778808594,44702300
2019-05-20,180.49000549316406,181.17999267578125,179.33999633789062,179.9499969482422,171.94850158691406,38608300
2019-05-21,181.5,182.3300018310547,180.9199981689453,181.8300018310547,173.7449493408203,31613800
2019-05-22,180.82000732421875,182.07000732421875,180.75,181.02000427246094,172.97093200683594,24332600
2019-05-23,178.94000244140625,179.02000427246094,177.13999938964844,178.25,170.3240966796875,45351300
2019-05-24,179.2100067138672,179.85000610351562,177.94000244140625,178.16000366210938,170.2380828857422,25903300
2019-05-28,178.66000366210938,179.66000366210938,177.47000122070312,177.49000549316406,169.59786987304688,24763800
2019-05-29,176.38999938964844,177,175.08999633789062,176.02999877929688,168.2028350830078,42178800
2019-05-30,176.5,177.27000427246094,175.77000427246094,176.77000427246094,168.90989685058594,30354800
2019-05-31,174.69000244140625,175.2899932861328,173.8699951171875,173.9499969482422,166.21530151367188,45446200
2019-06-03,173.47999572753906,173.9499969482422,169.27000427246094,170.1199951171875,162.55560302734375,75842300
2019-06-04,172.02999877929688,174.97000122070312,171.3699951171875,174.91000366210938,167.13265991210938,47797800
2019-06-05,176.5800018310547,176.61000061035156,174.3800048828125,176.2100067138672,168.37486267089844,34412700
2019-06-06,176.50999450683594,178.0399932861328,175.72999572753906,177.61000061035156,169.71255493164062,29913200
2019-06-07,178.55999755859375,181.77000427246094,178.3300018310547,181.0399932861328,172.99005126953125,45888300
2019-06-10,182.25,184.85000610351562,182.2100067138672,183.14999389648438,175.00621032714844,41385300
2019-06-11,185.05999755859375,185.39999389648438,182.77999877929688,183.39999389648438,175.24513244628906,41260300
2019-06-12,182.89999389648438,183.27999877929688,182,182.33999633789062,174.23228454589844,27758100
2019-06-13,183.10000610351562,183.8699951171875,182.74000549316406,183.4199981689453,175.2642059326172,23715800
2019-06-14,182.47999572753906,183.11000061035156,181.94000244140625,182.63999938964844,174.51890563964844,22844100
2019-06-17,183.0399932861328,184.25,182.83999633789062,183.74000549316406,175.5700225830078,20379500
2019-06-18,185.91000366210938,187.72000122070312,185.42999267578125,186.41000366210938,178.12124633789062,48177300
2019-06-19,186.66000366210938,187.52999877929688,185.57000732421875,187.11000061035156,178.7901611328125,31672900
2019-06-20,189.72000122070312,189.75999450683594,187.16000366210938,188.85000610351562,180.45278930664062,40922000
2019-06-21,188.6300048828125,189.77000427246094,188.1699981689453,188.57000732421875,180.1852569580078,39980400
2019-06-24,188.52999877929688,188.72000122070312,188.05999755859375,188.16000366210938,180.19100952148438,19375200
2019-06-25,188.02999877929688,188.13999938964844,184.64999389648438,184.92999267578125,177.09780883789062,33921100
2019-06-26,186.16000366210938,187.3300018310547,185.49000549316406,185.7899932861328,177.92137145996094,22595700
2019-06-27,186.4600067138672,186.94000244140625,185.99000549316406,186.5,178.6012725830078,19709200
2019-06-28,186.9499969482422,187.14999389648438,186.07000732421875,186.74000549316406,178.83114624023438,21179200
2019-07-01,190.32000732421875,190.57000732421875,188.3800048828125,189.25999450683594,181.24436950683594,31025600
2019-07-02,189.1999969482422,190.02999877929688,188.66000366210938,190.00999450683594,181.96261596679688,18035800
2019-07-03,190.49000549316406,191.44000244140625,190.2899932861328,191.44000244140625,183.33206176757812,15792100
2019-07-05,190.1300048828125,191.39999389648438,189.38999938964844,191.0500030517578,182.95855712890625,21415600
2019-07-08,189.80999755859375,189.8699951171875,188.92999267578125,189.7100067138672,181.67532348632812,17598800
2019-07-09,188.80999755859375,190.89999389648438,188.64999389648438,190.66000366210938,182.58511352539062,19193500
2019-07-10,191.82000732421875,193.08999633789062,191.47000122070312,192.55999755859375,184.40463256835938,28374500
2019-07-11,192.85000610351562,193.33999633789062,191.80999755859375,192.4199981689453,184.2705535888672,23736100
2019-07-12,192.6300048828125,193.5399932861328,192.4499969482422,193.52999877929688,185.33352661132812,20211900
2019-07-15,193.97999572753906,194.19000244140625,193.44000244140625,194.14999389648438,185.92727661132812,15606100
2019-07-16,193.91000366210938,194.08999633789062,192.55999755859375,193.14999389648438,184.96966552734375,20190900
2019-07-17,193.14999389648438,193.49000549316406,192.17999267578125,192.1999969482422,184.05984497070312,16765100
2019-07-18,191.2899932861328,192.7899932861328,190.69000244140625,192.4199981689453,184.2705535888672,28877000
2019-07-19,193.74000549316406,193.8300018310547,190.80999755859375,191.00999450683594,182.9202423095703,29387900
2019-07-22,191.44000244140625,192.94000244140625,191.44000244140625,192.52999877929688,184.37591552734375,18954900
2019-07-23,193.5800018310547,193.80999755859375,192.2899932861328,193.7899932861328,185.58250427246094,23786700
2019-07-24,193.0500030517578,195.16000366210938,193.02999877929688,195.14999389648438,186.88494873046875,20422900
2019-07-25,194.49000549316406,194.52000427246094,192.92999267578125,193.3000030517578,185.11326599121094,23434700
2019-07-26,194.52999877929688,195.5500030517578,194.42999267578125,195.2899932861328,187.0189971923828,20431200
2019-07-29,195.11000061035156,195.17999267578125,193.38999938964844,194.6199951171875,186.3773956298828,20451700
2019-07-30,193.1300048828125,194.5399932861328,192.99000549316406,193.77999877929688,185.57293701171875,18705000
2019-07-31,194.3000030517578,194.42999267578125,189.32000732421875,191.10000610351562,183.00645446777344,41627500
2019-08-01,191.42999267578125,194.97999572753906,189.22999572753906,190.14999389648438,182.09664916992188,63251600
2019-08-02,188.72000122070312,188.99000549316406,186.2100067138672,187.35000610351562,179.4152374267578,55214000
2019-08-05,183.42999267578125,183.50999450683594,179.1999969482422,180.72999572753906,173.07568359375,75040000
2019-08-06,182.39999389648438,183.8000030517578,181.07000732421875,183.25999450683594,175.49847412109375,41897200
2019-08-07,181.27000427246094,184.50999450683594,179.88999938964844,184.25,176.4465789794922,49990600
2019-08-08,185.0800018310547,188.32000732421875,184.57000732421875,188.25999450683594,180.28671264648438,38418100
2019-08-09,187.36000061035156,188,185.02999877929688,186.49000549316406,178.59173583984375,33608900
2019-08-12,185.33999633789062,185.89999389648438,183.5,184.35000610351562,176.5423583984375,24642900
2019-08-13,184.19000244140625,189.67999267578125,184.02000427246094,188.38999938964844,180.41122436523438,40241900
2019-08-14,185.36000061035156,185.9499969482422,182.4199981689453,182.75999450683594,175.01968383789062,51000500
2019-08-15,183,183.58999633789062,181.16000366210938,182.5500030517578,174.81861877441406,36685000
2019-08-16,184.2100067138672,185.9499969482422,184.10000610351562,185.47999572753906,177.62452697753906,32781400
2019-08-19,188.16000366210938,188.8300018310547,187.5,188.42999267578125,180.4495391845703,22494100
2019-08-20,187.9600067138672,188.63999938964844,186.9199981689453,186.97000122070312,179.05136108398438,19902900
2019-08-21,188.61000061035156,189.22999572753906,187.9600067138672,188.6300048828125,180.64108276367188,20418500
2019-08-22,188.97999572753906,189.4600067138672,186.5399932861328,188.02000427246094,180.0569305419922,24243700
2019-08-23,186.74000549316406,188.4499969482422,181.55999755859375,182.07000732421875,174.35894775390625,55372400
2019-08-26,184.13999938964844,184.8699951171875,183.0800018310547,184.82000732421875,176.992431640625,27598900
2019-08-27,186.11000061035156,186.4199981689453,183.7100067138672,184.42999267578125,176.6189422607422,28012800
2019-08-28,183.8300018310547,185.39999389648438,182.91000366210938,185.08999633789062,177.25100708007812,21792400
2019-08-29,187.38999938964844,188.4600067138672,186.67999267578125,187.9199981689453,179.96115112304688,25358900
2019-08-30,188.92999267578125,188.97000122070312,186.41000366210938,187.47000122070312,179.53021240234375,26319800
2019-09-03,186.22000122070312,187.17999267578125,185.02999877929688,185.64999389648438,177.7872772216797,27964200
2019-09-04,187.44000244140625,188.49000549316406,186.89999389648438,188.3300018310547,180.3538055419922,21592100
2019-09-05,190.41000366210938,192.3300018310547,190.33999633789062,191.77999877929688,183.65768432617188,33932600
2019-09-06,192.10000610351562,192.1699981689453,191.1699981689453,191.58999633789062,183.47567749023438,19487800
2019-09-09,192.19000244140625,192.27000427246094,190.22000122070312,191.19000244140625,183.09263610839844,24407600
2019-09-10,190.16000366210938,190.74000549316406,188.91000366210938,190.63999938964844,182.5659637451172,23744700
2019-09-11,191,192.52999877929688,190.55999755859375,192.42999267578125,184.2801055908203,25063600
2019-09-12,193.61000061035156,194.7100067138672,192.97000122070312,193.22999572753906,185.0462188720703,28689900
2019-09-13,192.9499969482422,193.39999389648438,192.2899932861328,192.5399932861328,184.38546752929688,27669800
2019-09-16,191.3000030517578,192.0800018310547,191.11000061035156,191.67999267578125,183.5618896484375,20319000
2019-09-17,191.6999969482422,192.60000610351562,191.2899932861328,192.60000610351562,184.4429168701172,20953400
2019-09-18,192.1999969482422,192.60000610351562,190.11000061035156,192.52000427246094,184.3663330078125,29781300
2019-09-19,192.86000061035156,194.0399932861328,192.47000122070312,192.83999633789062,184.67276000976562,26039400
2019-09-20,193.11000061035156,193.30999755859375,190.16000366210938,190.8000030517578,182.7191619873047,29086100
2019-09-23,190.36000061035156,191.07000732421875,189.72000122070312,190.5,182.79971313476562,22485900
2019-09-24,191.3699951171875,191.7899932861328,187.14999389648438,187.97000122070312,180.3720245361328,40820700
2019-09-25,187.77999877929688,190.5800018310547,186.2100067138672,190.0800018310547,182.396728515625,34704900
2019-09-26,189.8300018310547,190,187.97999572753906,189.3800048828125,181.72503662109375,26826000
2019-09-27,189.72999572753906,189.8300018310547,185.75,187.02999877929688,179.47003173828125,40773500
2019-09-30,187.7899932861328,189.11000061035156,187.39999389648438,188.80999755859375,181.17808532714844,26307700
2019-10-01,189.5,190.58999633789062,186.9600067138672,187.27000427246094,179.70033264160156,32367600
2019-10-02,186,186.02999877929688,183.02000427246094,184.0500030517578,176.6104736328125,48544300
2019-10-03,184.02999877929688,186.2100067138672,181.82000732421875,186.07000732421875,178.548828125,39392500
2019-10-04,187.0800018310547,189.0800018310547,186.8800048828125,188.80999755859375,181.17808532714844,31887600
2019-10-07,188.27000427246094,189.74000549316406,187.91000366210938,188.24000549316406,180.631103515625,21216000
2019-10-08,187.05999755859375,187.86000061035156,185.27000427246094,185.4199981689453,177.9250946044922,32379300
2019-10-09,186.99000549316406,188.0800018310547,186.42999267578125,187.22999572753906,179.6619415283203,20147400
2019-10-10,187.27999877929688,189.42999267578125,187.1199951171875,188.67999267578125,181.05331420898438,25177700
2019-10-11,190.8300018310547,192.6300048828125,190.72000122070312,191.11000061035156,183.3851318359375,40976700
2019-10-14,190.83999633789062,191.6999969482422,190.64999389648438,191.08999633789062,183.3658905029297,14975000
2019-10-15,191.67999267578125,193.97000122070312,191.55999755859375,193.52000427246094,185.69769287109375,23234200
2019-10-16,192.86000061035156,193.52999877929688,192.42999267578125,193.0399932861328,185.23709106445312,20457100
2019-10-17,194.1999969482422,194.5,192.80999755859375,193.5500030517578,185.72647094726562,19045200
2019-10-18,193.1999969482422,193.6699981689453,190.7100067138672,191.69000244140625,183.94168090820312,27700800
2019-10-21,192.7100067138672,193.52000427246094,192.13999938964844,193.38999938964844,185.572998046875,15801200
2019-10-22,194.14999389648438,194.4199981689453,191.7899932861328,191.85000610351562,184.09518432617188,22392300
2019-10-23,191.4600067138672,192.25999450683594,191.14999389648438,192.22000122070312,184.4502410888672,14828400
2019-10-24,193.58999633789062,194.2100067138672,192.74000549316406,194.08999633789062,186.24465942382812,18998500
2019-10-25,193.08999633789062,195.74000549316406,193.0500030517578,195.63999938964844,187.73202514648438,21507100
2019-10-28,196.5500030517578,197.8300018310547,196.5500030517578,197.57000732421875,189.58396911621094,18818700
2019-10-29,197.24000549316406,197.5399932861328,196.00999450683594,196.0399932861328,188.11581420898438,18569700
2019-10-30,196.4199981689453,197.32000732421875,195.2899932861328,196.99000549316406,189.02745056152344,21764300
2019-10-31,197.55999755859375,197.64999389648438,195.94000244140625,197.0800018310547,189.11376953125,26801800
2019-11-01,197.92999267578125,198.8800048828125,197.6300048828125,198.8699951171875,190.83143615722656,22131900
2019-11-04,200.19000244140625,200.52999877929688,198.8699951171875,200.10000610351562,192.01173400878906,19015900
2019-11-05,200.35000610351562,200.5500030517578,199.5500030517578,200.2100067138672,192.11727905273438,15048900
2019-11-06,199.97999572753906,200,198.7899932861328,199.75999450683594,191.68544006347656,19725500
2019-11-07,200.75999450683594,201.72000122070312,199.85000610351562,200.42999267578125,192.32833862304688,17832400
2019-11-08,200.07000732421875,201.25,199.5399932861328,201.22999572753906,193.09603881835938,15258800
2019-11-11,200.2100067138672,201.0399932861328,199.94000244140625,200.9600067138672,192.83697509765625,10147600
2019-11-12,201.1300048828125,202.2100067138672,200.82000732421875,201.5399932861328,193.3935089111328,14778300
2019-11-13,200.83999633789062,201.77999877929688,200.7100067138672,201.58999633789062,193.4414825439453,15774600
2019-11-14,200.8300018310547,201.55999755859375,200.22000122070312,201.42999267578125,193.28794860839844,16945400
2019-11-15,202.64999389648438,202.91000366210938,202,202.91000366210938,194.7081298828125,18427900
2019-11-18,202.58999633789062,203.38999938964844,201.77000427246094,203.07000732421875,194.86167907714844,18365900
2019-11-19,203.83999633789062,203.83999633789062,202.58999633789062,203.3699951171875,195.14959716796875,16923300
2019-11-20,202.83999633789062,203.4499969482422,200.6199951171875,202.14999389648438,193.97882080078125,36629000
2019-11-21,201.92999267578125,202.07000732421875,201.07000732421875,201.6999969482422,193.5470733642578,17883600
2019-11-22,202.1999969482422,202.32000732421875,200.74000549316406,201.8300018310547,193.6717987060547,17189600
2019-11-25,202.6999969482422,204.25999450683594,202.6699981689453,204.22000122070312,195.96519470214844,17752800
2019-11-26,204.35000610351562,204.8699951171875,204.0500030517578,204.61000061035156,196.33946228027344,14780600
2019-11-27,205.13999938964844,206.0500030517578,204.88999938964844,206.0399932861328,197.71160888671875,16963100
2019-11-29,205.52000427246094,205.8300018310547,205,205.10000610351562,196.8096466064453,9854600
2019-12-02,205.11000061035156,205.17999267578125,201.77999877929688,203,194.79452514648438,28007000
2019-12-03,200.2100067138672,201.49000549316406,199.22999572753906,201.41000366210938,193.26876831054688,31104100
2019-12-04,202.44000244140625,202.91000366210938,202.13999938964844,202.42999267578125,194.24757385253906,15300100
2019-12-05,203.14999389648438,203.14999389648438,201.83999633789062,202.8300018310547,194.63136291503906,14962300
2019-12-06,204.30999755859375,205.14999389648438,204.14999389648438,205,196.71363830566406,16555300
2019-12-09,204.6300048828125,205.58999633789062,203.97999572753906,204.07000732421875,195.8212432861328,13984100
2019-12-10,204.1699981689453,204.8800048828125,203.44000244140625,203.89999389648438,195.65811157226562,21799800
2019-12-11,204.36000061035156,205.19000244140625,204.0399932861328,204.97999572753906,196.69448852539062,18780800
2019-12-12,204.77000427246094,207.32000732421875,204.49000549316406,206.50999450683594,198.1626434326172,32612000
2019-12-13,206.39999389648438,207.91000366210938,205.9600067138672,207.19000244140625,198.8151397705078,32519400
2019-12-16,208.5500030517578,209.52999877929688,208.47999572753906,209.27000427246094,200.81106567382812,21296600
2019-12-17,209.5399932861328,209.7100067138672,209.0399932861328,209.38999938964844,200.9262237548828,15996100
2019-12-18,209.57000732421875,210.1300048828125,209.3300018310547,209.5500030517578,201.07977294921875,15443300
2019-12-19,209.63999938964844,210.92999267578125,209.6199951171875,210.86000061035156,202.3367919921875,17865900
2019-12-20,211.86000061035156,212.52000427246094,211.27000427246094,211.7100067138672,203.1524658203125,27672600
2019-12-23,212,212.14999389648438,211.6300048828125,211.80999755859375,203.6890869140625,23774700
2019-12-24,212,212.08999633789062,211.44000244140625,211.9199981689453,203.79483032226562,7089000
2019-12-26,212.25999450683594,213.80999755859375,212.22999572753906,213.7899932861328,205.5931396484375,17067500
2019-12-27,214.5399932861328,214.55999755859375,213.0399932861328,213.61000061035156,205.42005920410156,18134100
2019-12-30,213.5,213.6300048828125,211.16000366210938,212.2100067138672,204.0736846923828,21815500
2019-12-31,211.52999877929688,212.75999450683594,211.1999969482422,212.61000061035156,204.45835876464844,18170900
2020-01-02,214.39999389648438,216.16000366210938,213.97999572753906,216.16000366210938,207.8722686767578,30969400
2020-01-03,213.3000030517578,215.47000122070312,213.27999877929688,214.17999267578125,205.96815490722656,27518900
2020-01-06,212.5,215.58999633789062,212.24000549316406,215.55999755859375,207.29525756835938,21655300
2020-01-07,215.63999938964844,216.13999938964844,214.85000610351562,215.52999877929688,207.2664337158203,22139300
2020-01-08,215.5,218.13999938964844,215.16000366210938,217.14999389648438,208.82431030273438,26397300
2020-01-09,218.94000244140625,219.41000366210938,217.7100067138672,218.99000549316406,210.59375,23547000
2020-01-10,219.85000610351562,219.8699951171875,218.0399932861328,218.42999267578125,210.05519104003906,21898500
2020-01-13,219.3300018310547,220.97999572753906,218.97999572753906,220.9499969482422,212.47857666015625,22756900
2020-01-14,220.83999633789062,221.2100067138672,219.74000549316406,220.0800018310547,211.64198303222656,24418100
2020-01-15,220.1999969482422,221.1999969482422,219.4499969482422,220.1699981689453,211.72850036621094,25742100
2020-01-16,221.27000427246094,222.32000732421875,220.8000030517578,222.27999877929688,213.75758361816406,18805000
2020-01-17,223.27999877929688,223.55999755859375,222.1199951171875,223.3800048828125,214.8154754638672,24325200
2020-01-21,222.75999450683594,223.83999633789062,222.66000366210938,223.27999877929688,214.71926879882812,21146300
2020-01-22,224.41000366210938,225.14999389648438,223.58999633789062,223.8699951171875,215.28665161132812,20736400
2020-01-23,223.74000549316406,224.69000244140625,222.6999969482422,224.58999633789062,215.97903442382812,26496100
2020-01-24,225.63999938964844,225.8800048828125,221.6699981689453,222.6999969482422,214.16152954101562,37436500
2020-01-27,217.6699981689453,219.27999877929688,217.17999267578125,218.10000610351562,209.7378692626953,42264400
2020-01-28,219.63999938964844,221.9600067138672,219.05999755859375,221.4499969482422,212.95948791503906,26731900
2020-01-29,222.67999267578125,222.92999267578125,220.8300018310547,221.80999755859375,213.30560302734375,28924500
2020-01-30,220.3800048828125,222.6999969482422,219.69000244140625,222.60000610351562,214.0653839111328,39568100
2020-01-31,223.52999877929688,223.55999755859375,218.2899932861328,219.07000732421875,210.67068481445312,52015800
2020-02-03,220.13999938964844,222.88999938964844,219.99000549316406,222.3800048828125,213.8538055419922,25408600
2020-02-04,225.4199981689453,227.86000061035156,224.64999389648438,227.47000122070312,218.7486114501953,30691200
2020-02-05,230.2100067138672,230.25,226.85000610351562,228.22000122070312,219.46990966796875,38534800
2020-02-06,228.7899932861328,230.25,227.97999572753906,230.19000244140625,221.36434936523438,22467100
2020-02-07,229.16000366210938,230.44000244140625,228.5399932861328,229.1999969482422,220.4123077392578,25884900
2020-02-10,228.44000244140625,231.97999572753906,228.3800048828125,231.97000122070312,223.0761260986328,21478900
2020-02-11,233.25,234.02000427246094,231.39999389648438,232.00999450683594,223.11456298828125,30198000
2020-02-12,233.3800048828125,234.3800048828125,232.8000030517578,234.27000427246094,225.28790283203125,24471300
2020-02-13,232.63999938964844,234.92999267578125,232.36000061035156,233.97000122070312,224.9994354248047,22773200
2020-02-14,234.33999633789062,234.86000061035156,233.5500030517578,234.63999938964844,225.64376831054688,23438500
2020-02-18,233.5,235.1699981689453,233.25,234.72999572753906,225.7302703857422,24394500
2020-02-19,236.1300048828125,237.47000122070312,235.85000610351562,236.97999572753906,227.8939971923828,22230500
2020-02-20,236.4600067138672,236.9499969482422,231.8800048828125,234.77999877929688,225.77830505371094,42604000
2020-02-21,233.61000061035156,234.00999450683594,229.32000732421875,230.27000427246094,221.4412841796875,66017200
2020-02-24,221.67999267578125,224.25,220.25999450683594,221.38999938964844,212.90171813964844,84522600
2020-02-25,223.25,223.99000549316406,214.74000549316406,215.3699951171875,207.11253356933594,97743000
2020-02-26,216.7100067138672,220.27999877929688,214.89999389648438,216.47999572753906,208.1800079345703,79537700
2020-02-27,210.89999389648438,216.4199981689453,205.5,205.63999938964844,197.755615234375,121822600
2020-02-28,198.63999938964844,207.1699981689453,198.1699981689453,205.8000030517578,197.90951538085938,148173700
2020-03-02,208.8800048828125,216.57000732421875,205.94000244140625,216.4199981689453,208.122314453125,112933900
2020-03-03,217.11000061035156,219.61000061035156,207.6199951171875,209.47999572753906,201.4483642578125,131953500
2020-03-04,213.32000732421875,218.3300018310547,211.3699951171875,218.22000122070312,209.8533172607422,73086200
2020-03-05,212.69000244140625,216.36000061035156,210.10000610351562,211.58999633789062,203.47747802734375,78705500
2020-03-06,204.6699981689453,209.14999389648438,202.91000366210938,208.02000427246094,200.0443572998047,89828400
2020-03-09,193.47999572753906,201.16000366210938,192.11000061035156,193.57000732421875,186.14837646484375,116424000
2020-03-10,201.11000061035156,204.3000030517578,193.67999267578125,204.11000061035156,196.2843017578125,100599200
2020-03-11,199.35000610351562,200.75,192.72999572753906,195.22000122070312,187.73513793945312,89168800
2020-03-12,182.08999633789062,190.77999877929688,176.94000244140625,177.32000732421875,170.52142333984375,137820700
2020-03-13,187.07000732421875,194.47999572753906,178.1300048828125,192.33999633789062,184.9655303955078,134882000
2020-03-16,174.14999389648438,184.67999267578125,169.16000366210938,169.3000030517578,162.80894470214844,92054400
2020-03-17,175.47000122070312,184.38999938964844,169.77999877929688,182.13999938964844,175.15663146972656,121257100
2020-03-18,171.61000061035156,179.22000122070312,166.8000030517578,176.60000610351562,169.8290252685547,114156300
2020-03-19,175.69000244140625,183.49000549316406,171.6300048828125,177.66000366210938,170.84837341308594,120896500
2020-03-20,181.74000549316406,182.8699951171875,170.10000610351562,170.6999969482422,164.15521240234375,118983900
2020-03-23,170.9199981689453,174.2100067138672,164.92999267578125,170.4600067138672,164.27378845214844,124639800
2020-03-24,179.91000366210938,183.8300018310547,177.9499969482422,183.66000366210938,176.99473571777344,94881800
2020-03-25,184.4199981689453,189.50999450683594,179.97999572753906,182.3000030517578,175.68408203125,88754900
2020-03-26,183.8699951171875,192.72000122070312,183.61000061035156,191.89999389648438,184.93568420410156,79887600
2020-03-27,186.92999267578125,190.50999450683594,184.66000366210938,185.3000030517578,178.57518005371094,58845000
2020-03-30,187.05999755859375,192.49000549316406,186.33999633789062,192.0399932861328,185.07058715820312,49356900
2020-03-31,191.72000122070312,195.25,189.1999969482422,190.39999389648438,183.4901580810547,62659300
2020-04-01,184.77000427246094,187.66000366210938,180.86000061035156,182.30999755859375,175.6937255859375,53715400
2020-04-02,181.24000549316406,190.10000610351562,180.97000122070312,186.00999450683594,179.2594451904297,56465300
2020-04-03,185.5500030517578,187.07000732421875,181.2899932861328,183.3699951171875,176.71519470214844,47487600
2020-04-06,190.47999572753906,197.64999389648438,189.19000244140625,196.47999572753906,189.34942626953125,64763500
2020-04-07,202.3699951171875,202.66000366210938,196,196.39999389648438,189.27236938476562,69904500
2020-04-08,198.14999389648438,201.1699981689453,196.1699981689453,200.57000732421875,193.291015625,45940400
2020-04-09,202.35000610351562,203.22000122070312,199.02999877929688,200.86000061035156,193.57052612304688,68252600
2020-04-13,200,203.4199981689453,198.75,203.02999877929688,195.6617431640625,42853900
2020-04-14,207.22999572753906,212.5,206.4199981689453,211.86000061035156,204.17129516601562,63959600
2020-04-15,208.47999572753906,211.8300018310547,207.1199951171875,209.42999267578125,201.82948303222656,47036000
2020-04-16,211.69000244140625,214.3699951171875,209.69000244140625,213.25,205.51080322265625,64657400
2020-04-17,216.1699981689453,216.50999450683594,212.0800018310547,215.2899932861328,207.47683715820312,62863200
2020-04-20,213.36000061035156,215.8800048828125,212.57000732421875,212.74000549316406,205.0193634033203,38249100
2020-04-21,210.60000610351562,211.16000366210938,203.6300048828125,204.88999938964844,197.45423889160156,72932800
2020-04-22,209.10000610351562,212.35000610351562,208.3300018310547,210.97000122070312,203.31361389160156,40089100
2020-04-23,211.7899932861328,214.44000244140625,210.10000610351562,210.52000427246094,202.8798828125,43278500
2020-04-24,210.97000122070312,214.3000030517578,209.5,213.83999633789062,206.07943725585938,34231900
2020-04-27,216.19000244140625,216.6300048828125,214.5,215.55999755859375,207.7369842529297,36451700
2020-04-28,217.32000732421875,217.32000732421875,211.2100067138672,211.5,203.8243865966797,46862800
2020-04-29,216.19000244140625,219.97000122070312,215.13999938964844,219,211.05221557617188,48716400
2020-04-30,219.9499969482422,220.0399932861328,217.35000610351562,218.91000366210938,210.96542358398438,43359500
2020-05-01,214.5,216.6699981689453,211.67999267578125,212.74000549316406,205.0193634033203,48795000
2020-05-04,211.4600067138672,215.4499969482422,211.1199951171875,215.22000122070312,207.4093780517578,32841000
2020-05-05,217.44000244140625,220.13999938964844,216.85000610351562,217.66000366210938,209.7608184814453,37783100
2020-05-06,219.39999389648438,221.0399932861328,218.11000061035156,219,211.05221557617188,36455200
2020-05-07,221.82000732421875,222.72999572753906,220.4199981689453,221.82000732421875,213.7698516845703,38624800
2020-05-08,223.5500030517578,225,222.47999572753906,224.86000061035156,216.69952392578125,31852300
2020-05-11,223.49000549316406,227.92999267578125,223.25,226.8699951171875,218.63653564453125,35714100
2020-05-12,227.49000549316406,228.10000610351562,222.08999633789062,222.1199951171875,214.05897521972656,41054100
2020-05-13,222.66000366210938,224.61000061035156,216.7100067138672,219.33999633789062,211.3798370361328,65521200
2020-05-14,217.97000122070312,221.8699951171875,215.99000549316406,221.8300018310547,213.77947998046875,51549300
2020-05-15,218.77999877929688,223.3300018310547,218.3300018310547,223.27000427246094,215.167236328125,55747200
2020-05-18,226.27999877929688,228.67999267578125,225.47000122070312,227.42999267578125,219.17623901367188,42398100
2020-05-19,227.6999969482422,229.85000610351562,226.7100067138672,226.86000061035156,218.6269073486328,36237300
2020-05-20,229.5,231.75999450683594,229.47999572753906,231.38999938964844,222.9925537109375,37417000
2020-05-21,231.44000244140625,232.13999938964844,228.33999633789062,228.8699951171875,220.56396484375,43642900
2020-05-22,228.4499969482422,229.8699951171875,227.5,229.66000366210938,221.32530212402344,28762400
2020-05-26,233.36000061035156,233.57000732421875,228.7899932861328,229.0399932861328,220.727783203125,33055300
2020-05-27,228.69000244140625,230.41000366210938,223.94000244140625,230.2899932861328,221.93246459960938,55665600
2020-05-28,229.11000061035156,233.47000122070312,229.0500030517578,229.99000549316406,221.6433563232422,42784300
2020-05-29,230.3800048828125,233.60000610351562,228.75999450683594,233.36000061035156,224.8910369873047,50691800
2020-06-01,232.4600067138672,234.4499969482422,232,234.05999755859375,225.5655975341797,25776000
2020-06-02,234.5,235.69000244140625,232.00999450683594,235.6300048828125,227.07864379882812,33383400
2020-06-03,236.25999450683594,237.47000122070312,235.35000610351562,236.69000244140625,228.1002197265625,37228700
2020-06-04,236.3300018310547,237.7899932861328,233.67999267578125,235.02999877929688,226.50042724609375,38716100
2020-06-05,236.22000122070312,240.3000030517578,235.6300048828125,239.69000244140625,230.9913330078125,47365600
2020-06-08,239.5399932861328,241.67999267578125,237.91000366210938,241.5500030517578,232.78379821777344,32937300
2020-06-09,240.66000366210938,244.17999267578125,240.47000122070312,243.3000030517578,234.47032165527344,35046300
2020-06-10,245.0500030517578,247.82000732421875,244.50999450683594,246.22000122070312,237.2843017578125,58084400
2020-06-11,242.16000366210938,243.58999633789062,233.9600067138672,234.02000427246094,225.527099609375,72919400
2020-06-12,239.08999633789062,240.39999389648438,231.74000549316406,235.8800048828125,227.31961059570312,72034800
2020-06-15,232.44000244140625,239.4499969482422,231.47000122070312,238.75,230.08546447753906,45307400
2020-06-16,243.77999877929688,244.38999938964844,239.10000610351562,242.85000610351562,234.03665161132812,48890100
2020-06-17,244.39999389648438,245.5,242.72999572753906,243.6199951171875,234.77867126464844,34749300
2020-06-18,243.2899932861328,244.52999877929688,242.49000549316406,244.27999877929688,235.4147186279297,30578600
2020-06-19,246.72999572753906,247,242.4499969482422,244.24000549316406,235.37620544433594,49422100
2020-06-22,243.67999267578125,246.8699951171875,243.3800048828125,246.74000549316406,238.198974609375,24068700
2020-06-23,248.38999938964844,251.14999389648438,247.82000732421875,248.83999633789062,240.22625732421875,32767400
2020-06-24,248.05999755859375,249.3300018310547,242.16000366210938,243.7100067138672,235.27391052246094,46032400
2020-06-25,243.8000030517578,246.33999633789062,241.13999938964844,246.02999877929688,237.5135498046875,36940800
2020-06-26,245.77999877929688,245.9600067138672,239.67999267578125,240.22000122070312,231.90464782714844,52824600
2020-06-29,239.97000122070312,242.85000610351562,237.35000610351562,242.83999633789062,234.43397521972656,34377800
2020-06-30,242.77000427246094,248.16000366210938,242.5800018310547,247.60000610351562,239.02919006347656,38909200
2020-07-01,247.63999938964844,251.52000427246094,247.0800018310547,250.49000549316406,241.81918334960938,34689200
2020-07-02,253.02000427246094,254.27000427246094,251.7100067138672,252.19000244140625,243.46035766601562,31956500
2020-07-06,255.4499969482422,258.92999267578125,255.42999267578125,258.3900146484375,249.4456787109375,34589000
2020-07-07,258.1300048828125,260.8800048828125,256.29998779296875,256.6099853515625,247.72727966308594,36578200
2020-07-08,257.9800109863281,260.0199890136719,256.5,259.989990234375,250.9903106689453,30426300
2020-07-09,261.9700012207031,262.8699951171875,257.6300048828125,262.17999267578125,253.10447692871094,40312900
2020-07-10,262.0299987792969,264.2300109863281,259.260009765625,263.9700012207031,254.83258056640625,32885300
2020-07-13,266.9100036621094,269.7900085449219,257.69000244140625,258.5400085449219,249.59046936035156,64108100
2020-07-14,255.92999267578125,260.7900085449219,252.75999450683594,260.3699951171875,251.35714721679688,72230500
2020-07-15,261.8299865722656,262.69000244140625,257.489990234375,260.8999938964844,251.86883544921875,54523900
2020-07-16,258.0199890136719,259.7799987792969,255.6199951171875,259.1199951171875,250.1504364013672,47594100
2020-07-17,259.5899963378906,260.30999755859375,257.1700134277344,259.4200134277344,250.44004821777344,35137900
2020-07-20,260.0799865722656,267.42999267578125,258.7900085449219,266.7799987792969,257.5452880859375,40610100
2020-07-21,268.3999938964844,268.4100036621094,263.1300048828125,264,254.8614959716797,43243800
2020-07-22,264.510009765625,265.8900146484375,262.54998779296875,264.92999267578125,255.7593231201172,29865500
2020-07-23,264.510009765625,265.239990234375,256.54998779296875,258.010009765625,249.07888793945312,51363500
2020-07-24,254.0399932861328,256.92999267578125,251.32000732421875,255.55999755859375,246.71368408203125,54054500
2020-07-27,257.260009765625,260.5199890136719,256.45001220703125,260.1199951171875,251.11581420898438,36445700
2020-07-28,259.30999755859375,259.8500061035156,256.510009765625,256.80999755859375,247.92037963867188,31302400
2020-07-29,258.3999938964844,260.6600036621094,257.9100036621094,259.7699890136719,250.7779541015625,27556900
2020-07-30,257.739990234375,261.7099914550781,256.54998779296875,261.1300048828125,252.09085083007812,41774500
2020-07-31,265.9100036621094,265.95001220703125,260.8500061035156,265.7900085449219,256.5894775390625,53686300
2020-08-03,268,270.1499938964844,267.8699951171875,269.3800048828125,260.0552673339844,32081600
2020-08-04,268.8599853515625,270.4800109863281,268.0899963378906,270.3800048828125,261.0206298828125,24911300
2020-08-05,270.8800048828125,271.5199890136719,269.9599914550781,271.04998779296875,261.66754150390625,21612100
2020-08-06,270.8500061035156,274.9800109863281,270.19000244140625,274.6400146484375,265.1332092285156,28048200
2020-08-07,274.0799865722656,274.8800048828125,269.25,271.4700012207031,262.0729064941406,44969400
2020-08-10,271.7699890136719,271.9800109863281,266.6700134277344,270.30999755859375,260.95306396484375,35088400
2020-08-11,269.1099853515625,270.44000244140625,264.6300048828125,265.19000244140625,256.01031494140625,43104300
2020-08-12,267.4200134277344,272.8399963378906,267.3699951171875,271.8599853515625,262.44940185546875,38773400
2020-08-13,272.6600036621094,274.8299865722656,271.510009765625,272.4800109863281,263.0479431152344,31895700
2020-08-14,273.1199951171875,273.3999938964844,270.7200012207031,272.1600036621094,262.73907470703125,30799500
2020-08-17,273.92999267578125,275.8399963378906,272.20001220703125,275.32000732421875,265.7896423339844,24803000
2020-08-18,276.4200134277344,278.4599914550781,274.9100036621094,277.9700012207031,268.347900390625,23529500
2020-08-19,277.92999267578125,279.0199890136719,275.57000732421875,276.1000061035156,266.5426330566406,31999400
2020-08-20,275.2799987792969,280.42999267578125,274.8599853515625,279.92999267578125,270.2400817871094,27723400
2020-08-21,280.1300048828125,282.3399963378906,279.4599914550781,281.8699951171875,272.11285400390625,34748900
2020-08-24,285.25,286,281.2699890136719,283.6300048828125,273.81201171875,36418500
2020-08-25,282.8299865722656,286.05999755859375,282.3699951171875,285.8599853515625,275.96478271484375,34866600
2020-08-26,287.1499938964844,292.2200012207031,285.8299865722656,291.9599914550781,281.85369873046875,42216700
2020-08-27,292.9700012207031,293.8500061035156,288.7099914550781,291.04998779296875,280.9751281738281,49482700
2020-08-28,292.3299865722656,293.17999267578125,290.92999267578125,292.5299987792969,282.4039306640625,28021000
2020-08-31,293.07000732421875,296.75,292.6199951171875,294.8800048828125,284.6725769042969,36321000
2020-09-01,297.6199951171875,300.0400085449219,295.7900085449219,299.9200134277344,289.5381164550781,36216200
2020-09-02,303.2799987792969,303.5,296.8900146484375,302.760009765625,292.27978515625,50836800
2020-09-03,298.1000061035156,298.6199951171875,284.4100036621094,287.4100036621094,277.461181640625,110083300
2020-09-04,285.55999755859375,288.92999267578125,271.79998779296875,283.5799865722656,273.763671875,123959000
2020-09-08,272.2200012207031,278.2200012207031,269.6600036621094,269.95001220703125,260.6055603027344,99568600
2020-09-09,275.6400146484375,280.04998779296875,273,277.8800048828125,268.26104736328125,64837900
2020-09-10,280.94000244140625,282.20001220703125,270.55999755859375,272.3399963378906,262.9128112792969,69667500
2020-09-11,274.1499938964844,275.2200012207031,266.8999938964844,270.45001220703125,261.0882568359375,71809000
2020-09-14,274.3599853515625,277.2200012207031,272.9599914550781,275.1600036621094,265.6352233886719,38525200
2020-09-15,279.0299987792969,280.45001220703125,275.1300048828125,279.05999755859375,269.4002380371094,41849900
2020-09-16,279.8800048828125,280.3599853515625,274.25,274.6099853515625,265.1042175292969,42321000
2020-09-17,267.54998779296875,274.3999938964844,266.67999267578125,270.32000732421875,260.9627380371094,81570800
2020-09-18,271.7900085449219,272.0899963378906,262.6300048828125,266.8699951171875,257.6322326660156,86251100
2020-09-21,262.4700012207031,267.6499938964844,260.1099853515625,267.510009765625,258.25,57168600
2020-09-22,269.989990234375,273.0799865722656,266.5400085449219,272.4800109863281,263.0479431152344,41128900
2020-09-23,272.1499938964844,272.3399963378906,263.25,264.1600036621094,255.0159149169922,48837300
2020-09-24,261.3900146484375,268.70001220703125,261.2200012207031,265.3900146484375,256.20343017578125,70631700
2020-09-25,265.9100036621094,272.3999938964844,264.29998779296875,271.55999755859375,262.1597595214844,55242400
2020-09-28,276.5799865722656,277.20001220703125,271.6700134277344,277.20001220703125,267.6046142578125,58438300
2020-09-29,276.6199951171875,277.7099914550781,275.3699951171875,275.95001220703125,266.3979187011719,27050000
2020-09-30,276.1499938964844,281.0899963378906,275.8699951171875,277.8399963378906,268.2224426269531,49380800
2020-10-01,281.7900085449219,282.8800048828125,279.8399963378906,282.25,272.47979736328125,50020200
2020-10-02,276.0199890136719,282.239990234375,273.44000244140625,274.30999755859375,264.81463623046875,75497400
2020-10-05,276.3399963378906,280.489990234375,276.2300109863281,280.1600036621094,270.46209716796875,28184600
2020-10-06,279.45001220703125,281.19000244140625,274.25,275.1600036621094,265.6352233886719,49704200
2020-10-07,277.8900146484375,280.739990234375,277.2799987792969,279.9200134277344,270.2303161621094,27539700
2020-10-08,282.3999938964844,282.4700012207031,280.30999755859375,281.4100036621094,271.6688537597656,25443300
2020-10-09,283.1099853515625,285.7900085449219,282.7099914550781,285.7099914550781,275.82000732421875,30201100
2020-10-12,290.54998779296875,297.4599914550781,289.4700012207031,294.5299987792969,284.334716796875,79370700
2020-10-13,296.3900146484375,297.04998779296875,293.1099853515625,294.5199890136719,284.3249816894531,64240000
2020-10-14,295.3500061035156,296.3500061035156,290.260009765625,292.05999755859375,281.95013427734375,36949100
2020-10-15,287.20001220703125,290.7099914550781,286.5400085449219,290.1000061035156,280.05804443359375,42514200
2020-10-16,291.79998779296875,293.2699890136719,288.1499938964844,288.510009765625,278.5231018066406,40570700
2020-10-19,290.489990234375,291.4800109863281,282.7900085449219,283.79998779296875,273.97607421875,36756800
2020-10-20,284.55999755859375,287.6199951171875,282.95001220703125,284.4100036621094,274.5650329589844,32195400
2020-10-21,284.6700134277344,287.32000732421875,283.69000244140625,284.19000244140625,274.3526306152344,29306100
2020-10-22,285.04998779296875,285.9800109863281,280.82000732421875,284.17999267578125,274.3429260253906,32196200
2020-10-23,284.7699890136719,284.9100036621094,281.7799987792969,284.739990234375,274.88360595703125,24658500
2020-10-26,282.3800048828125,285.29998779296875,276.760009765625,280.4700012207031,270.7613830566406,38421100
2020-10-27,281.5,283.510009765625,280.20001220703125,282.6600036621094,272.87567138671875,30559100
2020-10-28,278.010009765625,278.6400146484375,271.3800048828125,271.6400146484375,262.23699951171875,53413500
2020-10-29,273,279.489990234375,272.5199890136719,276.3900146484375,266.8226013183594,43246300
2020-10-30,274.3399963378906,275.239990234375,267.07000732421875,269.3800048828125,260.0552673339844,65838300
2020-11-02,271.8500061035156,273.5199890136719,266.9700012207031,269.9800109863281,260.6345520019531,39987400
2020-11-03,271.9599914550781,276.82000732421875,270.8399963378906,274.6499938964844,265.1428527832031,43604100
2020-11-04,283.5899963378906,288.7699890136719,281.8699951171875,286.9100036621094,276.9784240722656,75728200
2020-11-05,293.5299987792969,295.3900146484375,292,294.3900146484375,284.1996154785156,52054200
2020-11-06,293.7099914550781,295.3599853515625,289.8299865722656,294.6099853515625,284.41192626953125,40959800
2020-11-09,297.6499938964844,299.1400146484375,288.1199951171875,288.5899963378906,278.600341796875,86537100
2020-11-10,285.1700134277344,286.6600036621094,280.6199951171875,283.4200134277344,273.6092529296875,69024900
2020-11-11,286.0299987792969,290.25,283.3800048828125,289.760009765625,279.7298889160156,36102900
2020-11-12,290.760009765625,292.07000732421875,287.25,288.3999938964844,278.4168395996094,34414600
2020-11-13,290.1700134277344,291.57000732421875,287.8699951171875,290.92999267578125,280.8592834472656,24806900
2020-11-16,290.6199951171875,293.510009765625,289.989990234375,293.20001220703125,283.0506286621094,30168400
2020-11-17,293.3999938964844,293.739990234375,291.6099853515625,292.2699890136719,282.15289306640625,21843500
2020-11-18,291.70001220703125,293.3699951171875,290.0199890136719,290.1099853515625,280.0677185058594,28069600
2020-11-19,289.5400085449219,292.70001220703125,288.8500061035156,292.3800048828125,282.2590637207031,22718400
2020-11-20,292.29998779296875,293.07000732421875,290.2900085449219,290.3800048828125,280.3283386230469,25907300
2020-11-23,291.4100036621094,292.75,288.07000732421875,290.3900146484375,280.3380432128906,26875600
2020-11-24,291.489990234375,294.9800109863281,289.6300048828125,294.4700012207031,284.2767333984375,24516800
2020-11-25,295.57000732421875,296.94000244140625,294.5899963378906,296.2799987792969,286.02410888671875,23326800
2020-11-27,298.30999755859375,300.1700134277344,297.8999938964844,299.010009765625,288.65960693359375,17163100
2020-11-30,299.3399963378906,299.9700012207031,294.7799987792969,299.6199951171875,289.24847412109375,27836200
2020-12-01,301.9700012207031,305.1400146484375,300.8299865722656,303.4599914550781,292.95550537109375,27521300
2020-12-02,302.25,304.20001220703125,300.3500061035156,303.8500061035156,293.33203125,23620000
2020-12-03,304.1700134277344,305.8800048828125,303.5299987792969,304.2799987792969,293.74713134765625,22828700
2020-12-04,304.3299865722656,305.6700134277344,303.6300048828125,305.5199890136719,294.9442443847656,19332100
2020-12-07,305.7099914550781,307.6300048828125,305.5199890136719,307.25,296.6144104003906,20851000
2020-12-08,306.760009765625,308.6000061035156,304.95001220703125,308.2900085449219,297.6183776855469,18341500
2020-12-09,308.07000732421875,308.3599853515625,300.2099914550781,301.30999755859375,290.8799743652344,48839300
2020-12-10,299.2099914550781,303.67999267578125,298.0899963378906,302.5199890136719,292.04803466796875,27519500
2020-12-11,300.80999755859375,301.9800109863281,298.4700012207031,301.8500061035156,291.4013366699219,26760400
2020-12-14,303.0799865722656,306.04998779296875,303.010009765625,304.0400085449219,293.51556396484375,28804800
2020-12-15,306.3699951171875,307.2900085449219,304.1099853515625,307.2900085449219,296.6530456542969,25709000
2020-12-16,307.70001220703125,309.7900085449219,306.6199951171875,308.9800109863281,298.28448486328125,25461900
2020-12-17,310.6300048828125,311.239990234375,309.3900146484375,311,300.23455810546875,23730500
2020-12-18,311.6600036621094,311.9800109863281,307.6099853515625,310.05999755859375,299.32708740234375,41173400
2020-12-21,306.4599914550781,309.4700012207031,303.6000061035156,308.9200134277344,298.7672119140625,37095500
2020-12-22,309.8500061035156,310.7099914550781,306.8500061035156,309.760009765625,299.5794982910156,26176300
2020-12-23,309.80999755859375,310.17999267578125,308.0400085449219,308.20001220703125,298.07080078125,21201300
2020-12-24,308.4700012207031,310.0199890136719,308.3900146484375,309.55999755859375,299.3860778808594,16785000
2020-12-28,312.25,313.1700134277344,310.3599853515625,312.67999267578125,302.403564453125,22497700
2020-12-29,314.04998779296875,314.69000244140625,312.0299987792969,312.9599914550781,302.67431640625,25871900
2020-12-30,314.1600036621094,314.489990234375,312.3299865722656,312.9700012207031,302.68408203125,18138100
2020-12-31,312.8699951171875,314.239990234375,311.760009765625,313.739990234375,303.4287109375,21611400
2021-01-04,315.1099853515625,315.2900085449219,305.17999267578125,309.30999755859375,299.1443176269531,45305900
2021-01-05,308.2900085449219,312.1400146484375,308.2900085449219,311.8599853515625,301.6104736328125,29323400
2021-01-06,307,311.8800048828125,305.9800109863281,307.5400085449219,297.4325256347656,52809600
2021-01-07,310.2799987792969,315.8399963378906,310.25,314.9800109863281,304.62799072265625,30394800
2021-01-08,317.3399963378906,319.3900146484375,315.0799865722656,319.0299987792969,308.5447692871094,33955800
2021-01-11,315.9800109863281,317.19000244140625,313.75,314.4200134277344,304.0863342285156,32746400
2021-01-12,314.4599914550781,315.5799865722656,311.20001220703125,313.9200134277344,303.602783203125,29266800
2021-01-13,314.19000244140625,316.8599853515625,313.57000732421875,316.0400085449219,305.65313720703125,22898400
2021-01-14,316.5,317.5299987792969,313.8599853515625,314.3500061035156,304.0186462402344,23500100
2021-01-15,314.1300048828125,315.1199951171875,310.5799865722656,311.8599853515625,301.6104736328125,35118700
2021-01-19,314.25,316.92999267578125,313.1199951171875,316.4100036621094,306.0110168457031,24537000
2021-01-20,320.1400146484375,324.739990234375,316.510009765625,323.7699890136719,313.1290588378906,30728100
2021-01-21,325.1499938964844,327.1300048828125,323.7300109863281,326.3599853515625,315.63397216796875,25130600
2021-01-22,325.2900085449219,326.4599914550781,324.7099914550781,325.4200134277344,314.7248840332031,21609400
2021-01-25,328.9100036621094,330.32000732421875,321.4100036621094,328.1099853515625,317.3263244628906,39080600
2021-01-26,328.8500061035156,329.760009765625,327.2200012207031,328.5899963378906,317.7906494140625,25498100
2021-01-27,326.260009765625,326.2699890136719,317.3599853515625,319.42999267578125,308.9317626953125,55264000
2021-01-28,320.6700134277344,326.4200134277344,320.0299987792969,321.32000732421875,310.759521484375,42836300
2021-01-29,319.5799865722656,320.7200012207031,312.760009765625,314.55999755859375,304.22186279296875,55259000
2021-02-01,318.1099853515625,323.5400085449219,316.0199890136719,322.4200134277344,311.8234558105469,35646000
2021-02-02,325.4800109863281,328.8699951171875,325.30999755859375,327.67999267578125,316.9106140136719,33930800
2021-02-03,329.82000732421875,330.20001220703125,326.32000732421875,326.3800048828125,315.6532897949219,24824500
2021-02-04,327.82000732421875,330.3299865722656,326.4599914550781,330.239990234375,319.3864440917969,22350900
2021-02-05,331.2200012207031,332.3999938964844,329.5299987792969,331.3599853515625,320.4696350097656,22732000
2021-02-08,333.1000061035156,333.739990234375,331.4100036621094,333.5799865722656,322.61663818359375,20462800
2021-02-09,332.6199951171875,334.80999755859375,332.6099853515625,333.510009765625,322.5489501953125,17597500
2021-02-10,334.989990234375,335.4599914550781,329.5,332.75,321.81390380859375,28068700
2021-02-11,334.3299865722656,335,332.1199951171875,334.5799865722656,323.5838623046875,22046100
2021-02-12,333.7099914550781,336.6199951171875,332.6300048828125,336.45001220703125,325.392333984375,20346800
2021-02-16,337.2699890136719,338.19000244140625,334.3399963378906,335.5400085449219,324.51226806640625,27080800
2021-02-17,332.4700012207031,335.6600036621094,330.1700134277344,333.92999267578125,322.9551086425781,31360300
2021-02-18,330.2300109863281,333.8699951171875,328.3599853515625,332.4700012207031,321.54315185546875,32236200
2021-02-19,333.8599853515625,333.989990234375,329.9700012207031,331.0199890136719,320.1407775878906,39157700
2021-02-22,326.5,327.79998779296875,322.2300109863281,322.44000244140625,311.8427734375,47256900
2021-02-23,317,323.20001220703125,311,321.4800109863281,310.9143981933594,97241900
2021-02-24,318.739990234375,324.45001220703125,315.9599914550781,324.1300048828125,313.4772644042969,58206300
2021-02-25,321.3900146484375,324.0299987792969,311.239990234375,312.8299865722656,302.54864501953125,110182600
2021-02-26,315.8500061035156,319.1099853515625,310.8800048828125,314.1400146484375,303.81561279296875,104739800
2021-03-01,319.2699890136719,323.94000244140625,317.94000244140625,323.5899963378906,312.9549560546875,49164500
2021-03-02,324.25,324.3299865722656,318.1400146484375,318.3999938964844,307.935546875,48370000
2021-03-03,317.2699890136719,318.239990234375,309.1000061035156,309.1600036621094,298.99920654296875,86301100
2021-03-04,308.7799987792969,312.0400085449219,300.1099853515625,304.1000061035156,294.1055603027344,139131600
2021-03-05,306.79998779296875,309.6099853515625,297.45001220703125,308.67999267578125,298.5350341796875,121523700
2021-03-08,308.1199951171875,310.05999755859375,299.510009765625,299.94000244140625,290.08221435546875,88409800
2021-03-09,307.4700012207031,313.7300109863281,306.9200134277344,311.7699890136719,301.5234680175781,80391100
2021-03-10,316.1600036621094,316.4700012207031,310.1700134277344,310.8800048828125,300.66278076171875,76798100
2021-03-11,315.7699890136719,319.8599853515625,314.8500061035156,318.0400085449219,307.58746337890625,53484800
2021-03-12,313.8599853515625,318.2300109863281,311.3900146484375,315.4599914550781,305.0921630859375,69315600
2021-03-15,315.7900085449219,319,314.1000061035156,318.8299865722656,308.3514404296875,42955700
2021-03-16,321.0899963378906,324.20001220703125,319.1000061035156,320.5799865722656,310.0439147949219,54925900
2021-03-17,317.45001220703125,323.8500061035156,315.67999267578125,321.8999938964844,311.3205261230469,78258700
2021-03-18,316.8699951171875,317.8800048828125,311.57000732421875,312.0400085449219,301.78466796875,82718100
2021-03-19,311.8699951171875,314.7300109863281,309.6600036621094,313.1400146484375,302.8485107421875,78446200
2021-03-22,315.2099914550781,320.739990234375,315.2099914550781,318.6099853515625,308.52789306640625,56194800
2021-03-23,319.7300109863281,321.0899963378906,316.3800048828125,317.2200012207031,307.181884765625,53455400
2021-03-24,318.6300048828125,318.6700134277344,311.7200012207031,311.8699951171875,302.0011291503906,64803700
2021-03-25,309.9700012207031,312.8900146484375,307.3900146484375,311.3299865722656,301.4782409667969,78729000
2021-03-26,311.1099853515625,316.3299865722656,309.6700134277344,316,306.00042724609375,63519600
2021-03-29,315.45001220703125,316.989990234375,312.4700012207031,315.9100036621094,305.913330078125,54608000
2021-03-30,313.8900146484375,314.9100036621094,311.5400085449219,314.32000732421875,304.3736267089844,44635700
2021-03-31,316.1600036621094,320.739990234375,315.80999755859375,319.1300048828125,309.0314636230469,55032500
2021-04-01,323.07000732421875,324.7099914550781,322.80999755859375,324.57000732421875,314.29931640625,55685600
2021-04-05,327.1300048828125,331.8399963378906,326.8800048828125,331.04998779296875,320.5741882324219,42172500
2021-04-06,330.7300109863281,332.8299865722656,330.0199890136719,330.82000732421875,320.3515625,33537200
2021-04-07,330.3299865722656,332.4800109863281,329.3699951171875,331.6199951171875,321.1260986328125,32046400
2021-04-08,334.55999755859375,335.2699890136719,333.739990234375,335.0799865722656,324.4766540527344,29940800
2021-04-09,333.67999267578125,337.32000732421875,332.9200134277344,337.1099853515625,326.44244384765625,36664900
2021-04-12,336.0400085449219,337.1000061035156,334.7300109863281,336.6700134277344,326.01629638671875,25833000
2021-04-13,338.239990234375,341.0799865722656,338.0199890136719,340.6000061035156,329.82196044921875,30374000
2021-04-14,340.8500061035156,340.9800109863281,335.6700134277344,336.510009765625,325.86138916015625,42564300
2021-04-15,339.4700012207031,342.010009765625,336.2200012207031,341.6099853515625,330.800048828125,36342800
2021-04-16,342.1499938964844,342.2300109863281,340.0799865722656,342.010009765625,331.1873779296875,40860100
2021-04-19,340.3900146484375,341.5799865722656,336.8999938964844,338.8800048828125,328.1564636230469,34533100
2021-04-20,338.20001220703125,339.5199890136719,334.3800048828125,336.4100036621094,325.76458740234375,38081800
2021-04-21,335.0899963378906,339.4800109863281,333.9700012207031,339.2900085449219,328.55352783203125,36598100
2021-04-22,338.8900146484375,339.8999938964844,334.010009765625,335.20001220703125,324.5928649902344,45936100
2021-04-23,335.8500061035156,340.7699890136719,335.8500061035156,339.4200134277344,328.67938232421875,36381900
2021-04-26,339.6700134277344,341.9200134277344,338.8999938964844,341.6300048828125,330.8193664550781,30812000
2021-04-27,341.92999267578125,342.1499938964844,339.1700134277344,340.1499938964844,329.38616943359375,33187200
2021-04-28,339.80999755859375,340.8500061035156,338.3299865722656,339,328.2726135253906,33615700
2021-04-29,342.3699951171875,342.79998779296875,336.8999938964844,340.2200012207031,329.45404052734375,37708900
2021-04-30,337.70001220703125,340.260009765625,337.04998779296875,337.989990234375,327.2945556640625,38263400
2021-05-03,339.2300109863281,340,335.7300109863281,336.19000244140625,325.55145263671875,29729700
2021-05-04,333.55999755859375,333.8900146484375,326.2099914550781,330.1400146484375,319.6929626464844,65147000
2021-05-05,332.25,333.1400146484375,328.2300109863281,329.0299987792969,318.6180725097656,46219300
2021-05-06,328.760009765625,331.6700134277344,326.45001220703125,331.510009765625,321.0195617675781,46814300
2021-05-07,334.3699951171875,336.6499938964844,331.69000244140625,334.20001220703125,323.6244812011719,53324500
2021-05-10,332.7799987792969,332.9599914550781,325.54998779296875,325.760009765625,315.45166015625,60700500
2021-05-11,319.70001220703125,326.1300048828125,319.0199890136719,325.30999755859375,315.015869140625,71963600
2021-05-12,320.2300109863281,322.6199951171875,316,316.8900146484375,306.8622131347656,91164900
2021-05-13,319.9200134277344,322.3999938964844,316.8999938964844,319.3399963378906,309.2347106933594,69877800
2021-05-14,322.6000061035156,327.3299865722656,322.0799865722656,326.3900146484375,316.0617370605469,44370000
2021-05-17,324.6300048828125,326.3699951171875,321.45001220703125,324.4100036621094,314.14434814453125,39395000
2021-05-18,325.3900146484375,326.6499938964844,321.94000244140625,322.2200012207031,312.0235900878906,36528500
2021-05-19,316.6600036621094,322.8999938964844,316.29998779296875,322.5899963378906,312.38189697265625,66319100
2021-05-20,324.1199951171875,329.7099914550781,323.8900146484375,328.8299865722656,318.4244079589844,46466100
2021-05-21,330.42999267578125,330.8599853515625,326.6400146484375,327.010009765625,316.6620178222656,50330400
2021-05-24,329.3699951171875,333.6700134277344,326.8999938964844,332.510009765625,321.9879150390625,32475800
2021-05-25,334.07000732421875,334.80999755859375,331.760009765625,332.9700012207031,322.4334716796875,31280300
2021-05-26,333.6600036621094,334.6099853515625,332.95001220703125,334.1300048828125,323.5567321777344,25444900
2021-05-27,333.6700134277344,334.5400085449219,332.6700134277344,332.8800048828125,322.3462219238281,27931700
2021-05-28,334.1199951171875,335.57000732421875,333.6000061035156,333.92999267578125,323.3630065917969,29927400
2021-06-01,335.29998779296875,335.7900085449219,331.42999267578125,332.82000732421875,322.2882080078125,31145400
2021-06-02,333.25,334.3399963378906,331.70001220703125,333.4700012207031,322.91766357421875,22047900
2021-06-03,330.54998779296875,331.8599853515625,328.2799987792969,330,319.557373046875,37057800
2021-06-04,331.8500061035156,336.05999755859375,331.7799987792969,335.6000061035156,324.9801330566406,38736500
2021-06-07,335.04998779296875,336.6600036621094,334.3399963378906,336.6000061035156,325.9485168457031,32611900
2021-06-08,338.3999938964844,339.2900085449219,335.0299987792969,336.760009765625,326.1035461425781,27282800
2021-06-09,338.1700134277344,338.9700012207031,336.6499938964844,336.8399963378906,326.1809387207031,21485300
2021-06-10,337.19000244140625,340.4599914550781,336.7300109863281,340.3500061035156,329.5799560546875,33702100
2021-06-11,340.3599853515625,341.25,339.69000244140625,341.239990234375,330.4416809082031,21222800
2021-06-14,341.67999267578125,344.5199890136719,340.4599914550781,344.510009765625,333.60821533203125,27827700
2021-06-15,344.1499938964844,344.4700012207031,341.5199890136719,342.260009765625,331.4294738769531,35963800
2021-06-16,342.739990234375,343.8399963378906,337.45001220703125,341.010009765625,330.2190246582031,55399500
2021-06-17,339.9700012207031,346.3800048828125,339.9200134277344,345.3399963378906,334.4119873046875,59722700
2021-06-18,343.6300048828125,344.80999755859375,341.8599853515625,342.6300048828125,331.78778076171875,55414900
2021-06-21,342.42999267578125,344.69000244140625,340.1499938964844,344.3599853515625,333.84979248046875,32992600
2021-06-22,344.1499938964844,348.0299987792969,343.8399963378906,347.57000732421875,336.96185302734375,28941600
2021-06-23,347.510009765625,348.9200134277344,346.8800048828125,347.739990234375,337.1266784667969,27188500
2021-06-24,349.7300109863281,351.4599914550781,349.1700134277344,349.8900146484375,339.2110595703125,32581600
2021-06-25,350.4700012207031,350.7200012207031,348.8399963378906,349.4599914550781,338.794189453125,28682800
2021-06-28,350.7799987792969,353.8500061035156,350.7200012207031,353.7099914550781,342.91448974609375,39130300
2021-06-29,353.5299987792969,355.0199890136719,352.6700134277344,354.989990234375,344.15533447265625,29426000
2021-06-30,354.8299865722656,355.2300109863281,353.8299865722656,354.42999267578125,343.61248779296875,32724000
2021-07-01,354.07000732421875,355.0899963378906,352.67999267578125,354.57000732421875,343.7481994628906,29290000
2021-07-02,356.5199890136719,358.9700012207031,356.2799987792969,358.6400146484375,347.6939697265625,32727200
2021-07-06,359.260009765625,360.4800109863281,356.489990234375,360.19000244140625,349.1966247558594,38842400
2021-07-07,362.45001220703125,362.760009765625,358.94000244140625,360.95001220703125,349.9334716796875,35265200
2021-07-08,355.739990234375,359.6499938964844,354.4200134277344,358.7699890136719,347.82000732421875,50890000
2021-07-09,358.1700134277344,361.5,357.57000732421875,361.010009765625,349.99163818359375,35184500
2021-07-12,362.45001220703125,362.8900146484375,360.8299865722656,362.4200134277344,351.3586730957031,25717700
2021-07-13,362.0299987792969,365.4700012207031,361.5400085449219,362.4200134277344,351.3586730957031,39723000
2021-07-14,364.8299865722656,365.489990234375,362.2200012207031,363.07000732421875,351.98876953125,35336400
2021-07-15,362.9800109863281,363.19000244140625,358.4599914550781,360.5199890136719,349.5166320800781,53391600
2021-07-16,361.3999938964844,362.4100036621094,357.239990234375,357.6000061035156,346.6856994628906,47262000
2021-07-19,354.04998779296875,355.17999267578125,352.0400085449219,354.6700134277344,343.84515380859375,64404600
2021-07-20,355.6300048828125,360.2799987792969,353.79998779296875,358.7900085449219,347.8394470214844,42183700
2021-07-21,358.3500061035156,361.55999755859375,358.1199951171875,361.55999755859375,350.5248107910156,30259900
2021-07-22,361.7699890136719,363.9599914550781,361.7699890136719,363.95001220703125,352.8419494628906,30252200
2021-07-23,365.30999755859375,368.489990234375,363.9200134277344,368.20001220703125,356.96221923828125,31960800
2021-07-26,367.489990234375,368.8900146484375,366.6000061035156,368.489990234375,357.2434387207031,28438100
2021-07-27,368.2200012207031,368.2200012207031,360.1600036621094,364.42999267578125,353.3072509765625,57933100
2021-07-28,365.6000061035156,367.45001220703125,363.239990234375,365.8299865722656,354.66455078125,42066200
2021-07-29,365.25,367.67999267578125,365.25,366.4800109863281,355.29473876953125,25672500
2021-07-30,362.44000244140625,365.1700134277344,362.4100036621094,364.57000732421875,353.44293212890625,36484600
2021-08-02,366.2799987792969,366.8800048828125,363.8699951171875,364.6000061035156,353.47216796875,27334100
2021-08-03,365.2799987792969,366.92999267578125,362,366.80999755859375,355.6146545410156,35558500
2021-08-04,366.7699890136719,368.32000732421875,365.6300048828125,367.3399963378906,356.12841796875,29602200
2021-08-05,368.17999267578125,369.9100036621094,367.45001220703125,369.6700134277344,358.3873596191406,21443900
2021-08-06,368.3699951171875,369.3699951171875,366.9100036621094,368.04998779296875,356.8167724609375,33332100
2021-08-09,368.5199890136719,369.2699890136719,367.3900146484375,368.7300109863281,357.47601318359375,25960200
2021-08-10,369.260009765625,369.55999755859375,365.6199951171875,366.8399963378906,355.6436767578125,35130800
2021-08-11,368.1400146484375,368.6499938964844,364.8399963378906,366.2099914550781,355.0329895019531,34249800
2021-08-12,365.69000244140625,367.8999938964844,364.29998779296875,367.5299987792969,356.3126525878906,25969200
2021-08-13,367.8900146484375,369.1600036621094,367.3800048828125,368.82000732421875,357.56329345703125,19336200
2021-08-16,367.6700134277344,369.0199890136719,363.70001220703125,368.9800109863281,357.7183837890625,34856900
2021-08-17,366.1499938964844,367.1499938964844,363.2300109863281,365.7300109863281,354.567626953125,44793900
2021-08-18,365.17999267578125,366.6199951171875,361.8699951171875,362.2099914550781,351.155029296875,38541900
2021-08-19,360.2200012207031,365.67999267578125,359.9599914550781,363.9599914550781,352.85162353515625,48499400
2021-08-20,365.05999755859375,368.1400146484375,364.739990234375,367.7300109863281,356.50653076171875,39486000
2021-08-23,368.79998779296875,373.94000244140625,368.7900085449219,373.2300109863281,361.8387145996094,34034700
2021-08-24,373.8399963378906,374.989990234375,373.3599853515625,374.3699951171875,362.9438781738281,21732900
2021-08-25,374.6300048828125,375.3900146484375,373.8599853515625,374.79998779296875,363.3607177734375,20441900
2021-08-26,373.9200134277344,374.6199951171875,371.9700012207031,372.4200134277344,361.053466796875,29133300
2021-08-27,373.07000732421875,376.55999755859375,372.57000732421875,376.0400085449219,364.56292724609375,27104700
2021-08-30,376.8500061035156,380.760009765625,376.8299865722656,380.260009765625,368.6540832519531,27295700
2021-08-31,380.510009765625,380.5799865722656,378.3599853515625,379.95001220703125,368.3536071777344,29628200
2021-09-01,381.0400085449219,382.7099914550781,380.3699951171875,380.5799865722656,368.96435546875,28138300
2021-09-02,381.9700012207031,382.30999755859375,379.1499938964844,380.3999938964844,368.789794921875,25453400
2021-09-03,379.2200012207031,381.9800109863281,379.20001220703125,381.57000732421875,369.9241027832031,24605400
2021-09-07,381.67999267578125,382.7799987792969,380.489990234375,382.1099853515625,370.4476013183594,23970200
2021-09-08,381.92999267578125,381.92999267578125,378.45001220703125,380.7799987792969,369.1582336425781,32949200
2021-09-09,381.010009765625,382.1499938964844,379.2200012207031,379.4700012207031,367.8882141113281,29399000
2021-09-10,381.2300109863281,381.9700012207031,376.25,376.5899963378906,365.0961608886719,40249400
2021-09-13,378.989990234375,379.42999267578125,374.2200012207031,376.3299865722656,364.84405517578125,48741800
2021-09-14,377.8599853515625,378.6099853515625,374.2799987792969,375.260009765625,363.80682373046875,41826600
2021-09-15,375.7300109863281,378.4100036621094,373.3699951171875,378.04998779296875,366.5115661621094,34097900
2021-09-16,376.67999267578125,378.8999938964844,374.70001220703125,378.30999755859375,366.76361083984375,35193100
2021-09-17,377.82000732421875,377.8699951171875,372.760009765625,373.8299865722656,362.4202880859375,60912300
2021-09-20,367.4599914550781,369.25,360.92999267578125,365.70001220703125,354.9316101074219,76203200
2021-09-21,367.5799865722656,368.80999755859375,364.989990234375,366.1499938964844,355.3682861328125,41927500
2021-09-22,367.0899963378906,371.07000732421875,365.9599914550781,369.57000732421875,358.6876220703125,46972900
2021-09-23,370.760009765625,374.0400085449219,370.1000061035156,372.9800109863281,361.9972229003906,44652000
2021-09-24,370.6499938964844,373.760009765625,370.2699890136719,373.3299865722656,362.3369140625,36056800
2021-09-27,370.20001220703125,371.25,367.7300109863281,370.3500061035156,359.4447021484375,43338100
2021-09-28,365.6700134277344,370.29998779296875,359.3500061035156,359.8699951171875,349.27325439453125,97701600
2021-09-29,361.1700134277344,363.3699951171875,358.6400146484375,359.2799987792969,348.70062255859375,58076600
2021-09-30,360.9700012207031,362.67999267578125,357.1000061035156,357.9599914550781,347.41943359375,61384600
2021-10-01,358.6000061035156,361.25,354.3800048828125,360.17999267578125,349.5741882324219,56375500
2021-10-04,358.5199890136719,358.8599853515625,350.32000732421875,352.6199951171875,342.2367858886719,76766000
2021-10-05,353.7099914550781,359.69000244140625,353.4800109863281,357.3800048828125,346.8565979003906,47232900
2021-10-06,354.0799865722656,359.95001220703125,353.1499938964844,359.6700134277344,349.0791320800781,56806500
2021-10-07,362.79998779296875,365.69000244140625,362.25,362.9700012207031,352.2819519042969,39411200
2021-10-08,364.0799865722656,364.32000732421875,360.6099853515625,361.1600036621094,350.52520751953125,41822300
2021-10-11,359.5799865722656,363.20001220703125,358.29998779296875,358.3900146484375,347.8368225097656,34847200
2021-10-12,359.8800048828125,360.3299865722656,356.4800109863281,357.1400146484375,346.6236267089844,43905100
2021-10-13,359.510009765625,360.69000244140625,357.42999267578125,360,349.3993835449219,40120800
2021-10-14,363.69000244140625,366.8500061035156,363.010009765625,366.6300048828125,355.834228515625,43433900
2021-10-15,367.8800048828125,369.05999755859375,366.82000732421875,368.94000244140625,358.0762023925781,40419900
2021-10-18,367.6099853515625,372.8699951171875,366.989990234375,372.6499938964844,361.67694091796875,34513500
2021-10-19,373.75,375.5199890136719,372.70001220703125,375.4700012207031,364.4138488769531,29091000
2021-10-20,375.94000244140625,376.57000732421875,373.4599914550781,374.9800109863281,363.93829345703125,31390300
2021-10-21,374.1600036621094,377.4700012207031,373.8500061035156,377.2699890136719,366.160888671875,25469300
2021-10-22,375.9800109863281,376.9700012207031,372.3900146484375,374.1000061035156,363.084228515625,36275800
2021-10-25,375.55999755859375,378.8699951171875,373.55999755859375,377.92999267578125,366.80145263671875,32597800
2021-10-26,380.2300109863281,382.7099914550781,377.9100036621094,379.1199951171875,367.95635986328125,47191300
2021-10-27,379.5799865722656,383.1499938964844,379.30999755859375,380,368.8105163574219,45760500
2021-10-28,381.95001220703125,384.4800109863281,381.1600036621094,384.2200012207031,372.90618896484375,38007000
2021-10-29,381.05999755859375,386.2799987792969,380.70001220703125,386.1099853515625,374.74066162109375,37310100
2021-11-01,386.55999755859375,387.55999755859375,384.4200134277344,387.42999267578125,376.021728515625,30765300
2021-11-02,386.79998779296875,389.5400085449219,386.75,389.04998779296875,377.593994140625,25135300
2021-11-03,389.54998779296875,393.6099853515625,388.4800109863281,393.17999267578125,381.60247802734375,33748900
2021-11-04,394.4800109863281,399.20001220703125,393.9200134277344,398.2200012207031,386.4939880371094,40265300
2021-11-05,400.0400085449219,400.989990234375,397.1600036621094,398.6000061035156,386.8627624511719,43383800
2021-11-08,398.57000732421875,399.6199951171875,397.3999938964844,398.05999755859375,386.3387145996094,29256300
2021-11-09,399.1600036621094,399.57000732421875,393.9200134277344,395.32000732421875,383.67938232421875,50490700
2021-11-10,392.4700012207031,395.3599853515625,387.5299987792969,389.510009765625,378.04046630859375,54937400
2021-11-11,392.57000732421875,392.75,390.239990234375,390.5899963378906,379.0886535644531,32243000
2021-11-12,391.7699890136719,395.25,390.1300048828125,394.70001220703125,383.07763671875,34730600
2021-11-15,395.9100036621094,396.239990234375,392.1000061035156,394.6099853515625,382.990234375,33716900
2021-11-16,393.8599853515625,397.92999267578125,393.6600036621094,397.4200134277344,385.71746826171875,27872900
2021-11-17,397.75,399.7200012207031,396.6400146484375,397.6300048828125,385.9213562011719,28703300
2021-11-18,399.7300109863281,402.2699890136719,397.45001220703125,401.75,389.9200134277344,45721500
2021-11-19,403.42999267578125,405.29998779296875,402.5799865722656,403.989990234375,392.09405517578125,45191700
2021-11-22,405.57000732421875,408.7099914550781,399.19000244140625,399.29998779296875,387.5422058105469,61715400
2021-11-23,398.1099853515625,400.2300109863281,392.9200134277344,397.4800109863281,385.7757873535156,70098700
2021-11-24,394.92999267578125,399.04998779296875,392.5400085449219,398.760009765625,387.0180969238281,46954400
2021-11-26,396.1099853515625,397.5400085449219,389.7699890136719,391.20001220703125,379.6806945800781,51533300
2021-11-29,395.8900146484375,400.7300109863281,395.1400146484375,399.69000244140625,387.9206848144531,54447100
2021-11-30,398.7799987792969,401.19000244140625,391.75,393.82000732421875,382.2236022949219,81332700
2021-12-01,398.2799987792969,400.4800109863281,386.6400146484375,387.1199951171875,375.7207946777344,77766500
2021-12-02,385.79998779296875,391.739990234375,384.3399963378906,389.9100036621094,378.4287414550781,84416600
2021-12-03,391.30999755859375,392.3399963378906,378.8999938964844,383.1300048828125,371.84832763671875,105349100
2021-12-06,383.6300048828125,387.6000061035156,379.29998779296875,386.20001220703125,374.8280029296875,67588800
2021-12-07,393.0299987792969,398.4599914550781,392.989990234375,397.8299865722656,386.115478515625,56005300
2021-12-08,398.1700134277344,399.82000732421875,396.2200012207031,399.6099853515625,387.84295654296875,39204000
2021-12-09,398.3500061035156,400.20001220703125,393.5299987792969,393.7300109863281,382.1361999511719,49973700
2021-12-10,396.6199951171875,398.2799987792969,393.3599853515625,398.010009765625,386.2901611328125,52545800
2021-12-13,398,398.3299865722656,391.8800048828125,392.260009765625,380.70953369140625,50166400
2021-12-14,387.29998779296875,390.0899963378906,383.6300048828125,388.20001220703125,376.7690734863281,75199200
2021-12-15,387.94000244140625,397.4200134277344,383.8800048828125,397.04998779296875,385.3584289550781,73858000
2021-12-16,398.0400085449219,398.4800109863281,385.2099914550781,386.8399963378906,375.4490661621094,82591400
2021-12-17,383.3299865722656,389.19000244140625,381.7699890136719,384.9100036621094,373.5759582519531,80492500
2021-12-20,379.57000732421875,381.5,377.4700012207031,380.69000244140625,369.9521789550781,65336800
2021-12-21,384.04998779296875,389.5299987792969,380.20001220703125,389.2099914550781,378.23175048828125,48899500
2021-12-22,388.9100036621094,394.1600036621094,388.2300109863281,393.95001220703125,382.83807373046875,37042200
2021-12-23,394.30999755859375,398.42999267578125,394.1400146484375,396.9200134277344,385.72430419921875,29595500
2021-12-27,398.25,403.4800109863281,398.2200012207031,403.4800109863281,392.09930419921875,32820700
2021-12-28,404.3999938964844,404.5799865722656,400.7099914550781,401.6099853515625,390.281982421875,33113700
2021-12-29,401.75,403.04998779296875,399.1099853515625,401.54998779296875,390.22369384765625,32248500
2021-12-30,401.3299865722656,403.57000732421875,399.75,400.3500061035156,389.0574951171875,23850100
2021-12-31,399.6600036621094,401.05999755859375,397.3399963378906,397.8500061035156,386.6280822753906,34752900
2022-01-03,399.04998779296875,401.94000244140625,396.8800048828125,401.67999267578125,390.35003662109375,40575900
2022-01-04,402.239990234375,402.2799987792969,393.2900085449219,396.4700012207031,385.2869873046875,58027200
2022-01-05,394.739990234375,395.8900146484375,384.0299987792969,384.2900085449219,373.45050048828125,75739800
2022-01-06,382.4200134277344,387.3500061035156,380.1300048828125,384.0199890136719,373.1882019042969,70814300
2022-01-07,384.0299987792969,385.760009765625,378.0400085449219,379.8599853515625,369.1455078125,72652300
2022-01-10,374.82000732421875,380.6400146484375,369.30999755859375,380.1099853515625,369.3883972167969,91770500
2022-01-11,379.3599853515625,385.989990234375,377.2200012207031,385.82000732421875,374.93743896484375,68295700
2022-01-12,388.4599914550781,390.20001220703125,385.010009765625,387.3500061035156,376.4242858886719,54576400
2022-01-13,388.7699890136719,389.4700012207031,376.70001220703125,377.6600036621094,367.0075988769531,77994000
2022-01-14,375.07000732421875,380.3500061035156,374.8599853515625,380.010009765625,369.29132080078125,80121200
2022-01-18,374.0400085449219,376.2200012207031,369.7699890136719,370.54998779296875,360.0980224609375,75450900
2022-01-19,372.1499938964844,374.69000244140625,366.2099914550781,366.4800109863281,356.14288330078125,81791500
2022-01-20,369.7900085449219,373.8699951171875,361.1700134277344,361.7200012207031,351.5170593261719,88610700
2022-01-21,359.4700012207031,362.17999267578125,351.3999938964844,351.69000244140625,341.7700500488281,143388900
2022-01-24,345.9100036621094,353.9800109863281,334.1499938964844,353.29998779296875,343.3345947265625,198685800
2022-01-25,346.6700134277344,351.0299987792969,341.67999267578125,345.1099853515625,335.3757019042969,124398400
2022-01-26,352.9100036621094,356.8800048828125,340.7799987792969,344.57000732421875,334.850830078125,146559500
2022-01-27,349.3999938964844,351.2699890136719,340.04998779296875,341.1000061035156,331.478759765625,95255700
2022-01-28,343.0299987792969,352.0199890136719,337.95001220703125,351.79998779296875,341.876953125,108167900
2022-01-31,353.20001220703125,363.6499938964844,351.5199890136719,363.04998779296875,352.8096923828125,94326400
2022-02-01,364.42999267578125,366.19000244140625,359.1400146484375,365.5199890136719,355.21002197265625,74433000
2022-02-02,369.760009765625,370.1000061035156,364.2900085449219,368.489990234375,358.09625244140625,78777100
2022-02-03,358.5299987792969,361.92999267578125,352.4599914550781,353.54998779296875,343.5775451660156,95384800
2022-02-04,354.0799865722656,361.3999938964844,351.9700012207031,358.010009765625,347.91180419921875,86318300
2022-02-07,358.6199951171875,361.04998779296875,353.8399963378906,355.1300048828125,345.1130065917969,58198100
2022-02-08,353.9599914550781,360.239990234375,352.79998779296875,359.1199951171875,348.99053955078125,64720900
2022-02-09,363.760009765625,366.80999755859375,362.1199951171875,366.7300109863281,356.3858642578125,55766400
2022-02-10,359.5199890136719,366.489990234375,356.5400085449219,358.42999267578125,348.32000732421875,112468500
2022-02-11,358.42999267578125,360.07000732421875,345.79998779296875,347.05999755859375,337.2707214355469,101569100
2022-02-14,346.489990234375,350.9800109863281,343.8900146484375,347.489990234375,337.6885070800781,80254400
2022-02-15,352.9100036621094,356.3699951171875,351.82000732421875,356.1300048828125,346.0848693847656,55128800
2022-02-16,353.82000732421875,357.0899963378906,350.7099914550781,356.0400085449219,345.9974060058594,58947100
2022-02-17,352.739990234375,353.4599914550781,345.0199890136719,345.45001220703125,335.70611572265625,61801400
2022-02-18,346.4100036621094,346.80999755859375,339.1400146484375,341.510009765625,331.877197265625,80001500
2022-02-22,338.489990234375,344.0400085449219,334.3500061035156,338.0799865722656,328.5439147949219,85967100
2022-02-23,341.32000732421875,342.17999267578125,329.1000061035156,329.4200134277344,320.1282043457031,86215400
2022-02-24,318.8399963378906,341.0400085449219,318.260009765625,340.489990234375,330.8860168457031,130614100
2022-02-25,341.30999755859375,345.9800109863281,337.3900146484375,345.7699890136719,336.01702880859375,78842100
2022-02-28,342.510009765625,348.5400085449219,341.32000732421875,346.79998779296875,337.01800537109375,77515500
2022-03-01,345.75,348.0799865722656,338.8999938964844,341.489990234375,331.85772705078125,67407000
2022-03-02,343.0799865722656,348.5899963378906,340.239990234375,347.2200012207031,337.4262390136719,70609000
2022-03-03,349.92999267578125,350.0400085449219,340.3500061035156,342.260009765625,332.60601806640625,71089400
2022-03-04,339.8399963378906,341.30999755859375,334.9200134277344,337.29998779296875,327.78594970703125,76936300
2022-03-07,337.2900085449219,338.4800109863281,324.6499938964844,324.8599853515625,315.6968688964844,89933800
2022-03-08,324.04998779296875,333.2099914550781,319.94000244140625,323.3500061035156,314.2294006347656,116153900
2022-03-09,331.75,336.3800048828125,329.0899963378906,334.989990234375,325.541015625,64723400
2022-03-10,330.82000732421875,332.510009765625,326.7099914550781,331.2699890136719,321.926025390625,69362700
2022-03-11,334.32000732421875,334.6400146484375,323.8999938964844,324.3999938964844,315.2497863769531,66228400
2022-03-14,323.1300048828125,326.5899963378906,317.45001220703125,318.1700134277344,309.19561767578125,79802600
2022-03-15,320.8800048828125,328.95001220703125,319.2300109863281,328.1499938964844,318.89404296875,76471000
2022-03-16,332.1700134277344,340.44000244140625,328.3999938964844,340.32000732421875,330.7208251953125,105243000
2022-03-17,338.3699951171875,344.5,337.0400085449219,344.44000244140625,334.724609375,67810000
2022-03-18,342.739990234375,351.7900085449219,341.54998779296875,351.489990234375,341.5756530761719,85446300
2022-03-21,350.20001220703125,352.4800109863281,345.5799865722656,350.0799865722656,340.6260681152344,73799100
2022-03-22,350.5899963378906,357.8500061035156,350.20001220703125,356.9599914550781,347.3203125,63345900
2022-03-23,354.010009765625,357.6600036621094,351.7699890136719,351.8299865722656,342.3288269042969,70615500
2022-03-24,353.79998779296875,359.70001220703125,351.5899963378906,359.6499938964844,349.93768310546875,53555300
2022-03-25,359.5899963378906,360.6700134277344,354.94000244140625,359.3500061035156,349.64581298828125,57584200
2022-03-28,359.3399963378906,365.010009765625,358.07000732421875,364.9100036621094,355.0556640625,56833900
2022-03-29,368.8999938964844,371.8299865722656,366.05999755859375,371.19000244140625,361.166015625,68073000
2022-03-30,369.2799987792969,370.9800109863281,365.57000732421875,367.0899963378906,357.1767578125,68757700
2022-03-31,367.239990234375,367.6000061035156,361.67999267578125,362.5400085449219,352.74957275390625,67011400
2022-04-01,362.80999755859375,363.6099853515625,358.5899963378906,361.8500061035156,352.0782775878906,54527800
2022-04-04,362.7099914550781,369.30999755859375,362.44000244140625,369.29998779296875,359.32708740234375,45950200
2022-04-05,367.80999755859375,368.5400085449219,359.92999267578125,361.1000061035156,351.3485107421875,62738700
2022-04-06,355.6499938964844,356.7799987792969,350.55999755859375,353.260009765625,343.7202453613281,90077100
2022-04-07,352.239990234375,356.3500061035156,348.69000244140625,354.1000061035156,344.53753662109375,63777400
2022-04-08,352.32000732421875,353.0899963378906,348.5,349.1499938964844,339.7211608886719,61956100
2022-04-11,344.80999755859375,345.75,340.5400085449219,340.8900146484375,331.6842956542969,66107400
2022-04-12,345.760009765625,347.69000244140625,338.0400085449219,339.45001220703125,330.28314208984375,72790200
2022-04-13,339.79998779296875,347.42999267578125,339.05999755859375,346.3500061035156,336.9967956542969,61367800
2022-04-14,346.44000244140625,346.9700012207031,338.2099914550781,338.42999267578125,329.2906799316406,73519400
2022-04-18,337.3500061035156,341.0400085449219,335.7900085449219,338.69000244140625,329.5436096191406,58560600
2022-04-19,338.0299987792969,346.8500061035156,336.9800109863281,346.260009765625,336.90924072265625,56515700
2022-04-20,347.0899963378906,347.55999755859375,339.9599914550781,341.2099914550781,331.99560546875,65500000
2022-04-21,345.19000244140625,347.8699951171875,333.20001220703125,334.1499938964844,325.12628173828125,75801000
2022-04-22,334.30999755859375,335.55999755859375,324.9599914550781,325.3999938964844,316.612548828125,82562100
2022-04-25,323.7300109863281,329.8999938964844,322.42999267578125,329.5799865722656,320.6795959472656,101755900
2022-04-26,327.4700012207031,327.6600036621094,316.8599853515625,317.1400146484375,308.5756530761719,105819600
2022-04-27,317.239990234375,322.8800048828125,315,316.760009765625,308.2059020996094,111204200
2022-04-28,321.8500061035156,329.8900146484375,317.5199890136719,328.010009765625,319.15203857421875,99450000
2022-04-29,323.70001220703125,327.2300109863281,312.6000061035156,313.25,304.7906188964844,91977900
2022-05-02,312.8299865722656,318.7200012207031,309.6499938964844,318.4800109863281,309.8794250488281,115511800
2022-05-03,318.5,321.1700134277344,315.9800109863281,318.82000732421875,310.2102355957031,78185500
2022-05-04,319.30999755859375,330.2900085449219,313.8900146484375,329.6000061035156,320.6991271972656,116083400
2022-05-05,325.1700134277344,325.25,309.6199951171875,313,304.5473937988281,154607400
2022-05-06,310.95001220703125,315.0899963378906,305.1099853515625,309.25,300.898681640625,139572800
2022-05-09,303.4800109863281,309.3500061035156,295.7200012207031,297.1499938964844,289.1254577636719,113387300
2022-05-10,304.510009765625,305.760009765625,296.57000732421875,300.760009765625,292.6380310058594,124124600
2022-05-11,298.44000244140625,304.0899963378906,290.95001220703125,291.8399963378906,283.95880126953125,140326100
2022-05-12,287.45001220703125,295.75,284.94000244140625,291.1499938964844,283.2875061035156,120910900
2022-05-13,295.7200012207031,303,294.0799865722656,301.94000244140625,293.7861328125,83684900
2022-05-16,300.1499938964844,302.260009765625,297.1300048828125,298.44000244140625,290.380615234375,59190400
2022-05-17,304.45001220703125,306.55999755859375,300.54998779296875,306.1700134277344,297.90185546875,62715300
2022-05-18,301.5400085449219,302.25,289.8500061035156,291.1400146484375,283.27783203125,79477100
2022-05-19,289.2900085449219,294.3900146484375,287.5799865722656,289.5799865722656,281.7598571777344,79920700
2022-05-20,293.1300048828125,293.79998779296875,280.2099914550781,288.67999267578125,280.8842468261719,91764200
2022-05-23,289.75,293.8699951171875,287.2900085449219,293.4800109863281,285.5545349121094,63648400
2022-05-24,288.1300048828125,288.8599853515625,282.25,287.239990234375,279.48309326171875,73491100
2022-05-25,285.7099914550781,293.3900146484375,285.5,291.260009765625,283.3945617675781,67144500
2022-05-26,290.44000244140625,300.9200134277344,290.1499938964844,299.3299865722656,291.24658203125,59462200
2022-05-27,302.5400085449219,309.25,302.4200134277344,309.1000061035156,300.7528076171875,66985600
2022-05-31,309.07000732421875,311.3299865722656,304.3299865722656,308.2799987792969,299.95489501953125,60968300
2022-06-01,310.4700012207031,312.6499938964844,303.7300109863281,306,297.7364501953125,65341700
2022-06-02,304.8500061035156,314.55999755859375,303.3999938964844,314.3800048828125,305.89019775390625,59291300
2022-06-03,309.0299987792969,310.4700012207031,304.9200134277344,306.20001220703125,297.9311218261719,60914700
2022-06-06,310.75,312.3500061035156,305.6199951171875,307.2200012207031,298.92352294921875,51785000
2022-06-07,303.80999755859375,310.6700134277344,302.69000244140625,309.8699951171875,301.501953125,44900300
2022-06-08,309.04998779296875,311.7200012207031,306.7699890136719,307.6400146484375,299.3322448730469,38342100
2022-06-09,305.9100036621094,309.04998779296875,299.2300109863281,299.3999938964844,291.314697265625,55900500
2022-06-10,293.6499938964844,294.8699951171875,288.3800048828125,288.8399963378906,281.0398254394531,85963500
2022-06-13,279.75,282.3399963378906,274.5299987792969,275.4100036621094,267.9725646972656,94442000
2022-06-14,277.6600036621094,278.6600036621094,273.3399963378906,275.9100036621094,268.4590759277344,64697500
2022-06-15,279.4200134277344,286.8299865722656,276.6099853515625,282.79998779296875,275.16290283203125,86051400
2022-06-16,275.5899963378906,276.05999755859375,269.2799987792969,271.3900146484375,264.0611267089844,81910300
2022-06-17,272.17999267578125,277.19000244140625,270.510009765625,274.69000244140625,267.2719421386719,82703400
2022-06-21,278.75,283.45001220703125,278.6400146484375,281.0799865722656,274.01513671875,51633700
2022-06-22,278.5199890136719,285.17999267578125,277.9100036621094,280.6700134277344,273.6154479980469,67472900
2022-06-23,283.2099914550781,285.7200012207031,280.30999755859375,284.8500061035156,277.6904602050781,57457800
2022-06-24,287.739990234375,295.0400085449219,287.5,294.6099853515625,287.205078125,58422300
2022-06-27,296,296.5799865722656,291.2900085449219,292.45001220703125,285.09930419921875,54151500
2022-06-28,293,295.6499938964844,283.3500061035156,283.5400085449219,276.41326904296875,61609800
2022-06-29,283.3999938964844,285.3399963378906,280.8399963378906,283.79998779296875,276.6667175292969,57302700
2022-06-30,280.75,283.94000244140625,275.7799987792969,280.2799987792969,273.2352294921875,79313600
2022-07-01,278.95001220703125,282.5299987792969,277.0299987792969,282.1300048828125,275.0387268066406,56675100
2022-07-05,278.30999755859375,287.0799865722656,276.75,286.9599914550781,279.747314453125,61829300
2022-07-06,287.3500061035156,290.95001220703125,285.5899963378906,288.79998779296875,281.5411071777344,63194700
2022-07-07,289.6300048828125,295.70001220703125,289.6300048828125,294.9800109863281,287.5657958984375,56620100
2022-07-08,292.0799865722656,296.75,291.1199951171875,295.3500061035156,287.9264831542969,59895500
2022-07-11,292.8800048828125,293.1099853515625,288.1400146484375,289.0400085449219,281.7751159667969,55273900
2022-07-12,290.32000732421875,292.2799987792969,284.6099853515625,286.239990234375,279.04541015625,55797100
2022-07-13,280.6000061035156,288.04998779296875,280.0199890136719,285.6499938964844,278.47021484375,73939400
2022-07-14,282.989990234375,287.55999755859375,279.79998779296875,286.6700134277344,279.46466064453125,63741800
2022-07-15,289.7300109863281,291.9800109863281,288.0799865722656,291.8699951171875,284.533935546875,63818100
2022-07-18,294.7200012207031,296.1600036621094,288.20001220703125,289.3999938964844,282.1259765625,59519600
2022-07-19,293.1099853515625,298.6000061035156,291.4700012207031,298.29998779296875,290.8022766113281,55172600
2022-07-20,298.7300109863281,304.239990234375,297.92999267578125,303.0299987792969,295.4134826660156,67769400
2022-07-21,303.5,307.44000244140625,300.7799987792969,307.3800048828125,299.6541748046875,55049400
2022-07-22,306.42999267578125,308.54998779296875,300.1199951171875,301.989990234375,294.3995666503906,57127700
2022-07-25,302.0199890136719,302.5,298.2200012207031,300.2699890136719,292.7227478027344,40582400
2022-07-26,298.5299987792969,298.7900085449219,293.5400085449219,294.3699951171875,286.9710693359375,50074100
2022-07-27,299.0400085449219,308.5400085449219,298.4599914550781,306.80999755859375,299.0984191894531,69304400
2022-07-28,306.5899963378906,310.3999938964844,302.75,309.80999755859375,302.02301025390625,55139900
2022-07-29,311.3900146484375,316.3900146484375,309.92999267578125,315.4599914550781,307.5310363769531,57501000
2022-08-01,313.6499938964844,318.80999755859375,312.5299987792969,315.2699890136719,307.3457946777344,46358800
2022-08-02,312.9200134277344,318.54998779296875,311.8399963378906,314.3299865722656,306.4294128417969,48676500
2022-08-03,316.04998779296875,323.7300109863281,315.989990234375,322.8900146484375,314.77423095703125,53735700
2022-08-04,322.9700012207031,324.7200012207031,320.7699890136719,324.3999938964844,316.2462158203125,38973700
2022-08-05,319.19000244140625,323.8299865722656,318.3900146484375,321.75,313.6629333496094,53894000
2022-08-08,322.69000244140625,326.4700012207031,319.2099914550781,320.7099914550781,312.6490478515625,43878500
2022-08-09,318.7699890136719,319.0299987792969,315.4200134277344,317.0799865722656,309.1103210449219,39764200
2022-08-10,324.5899963378906,326.2300109863281,322.05999755859375,325.92999267578125,317.7379150390625,51459600
2022-08-11,328.30999755859375,330.3599853515625,323.3599853515625,324.0799865722656,315.9343566894531,45897700
2022-08-12,326.17999267578125,330.5899963378906,325.1000061035156,330.3900146484375,322.0857849121094,40928400
2022-08-15,329.4200134277344,333.57000732421875,329.3999938964844,333.05999755859375,324.6886901855469,38266600
2022-08-16,332.05999755859375,334.4200134277344,329.1600036621094,332.2799987792969,323.92828369140625,41186900
2022-08-17,329.07000732421875,331.42999267578125,326.3599853515625,328.489990234375,320.23358154296875,47842200
2022-08-18,328.44000244140625,330.489990234375,326.7900085449219,329.2799987792969,321.003662109375,41937200
2022-08-19,326.1700134277344,326.8399963378906,322.0799865722656,322.8599853515625,314.7449645996094,51770600
2022-08-22,318.5,318.739990234375,313.5299987792969,314.3599853515625,306.4586486816406,51098900
2022-08-23,314.1199951171875,317,313.3299865722656,314.1000061035156,306.2052001953125,39497100
2022-08-24,313.6099853515625,316.8699951171875,312.989990234375,315.010009765625,307.0923156738281,38057100
2022-08-25,316.8299865722656,320.6000061035156,315.760009765625,320.5799865722656,312.5223083496094,38098300
2022-08-26,320.2799987792969,321.510009765625,307.3500061035156,307.44000244140625,299.71258544921875,69047700
2022-08-29,304.6199951171875,307.2200012207031,303.2799987792969,304.4100036621094,296.75872802734375,48321900
2022-08-30,306.1000061035156,306.7300109863281,298.44000244140625,301.0199890136719,293.4539489746094,51184500
2022-08-31,303.989990234375,304.9100036621094,299.1600036621094,299.2699890136719,291.7479553222656,50044000
2022-09-01,296.7200012207031,299.7799987792969,292.95001220703125,299.3999938964844,291.8746032714844,57990700
2022-09-02,302.3399963378906,303.75,293.5199890136719,295.1700134277344,287.7510070800781,64666800
2022-09-06,295.6600036621094,296.6000061035156,290.8699951171875,293.04998779296875,285.68426513671875,57005400
2022-09-07,293.5400085449219,299.989990234375,293.2699890136719,298.9700012207031,291.4554443359375,49260400
2022-09-08,296.8500061035156,301.8699951171875,295.45001220703125,300.5199890136719,292.96649169921875,55649800
2022-09-09,302.8299865722656,307.6000061035156,300.5199890136719,307.0899963378906,299.37139892578125,56125200
2022-09-12,308.5,311.0799865722656,308.17999267578125,310.739990234375,302.92962646484375,45905700
2022-09-13,301.79998779296875,303.0199890136719,292.7900085449219,293.70001220703125,286.3179931640625,79562200
2022-09-14,294.8699951171875,296.92999267578125,293.05999755859375,296.0299987792969,288.5893859863281,54907200
2022-09-15,294.07000732421875,296.5299987792969,289.4599914550781,291.1000061035156,283.7833557128906,65299400
2022-09-16,287.7200012207031,289.7200012207031,285.6199951171875,289.32000732421875,282.0480041503906,79920400
2022-09-19,286.1000061035156,291.2099914550781,286.0400085449219,291.04998779296875,284.24444580078125,52613800
2022-09-20,288.489990234375,291.07000732421875,286.3800048828125,288.7300109863281,281.9786682128906,51271100
2022-09-21,289.5899963378906,293.95001220703125,283.4200134277344,283.55999755859375,276.9295654296875,82931000
2022-09-22,282,283.0299987792969,278.82000732421875,280.07000732421875,273.521240234375,62757100
2022-09-23,277.54998779296875,277.8500061035156,272.0199890136719,275.510009765625,269.06787109375,74815200
2022-09-26,275.0299987792969,279.489990234375,273.55999755859375,274.3699951171875,267.9544677734375,71176700
2022-09-27,277.80999755859375,280.2099914550781,272.1099853515625,274.4800109863281,268.06195068359375,69780100
2022-09-28,274.4599914550781,281.25,272.95001220703125,279.94000244140625,273.3941955566406,79652100
2022-09-29,275.8599853515625,276.25,268.8399963378906,271.8699951171875,265.5129089355469,81216000
2022-09-30,271.0299987792969,275.19000244140625,267.1000061035156,267.260009765625,261.0107116699219,78482400
2022-10-03,269.07000732421875,275.1600036621094,267.5299987792969,273.5299987792969,267.1341247558594,61267400
2022-10-04,278.989990234375,282.8500061035156,278.989990234375,282.1300048828125,275.532958984375,66696900
2022-10-05,278.2799987792969,283.80999755859375,275.4200134277344,281.9800109863281,275.3865661621094,55766300
2022-10-06,280.9599914550781,284.17999267578125,279.42999267578125,279.760009765625,273.2184753417969,53489400
2022-10-07,275.0199890136719,275.1499938964844,267.739990234375,269.1000061035156,262.80767822265625,71354700
2022-10-10,269.29998779296875,269.70001220703125,263.6400146484375,266.4100036621094,260.18060302734375,60393000
2022-10-11,264.70001220703125,267.6300048828125,261.0299987792969,262.75,256.60614013671875,66522500
2022-10-12,263.3999938964844,265.3599853515625,261.95001220703125,262.6600036621094,256.5183410644531,50580200
2022-10-13,255.16000366210938,270.1700134277344,254.25999450683594,268.82000732421875,262.53424072265625,112894100
2022-10-14,271.20001220703125,271.80999755859375,260.1400146484375,260.739990234375,254.6432342529297,77244300
2022-10-17,266.8399963378906,270.239990234375,266.739990234375,269.3500061035156,263.0518798828125,64576500
2022-10-18,276.5299987792969,277.2099914550781,268.739990234375,271.4800109863281,265.13201904296875,69781000
2022-10-19,269.92999267578125,273.67999267578125,268.07000732421875,270.489990234375,264.16510009765625,53115400
2022-10-20,269.5799865722656,274.8399963378906,267.9200134277344,269.1099853515625,262.8174743652344,60605500
2022-10-21,267.9800109863281,275.9700012207031,266.82000732421875,275.4200134277344,268.97991943359375,77897700
2022-10-24,275.69000244140625,279.3999938964844,271.9700012207031,278.45001220703125,271.9391174316406,63963600
2022-10-25,279.4100036621094,284.6000061035156,277.8999938964844,284.2099914550781,277.5643005371094,59014500
2022-10-26,278.4599914550781,283.9800109863281,277.42999267578125,277.92999267578125,271.4312438964844,63492400
2022-10-27,276.7900085449219,278.2799987792969,272.3399963378906,272.8699951171875,266.4895324707031,57760300
2022-10-28,272.2300109863281,281.70001220703125,272.05999755859375,281.2200012207031,274.6443176269531,62651300
2022-10-31,278.9200134277344,279.760009765625,275.989990234375,277.95001220703125,271.4507141113281,47742000
2022-11-01,281.5,282.07000732421875,274.739990234375,275.1099853515625,268.67718505859375,45895900
2022-11-02,275.0799865722656,278.2099914550781,265.6099853515625,265.67999267578125,259.4676208496094,79803100
2022-11-03,263.010009765625,264.5,260.1000061035156,260.489990234375,254.3990020751953,70038900
2022-11-04,265.5299987792969,266.6099853515625,259.0799865722656,264.67999267578125,258.4909973144531,78313200
2022-11-07,265.75,268.1400146484375,263.57000732421875,267.5899963378906,261.3330078125,47333800
2022-11-08,269.1400146484375,272.8500061035156,265.5199890136719,269.5400085449219,263.2373962402344,63213800
2022-11-09,267.760009765625,268.55999755859375,263.0299987792969,263.32000732421875,257.1628723144531,64862100
2022-11-10,276.010009765625,283.04998779296875,273.8500061035156,282.75,276.1384582519531,99256700
2022-11-11,282.55999755859375,288.6400146484375,281.19000244140625,287.9599914550781,281.2266845703125,66961800
2022-11-14,285.8599853515625,289.2099914550781,284.44000244140625,285.44000244140625,278.765625,55290700
2022-11-15,292.2099914550781,293.260009765625,285.9700012207031,289.3900146484375,282.6232604980469,73985400
2022-11-16,287.3900146484375,289.4800109863281,284.6000061035156,285.44000244140625,278.765625,48859800
2022-11-17,280.8800048828125,286.32000732421875,280.7200012207031,284.80999755859375,278.150390625,55462100
2022-11-18,287.8900146484375,287.989990234375,282.32000732421875,284.82000732421875,278.16009521484375,53588600
2022-11-21,283.3999938964844,284.5799865722656,281.0400085449219,281.8900146484375,275.2986145019531,40083500
2022-11-22,282.6400146484375,286.1099853515625,280.4599914550781,285.95001220703125,279.263671875,41873400
2022-11-23,285.9700012207031,289.4599914550781,285.7900085449219,288.82000732421875,282.0665283203125,46390000
2022-11-25,287.19000244140625,287.9100036621094,286.4200134277344,286.9200134277344,280.2110595703125,15498800
2022-11-28,284.8999938964844,286.9599914550781,281.760009765625,282.7099914550781,276.099365234375,38714200
2022-11-29,282.94000244140625,283.3500061035156,279.1700134277344,280.57000732421875,274.0094909667969,35618900
2022-11-30,280.8399963378906,293.4700012207031,279.9700012207031,293.3599853515625,286.50042724609375,74718100
2022-12-01,293.69000244140625,295.75,290.8800048828125,293.7200012207031,286.85205078125,51547300
2022-12-02,288.5400085449219,293.45001220703125,288.3599853515625,292.54998779296875,285.7093200683594,53583200
2022-12-05,290.3800048828125,291.67999267578125,286.1499938964844,287.6400146484375,280.9141845703125,41482100
2022-12-06,287.4800109863281,287.6199951171875,280.260009765625,281.67999267578125,275.0935363769531,53937600
2022-12-07,280.4700012207031,282.57000732421875,278.7799987792969,280.5299987792969,273.97039794921875,45614300
2022-12-08,281.9100036621094,284.8399963378906,279.7900085449219,283.8500061035156,277.2127990722656,42594900
2022-12-09,282.80999755859375,285.6400146484375,281.5899963378906,282.0400085449219,275.4451904296875,47860500
2022-12-12,282.2200012207031,285.6400146484375,281.1600036621094,285.5799865722656,278.9023132324219,35732500
2022-12-13,296.6499938964844,296.8800048828125,285.9100036621094,288.6499938964844,281.9005432128906,80667700
2022-12-14,288.04998779296875,291.4100036621094,283.19000244140625,286.510009765625,279.8106384277344,64984400
2022-12-15,282.3299865722656,283.010009765625,275.6700134277344,276.8900146484375,270.4155578613281,60554100
2022-12-16,276.20001220703125,277.7699890136719,272.6099853515625,274.25,267.8372497558594,68300400
2022-12-19,273.8699951171875,273.9599914550781,268.489990234375,269.75,264.0732116699219,44167900
2022-12-20,268.55999755859375,271.32000732421875,266.95001220703125,269.5400085449219,263.86767578125,51064200
2022-12-21,270.6000061035156,274.7799987792969,269.739990234375,273.45001220703125,267.6952819824219,46394700
2022-12-22,270.3800048828125,270.510009765625,262.4599914550781,266.760009765625,261.1461486816406,60278400
2022-12-23,265.4700012207031,268.0400085449219,263.5299987792969,267.3599853515625,261.73345947265625,39373600
2022-12-27,266.739990234375,266.8500061035156,263.0299987792969,263.5799865722656,258.03302001953125,38009000
2022-12-28,263.1700134277344,265.4700012207031,259.7300109863281,260.1000061035156,254.6262969970703,47139000
2022-12-29,262.9599914550781,267.3999938964844,262.25,266.44000244140625,260.83282470703125,45893600
2022-12-30,263.6199951171875,266.4100036621094,262.2900085449219,266.2799987792969,260.67620849609375,37858300
2023-01-03,268.6499938964844,270.1499938964844,262.1300048828125,264.4800109863281,258.91412353515625,42335300
2023-01-04,266.6400146484375,267.45001220703125,262.5299987792969,265.739990234375,260.1475830078125,47754900
2023-01-05,264.0400085449219,264.2099914550781,261.260009765625,261.5799865722656,256.0751037597656,45396700
2023-01-06,263.3500061035156,269.94000244140625,260.3399963378906,268.79998779296875,263.1432189941406,54659700
2023-01-09,270.8299865722656,275.2900085449219,269.9200134277344,270.5400085449219,264.8465881347656,45568700
2023-01-10,269.489990234375,272.94000244140625,268.9700012207031,272.8299865722656,267.08837890625,35247800
2023-01-11,273.9200134277344,277.6600036621094,273.1199951171875,277.54998779296875,271.7090759277344,44077000
2023-01-12,278.1199951171875,280.1000061035156,273.739990234375,279.04998779296875,273.1775207519531,60600000
2023-01-13,276.5,281.2200012207031,276.1600036621094,280.9700012207031,275.0571594238281,44802900
2023-01-17,280.7699890136719,282.8500061035156,279.5799865722656,281.5400085449219,275.61505126953125,36269700
2023-01-18,283.1099853515625,284.69000244140625,277.6700134277344,277.8800048828125,272.0321044921875,47754500
2023-01-19,276.2200012207031,277.3800048828125,273.8900146484375,275.1499938964844,269.35955810546875,44150400
2023-01-20,276.7900085449219,283.0199890136719,275.7099914550781,282.67999267578125,276.7310485839844,60613600
2023-01-23,283.5400085449219,290.2099914550781,282.7300109863281,288.9599914550781,282.87890625,52799900
2023-01-24,287.30999755859375,289.54998779296875,286.7799987792969,288.3699951171875,282.3013610839844,44875100
2023-01-25,283.7699890136719,288.3599853515625,281.17999267578125,287.7300109863281,281.6748046875,50872000
2023-01-26,291.2200012207031,293.5199890136719,288.5199890136719,293.3399963378906,287.1667785644531,51596300
2023-01-27,292,298.260009765625,291.8800048828125,296.260009765625,290.0252990722656,56441900
2023-01-30,292.92999267578125,294.3800048828125,289.8900146484375,290.2699890136719,284.1613464355469,49405800
2023-01-31,290.30999755859375,294.7200012207031,290.20001220703125,294.6199951171875,288.4197998046875,46705100
2023-02-01,294.4100036621094,303.42999267578125,292.29998779296875,300.9200134277344,294.5872497558594,67562200
2023-02-02,307.57000732421875,313.67999267578125,306.7300109863281,311.7200012207031,305.159912109375,83070600
2023-02-03,304.94000244140625,312.3900146484375,304.5400085449219,306.17999267578125,299.736572265625,76170800
2023-02-06,303.510009765625,305.9100036621094,302.2200012207031,303.5899963378906,297.2010803222656,40802300
2023-02-07,303.4599914550781,311.0299987792969,302.32000732421875,309.8800048828125,303.3587341308594,67584000
2023-02-08,308.5400085449219,309.5,303.6700134277344,304.3699951171875,297.96466064453125,56720900
2023-02-09,308.8399963378906,308.989990234375,300.20001220703125,301.67999267578125,295.3312683105469,49137800
2023-02-10,299.4800109863281,301.57000732421875,297.25,299.70001220703125,293.3929138183594,50050100
2023-02-13,301.1300048828125,305.1000061035156,299.92999267578125,304.5,298.09185791015625,39636700
2023-02-14,302.8900146484375,307.7200012207031,300.9100036621094,306.75,300.2945556640625,64079100
2023-02-15,304.8999938964844,309.2699890136719,304.20001220703125,309.1000061035156,302.59515380859375,43100600
2023-02-16,304.3800048828125,308.42999267578125,303.1499938964844,303.29998779296875,296.9171447753906,59498600
2023-02-17,301.07000732421875,301.92999267578125,298.1000061035156,301.1600036621094,294.8222351074219,58230700
2023-02-21,297.260009765625,298.7300109863281,293.8900146484375,294.0299987792969,287.8423156738281,46526700
2023-02-22,294.6199951171875,296.3599853515625,292.55999755859375,294.25,288.0576171875,51389200
2023-02-23,297.9700012207031,298.1300048828125,292.54998779296875,296.82000732421875,290.5735168457031,69294400
2023-02-24,291.760009765625,292.9700012207031,290.04998779296875,291.8500061035156,285.7080993652344,74332000
2023-02-27,295.07000732421875,296.489990234375,293.3399963378906,293.94000244140625,287.7541198730469,48995000
2023-02-28,293.29998779296875,296.1199951171875,292.9599914550781,293.55999755859375,287.3821105957031,48243100
2023-03-01,293.260009765625,293.92999267578125,290.20001220703125,291.20001220703125,285.0718688964844,58287000
2023-03-02,288.6600036621094,294.42999267578125,288.3699951171875,293.6099853515625,287.4310607910156,53565900
2023-03-03,295.3900146484375,299.9200134277344,294.8699951171875,299.67999267578125,293.37335205078125,60511500
2023-03-06,300.94000244140625,304,299.82000732421875,300.0199890136719,293.7061462402344,56736300
2023-03-07,300.07000732421875,301.010009765625,295.7200012207031,296.3399963378906,290.1036376953125,65955800
2023-03-08,296.7699890136719,298.42999267578125,294.8800048828125,297.82000732421875,291.552490234375,50876300
2023-03-09,298.3299865722656,300.9800109863281,291.8299865722656,292.6600036621094,286.5011291503906,71456700
2023-03-10,292.8299865722656,294.3500061035156,287.3800048828125,288.54998779296875,282.4775390625,98593600
2023-03-13,286.7300109863281,294.4700012207031,285.19000244140625,290.69000244140625,284.5725402832031,97123600
2023-03-14,294.30999755859375,297.92999267578125,293.45001220703125,297.3699951171875,291.1119079589844,73602500
2023-03-15,294.7099914550781,299.2699890136719,293.239990234375,298.92999267578125,292.6391296386719,83631500
2023-03-16,298,307.17999267578125,297.19000244140625,306.80999755859375,300.353271484375,98198100
2023-03-17,306.7200012207031,309.1499938964844,303.3699951171875,305.3599853515625,298.933837890625,89923700
2023-03-20,304.260009765625,306.29998779296875,302.010009765625,305.9700012207031,299.99462890625,56359500
2023-03-21,307.94000244140625,310.79998779296875,306.3999938964844,310.3399963378906,304.27935791015625,49757000
2023-03-22,310.2699890136719,315.25,305.95001220703125,306.1199951171875,300.1417541503906,75791900
2023-03-23,309.9200134277344,314.1499938964844,307.010009765625,309.75,303.7008972167969,74576000
2023-03-24,309.32000732421875,310.989990234375,306.95001220703125,310.8900146484375,304.818603515625,57195200
2023-03-27,311.6000061035156,312.70001220703125,307.8900146484375,308.760009765625,302.7301940917969,50287400
2023-03-28,308.1700134277344,308.20001220703125,304.7699890136719,307.1199951171875,301.1221923828125,48585900
2023-03-29,310.8800048828125,313.3500061035156,310.04998779296875,312.7200012207031,306.61279296875,53274300
2023-03-30,315.239990234375,316.32000732421875,312.80999755859375,315.67999267578125,309.5150146484375,58354800
2023-03-31,315.9100036621094,321.1700134277344,315.6000061035156,320.92999267578125,314.6624755859375,62138100
2023-04-03,318.7699890136719,320.4200134277344,317.4200134277344,320.1499938964844,313.8977966308594,47126800
2023-04-04,320.6000061035156,321.6300048828125,317.8299865722656,319.07000732421875,312.8388366699219,45875400
2023-04-05,318.1000061035156,319.05999755859375,314.07000732421875,315.9200134277344,309.7503356933594,62795700
2023-04-06,314.239990234375,318.54998779296875,312.82000732421875,318.04998779296875,311.8387451171875,46916500
2023-04-10,315.07000732421875,317.9200134277344,313.25,317.8699951171875,311.6623229980469,45134700
2023-04-11,317.8299865722656,317.8900146484375,315.30999755859375,315.8299865722656,309.66204833984375,40113600
2023-04-12,317.82000732421875,318.4200134277344,312.57000732421875,313.0400085449219,306.9266357421875,62813300
2023-04-13,314.8299865722656,319.6499938964844,313.6300048828125,319.1700134277344,312.9369201660156,54613800
2023-04-14,317.5899963378906,320.3599853515625,315.6099853515625,318.57000732421875,312.3486328125,56278300
2023-04-17,318.1499938964844,319.20001220703125,316.0400085449219,318.8399963378906,312.61334228515625,43007000
2023-04-18,320.989990234375,321.4200134277344,317.6400146484375,318.8599853515625,312.6329650878906,46746900
2023-04-19,316.4100036621094,319.7900085449219,316.2799987792969,318.7099914550781,312.4858703613281,38960100
2023-04-20,315.69000244140625,319.2699890136719,314.9700012207031,316.2799987792969,310.1033630371094,62462100
2023-04-21,315.9100036621094,317.3999938964844,314.1000061035156,316.6099853515625,310.42694091796875,59002300
2023-04-24,316.3800048828125,317.739990234375,313.739990234375,315.95001220703125,309.7798156738281,44043100
2023-04-25,314.2900085449219,314.9700012207031,309.8900146484375,309.989990234375,303.9361267089844,57121600
2023-04-26,313.44000244140625,314.94000244140625,311.3399963378906,311.8699951171875,305.7794494628906,55400500
2023-04-27,315.70001220703125,320.8599853515625,315.04998779296875,320.3500061035156,314.0938415527344,65430400
2023-04-28,320.1099853515625,322.6499938964844,318.9599914550781,322.55999755859375,316.26068115234375,59712600
2023-05-01,322.0899963378906,323.6300048828125,321.0899963378906,322.19000244140625,315.8978576660156,41013400
2023-05-02,322.1199951171875,322.45001220703125,317.6099853515625,319.3800048828125,313.1427917480469,56519400
2023-05-03,319.75,322.4700012207031,317.17999267578125,317.2900085449219,311.0935974121094,59882100
2023-05-04,317.05999755859375,318.2300109863281,315.1199951171875,316.1700134277344,309.9954833984375,50224500
2023-05-05,318.4700012207031,323.760009765625,316.2099914550781,322.8900146484375,316.5841979980469,51806100
2023-05-08,322.4200134277344,324.0400085449219,321.32000732421875,323.69000244140625,317.36865234375,36465800
2023-05-09,322,322.8800048828125,321.32000732421875,321.6400146484375,315.3587341308594,31768800
2023-05-10,324.1199951171875,326.010009765625,321.6000061035156,325.1400146484375,318.790283203125,60446600
2023-05-11,325.70001220703125,326.75,324.1199951171875,326.20001220703125,319.8296813964844,44278500
2023-05-12,326.739990234375,327.1700134277344,322.94000244140625,325.0299987792969,318.68243408203125,48432800
2023-05-15,325.510009765625,327.0299987792969,323.9599914550781,326.7900085449219,320.4080810546875,33375600
2023-05-16,326.05999755859375,328.8999938964844,326.0199890136719,327.1600036621094,320.7709045410156,40019200
2023-05-17,328.239990234375,331.7099914550781,327.0400085449219,331.1199951171875,324.6534423828125,47486100
2023-05-18,331.5199890136719,337.489990234375,331.5,337.2699890136719,330.6833801269531,64213500
2023-05-19,337.489990234375,338.2099914550781,335.42999267578125,336.510009765625,329.938232421875,61554900
2023-05-22,336.25,338.6700134277344,336.239990234375,337.6400146484375,331.0461730957031,43015900
2023-05-23,335.8900146484375,337.05999755859375,333,333.3599853515625,326.8497314453125,48216700
2023-05-24,331.3699951171875,332.9100036621094,329.55999755859375,331.6499938964844,325.17315673828125,62891200
2023-05-25,339.1400146484375,341.010009765625,336.6700134277344,339.7200012207031,333.0855407714844,66862800
2023-05-26,340.760009765625,349.25,340.6600036621094,348.3999938964844,341.59600830078125,63007000
2023-05-30,352.7099914550781,353.92999267578125,348.5299987792969,349.9800109863281,343.1452331542969,72652200
2023-05-31,348.3699951171875,350.6000061035156,346.510009765625,347.989990234375,341.1940612792969,65105400
2023-06-01,347.7300109863281,353.3599853515625,346.6600036621094,352.010009765625,345.13555908203125,50488600
2023-06-02,353.79998779296875,355.8299865722656,352.010009765625,354.6499938964844,347.7239990234375,53372100
2023-06-05,354.42999267578125,357.5,353.8500061035156,354.8999938964844,347.9691467285156,47266200
2023-06-06,354.2799987792969,355.82000732421875,352.92999267578125,354.8399963378906,347.9102478027344,41390400
2023-06-07,355.1300048828125,357.1199951171875,348.17999267578125,348.82000732421875,342.0078125,69225900
2023-06-08,349.1199951171875,353.6199951171875,348.8900146484375,353.1499938964844,346.2532958984375,47153900
2023-06-09,354.6300048828125,357.6600036621094,353.0299987792969,354.5,347.576904296875,53196900
2023-06-12,356.19000244140625,360.5899963378906,355.20001220703125,360.489990234375,353.449951171875,44606500
2023-06-13,363.2900085449219,364.1099853515625,360.0299987792969,363.260009765625,356.1658020019531,57097800
2023-06-14,363.2699890136719,366.19000244140625,360.4200134277344,365.8999938964844,358.7543029785156,69525600
2023-06-15,364.6099853515625,371.7699890136719,363.9800109863281,370.260009765625,363.0291442871094,71138800
2023-06-16,372.7200012207031,372.8500061035156,367.4800109863281,367.92999267578125,360.7446594238281,80932000
2023-06-20,365.95001220703125,368.32000732421875,363.8900146484375,366.8999938964844,360.22821044921875,49204700
2023-06-21,365.739990234375,366.17999267578125,360.9599914550781,361.8999938964844,355.3191223144531,53378300
2023-06-22,360.6300048828125,366.3299865722656,360.2200012207031,366.1700134277344,359.5115661621094,47603000
2023-06-23,362.2099914550781,364.8800048828125,360.82000732421875,362.5400085449219,355.947509765625,48922900
2023-06-26,362,364.8399963378906,357.5899963378906,357.67999267578125,351.17578125,52685500
2023-06-27,359.25,364.57000732421875,358.510009765625,363.8299865722656,357.2139587402344,49428100
2023-06-28,361.9800109863281,366.5199890136719,361.8999938964844,364.5400085449219,357.9111328125,46498000
2023-06-29,364.239990234375,364.8900146484375,362.1400146484375,363.80999755859375,357.19439697265625,46151000
2023-06-30,367.54998779296875,370.489990234375,367.2300109863281,369.4200134277344,362.7024230957031,58712500
2023-07-03,370.07000732421875,370.92999267578125,368.9700012207031,370.2900085449219,363.5565185546875,19432900
2023-07-05,368.70001220703125,372.010009765625,368.6600036621094,370.2799987792969,363.54681396484375,34460900
2023-07-06,366.510009765625,367.9100036621094,364.5199890136719,367.4599914550781,360.7779846191406,49374700
2023-07-07,367.2300109863281,370.4800109863281,366.010009765625,366.239990234375,359.5802001953125,47133700
2023-07-10,365.9599914550781,367.04998779296875,363.4100036621094,366.3599853515625,359.69805908203125,48498800
2023-07-11,366.7900085449219,368.6300048828125,364.6199951171875,368.1700134277344,361.4751892089844,38214100
2023-07-12,372.3399963378906,374.19000244140625,370.29998779296875,372.82000732421875,366.0405578613281,61975400
2023-07-13,376.04998779296875,379.989990234375,375.4599914550781,379.1499938964844,372.2554931640625,46960000
2023-07-14,379.5899963378906,382.8599853515625,378.17999267578125,379.07000732421875,372.17694091796875,55148500
2023-07-17,379.79998779296875,383.5,379.30999755859375,382.6099853515625,375.6525573730469,40868900
2023-07-18,381.9599914550781,387.1300048828125,380,385.739990234375,378.7256164550781,55262000
2023-07-19,386.82000732421875,387.9800109863281,384.29998779296875,385.6499938964844,378.6372375488281,54093000
2023-07-20,382.6099853515625,384.1000061035156,375.7200012207031,376.760009765625,369.908935546875,71941700
2023-07-21,379.17999267578125,379.9200134277344,375.19000244140625,375.6300048828125,368.79949951171875,60499600
2023-07-24,376.6199951171875,377.5799865722656,374.3399963378906,376.2300109863281,369.3885192871094,40380100
2023-07-25,376.95001220703125,380.4700012207031,376.92999267578125,378.7799987792969,371.8921813964844,38894400
2023-07-26,377.7200012207031,379.239990234375,375.17999267578125,377.5199890136719,370.6551513671875,47075700
2023-07-27,383.07000732421875,384.7099914550781,375.30999755859375,376.6199951171875,369.7715148925781,63940200
2023-07-28,380.739990234375,384.5199890136719,380.2200012207031,383.4800109863281,376.5067443847656,56902900
2023-07-31,383.7900085449219,384.8800048828125,382.3399963378906,383.67999267578125,376.7030334472656,44019900
2023-08-01,382.30999755859375,383.55999755859375,380.69000244140625,382.7900085449219,375.82928466796875,41060600
2023-08-02,379.260009765625,379.260009765625,373.1300048828125,374.3900146484375,367.58203125,72687100
2023-08-03,371.94000244140625,375.95001220703125,371.7699890136719,373.7900085449219,366.9929504394531,47666400
2023-08-04,375.75,378.1000061035156,371.5299987792969,372.0400085449219,365.2747497558594,61702800
2023-08-07,373.8800048828125,375.2900085449219,371.510009765625,375.19000244140625,368.3674621582031,37230400
2023-08-08,372.6400146484375,372.6600036621094,368.82000732421875,372,365.2355041503906,44726500
2023-08-09,372.2900085449219,372.45001220703125,367.1400146484375,367.9100036621094,361.2198486328125,51150900
2023-08-10,370.9700012207031,374.3599853515625,367.0400085449219,368.5899963378906,361.8874816894531,72035300
2023-08-11,365.989990234375,368,364.69000244140625,366.239990234375,359.5802001953125,48707200
2023-08-14,365.42999267578125,370.4700012207031,364.70001220703125,370.3500061035156,363.615478515625,42130800
2023-08-15,369.3599853515625,370.1700134277344,365.739990234375,366.4200134277344,359.7569580078125,45539900
2023-08-16,365.8699951171875,367.42999267578125,362.44000244140625,362.5400085449219,355.947509765625,53190500
2023-08-17,363.9599914550781,364.30999755859375,358.1600036621094,358.5799865722656,352.05950927734375,62604300
2023-08-18,355.260009765625,359.4100036621094,354.7099914550781,358.1300048828125,351.6177062988281,61191400
2023-08-21,359.6199951171875,364.5899963378906,359.1499938964844,363.8999938964844,357.2827453613281,50696500
2023-08-22,366.54998779296875,366.55999755859375,362.67999267578125,363.3800048828125,356.77227783203125,44530200
2023-08-23,364.5799865722656,370.2200012207031,364.3599853515625,369.1099853515625,362.3980407714844,51770600
2023-08-24,372.6400146484375,372.739990234375,361.010009765625,361.2200012207031,354.6514587402344,66842500
2023-08-25,362.07000732421875,365.739990234375,358.5799865722656,364.0199890136719,357.4004821777344,69960500
2023-08-28,366.989990234375,367.7099914550781,364.25,366.760009765625,360.0907897949219,40910000
2023-08-29,366.55999755859375,375.1300048828125,366.2300109863281,374.7699890136719,367.955078125,58492400
2023-08-30,374.8800048828125,377.45001220703125,373.8599853515625,376.8599853515625,370.0071105957031,41731500
2023-08-31,376.94000244140625,379.7200012207031,376.8699951171875,377.989990234375,371.1165466308594,35730700
2023-09-01,380.3999938964844,380.8299865722656,376.0799865722656,377.5899963378906,370.7237854003906,39801200
2023-09-05,376.7699890136719,379.30999755859375,375.8299865722656,378.07000732421875,371.1950988769531,32344200
2023-09-06,377.2799987792969,377.6300048828125,372.70001220703125,374.739990234375,367.9256286621094,42998700
2023-09-07,370.2099914550781,372.8500061035156,369.1499938964844,372.05999755859375,365.2944030761719,52060700
2023-09-08,372.010009765625,374.8500061035156,371.6000061035156,372.5799865722656,365.8048400878906,35800100
2023-09-11,375.6600036621094,377.489990234375,373.6600036621094,376.9700012207031,370.11505126953125,39936600
2023-09-12,375.2699890136719,376.95001220703125,372.5,372.7900085449219,366.0110778808594,41391000
2023-09-13,373.0299987792969,375.8399963378906,371.8800048828125,374.2099914550781,367.4052734375,46300700
2023-09-14,375.989990234375,378.2699890136719,373.8900146484375,377.2699890136719,370.4096374511719,48039400
2023-09-15,375.9100036621094,376.32000732421875,369.8599853515625,370.80999755859375,364.06707763671875,69811200
2023-09-18,369.32000732421875,371.7900085449219,369.0299987792969,370.6600036621094,364.4466857910156,36903500
2023-09-19,369.32000732421875,370.67999267578125,366.79998779296875,369.8699951171875,363.66986083984375,37621700
2023-09-20,370.95001220703125,371.30999755859375,364.4599914550781,364.5400085449219,358.42926025390625,45514200
2023-09-21,360.79998779296875,361.6000061035156,357.69000244140625,357.8599853515625,351.8612060546875,69734800
2023-09-22,359.6300048828125,361.79998779296875,357.5899963378906,357.9100036621094,351.9103698730469,51589700
2023-09-25,356.92999267578125,359.70001220703125,355.92999267578125,359.6099853515625,353.5818786621094,39168000
2023-09-26,356.989990234375,357.5400085449219,353.2099914550781,354.2099914550781,348.2724304199219,53657700
2023-09-27,355.3800048828125,356.9800109863281,351.3599853515625,355.0400085449219,349.08843994140625,56066000
2023-09-28,354.1099853515625,360.1700134277344,353.239990234375,358.010009765625,352.0086975097656,56453300
2023-09-29,361.5400085449219,362.95001220703125,357.0199890136719,358.2699890136719,352.26434326171875,64829600
2023-10-02,358.5400085449219,362.67999267578125,357.9200134277344,361.260009765625,355.2042236328125,51625100
2023-10-03,358.7799987792969,361.010009765625,353.2799987792969,354.9200134277344,348.97052001953125,60478500
2023-10-04,355.7699890136719,360.6099853515625,355.29998779296875,359.75,353.7195129394531,54786700
2023-10-05,359.739990234375,360.1499938964844,355.1400146484375,358.69000244140625,352.6772766113281,45897400
2023-10-06,355.6499938964844,365.9100036621094,354.8500061035156,364.70001220703125,358.5865783691406,75049100
2023-10-09,362.29998779296875,367.1099853515625,360.7799987792969,366.55999755859375,360.4154052734375,45304800
2023-10-10,366.8999938964844,371.2799987792969,366.3900146484375,368.5899963378906,362.4113464355469,46968800
2023-10-11,369.94000244140625,371.4100036621094,368.19000244140625,371.2200012207031,364.9972229003906,38215100
2023-10-12,371.7300109863281,373.739990234375,367.5,369.92999267578125,363.7288818359375,49587900
2023-10-13,370.57000732421875,371.1600036621094,363.8599853515625,365.2799987792969,359.1568298339844,52469900
2023-10-16,366.6199951171875,370.4800109863281,366.4700012207031,369.4100036621094,363.2176513671875,44201100
2023-10-17,365.80999755859375,369.9200134277344,363.6600036621094,368.20001220703125,362.02789306640625,50999100
2023-10-18,365.6700134277344,367.9100036621094,362.0199890136719,363.3699951171875,357.2788391113281,54280500
2023-10-19,364.80999755859375,366.0199890136719,359.1600036621094,359.9700012207031,353.93585205078125,72274200
2023-10-20,359.4599914550781,360.0400085449219,354.3699951171875,354.6000061035156,348.6558837890625,72559700
2023-10-23,353.260009765625,359.260009765625,351.1199951171875,355.6700134277344,349.70794677734375,60665200
2023-10-24,357.510009765625,359.9100036621094,355.7900085449219,359.1300048828125,353.1098937988281,47082100
2023-10-25,356.70001220703125,356.8800048828125,349.75,350.3399963378906,344.4672546386719,71190500
2023-10-26,349.1199951171875,350.07000732421875,342.3500061035156,343.6600036621094,337.8992614746094,78621400
2023-10-27,346.42999267578125,348.8399963378906,344.0799865722656,345.30999755859375,339.5216369628906,63476700
2023-10-30,347.8299865722656,350.5400085449219,346.45001220703125,349.20001220703125,343.34637451171875,55298500
2023-10-31,349.2300109863281,351.25,346.6199951171875,350.8699951171875,344.9884033203125,47671900
2023-11-01,351.7200012207031,357.5299987792969,351.6199951171875,356.9599914550781,350.976318359375,58992700
2023-11-02,361.5400085449219,363.67999267578125,360.29998779296875,363.44000244140625,357.3476867675781,58162400
2023-11-03,364.75,369.0199890136719,364.5199890136719,367.7099914550781,361.5461120605469,53280500
2023-11-06,368.489990234375,369.7799987792969,366.9100036621094,369.2099914550781,363.0209655761719,38848700
2023-11-07,370.2699890136719,373.5799865722656,369.04998779296875,372.70001220703125,366.4524230957031,50777400
2023-11-08,373.0799865722656,373.7900085449219,370.6199951171875,372.94000244140625,366.68841552734375,35663400
2023-11-09,373.6400146484375,374.79998779296875,369.57000732421875,370.07000732421875,363.8664855957031,53859400
2023-11-10,371.82000732421875,378.5400085449219,371.2799987792969,378.3900146484375,372.04718017578125,58309800
2023-11-13,376.7900085449219,378.2799987792969,375.239990234375,377.2099914550781,370.8868408203125,40733500
2023-11-14,383.7099914550781,386.260009765625,383.17999267578125,385.3299865722656,378.8706970214844,67792600
2023-11-15,387.25,387.75,384.239990234375,385.6199951171875,379.1557922363281,54141400
2023-11-16,384.8399963378906,386.19000244140625,383.55999755859375,385.95001220703125,379.48028564453125,45343500
2023-11-17,385.2099914550781,387.07000732421875,384.2900085449219,386.0400085449219,379.56884765625,46571900
2023-11-20,386.04998779296875,391.4100036621094,386.04998779296875,390.739990234375,384.1900634765625,44429600
2023-11-21,389.010009765625,389.2300109863281,386.70001220703125,388.4700012207031,381.95806884765625,43337000
2023-11-22,390.57000732421875,393.07000732421875,389.0400085449219,390.05999755859375,383.5214538574219,44121000
2023-11-24,389.6499938964844,390.25,388.5,389.510009765625,382.9806823730469,15718800
2023-11-27,389.010009765625,391.1499938964844,388.2799987792969,389.1700134277344,382.6463623046875,34139700
2023-11-28,388.4100036621094,390.7799987792969,388.04998779296875,390.19000244140625,383.6492614746094,35491100
2023-11-29,392.69000244140625,394.1400146484375,389.4599914550781,389.80999755859375,383.2756042480469,38811700
2023-11-30,390.0799865722656,390.54998779296875,385.82000732421875,388.8299865722656,382.31207275390625,52834400
2023-12-01,387.75,390.5400085449219,386.07000732421875,389.94000244140625,383.4034423828125,40490100
2023-12-04,386.0899963378906,386.6000061035156,382.6600036621094,386.32000732421875,379.8441467285156,51186900
2023-12-05,384.3900146484375,388.5,384.2099914550781,387.2900085449219,380.7978820800781,42933000
2023-12-06,390.2699890136719,390.3699951171875,384.70001220703125,385.04998779296875,378.59539794921875,41994100
2023-12-07,388.07000732421875,391.2699890136719,386.9599914550781,390.42999267578125,383.8851623535156,49593500
2023-12-08,388.6700134277344,392.6199951171875,388.4800109863281,392.1700134277344,385.5960998535156,46687500
2023-12-11,391.739990234375,395.7900085449219,391.5299987792969,395.5199890136719,388.889892578125,41198000
2023-12-12,395.55999755859375,398.7900085449219,394.4100036621094,398.6700134277344,391.9871826171875,39221200
2023-12-13,399.6199951171875,404.3599853515625,398.8399963378906,403.739990234375,396.97210693359375,55408100
2023-12-14,404.9800109863281,406.29998779296875,400.3399963378906,403.3900146484375,396.62799072265625,55447800
2023-12-15,404.17999267578125,406.5400085449219,403.57000732421875,405.3399963378906,398.54534912109375,62896600
2023-12-18,404.92999267578125,407.989990234375,404.6000061035156,407.0799865722656,401.05560302734375,46610000
2023-12-19,407.5400085449219,409.2799987792969,407.3500061035156,409.1600036621094,403.1048278808594,35711900
2023-12-20,408.3500061035156,410.4700012207031,402.8999938964844,403.0799865722656,397.1147766113281,54042400
2023-12-21,407.05999755859375,408.1400146484375,404.4700012207031,407.7699890136719,401.7354736328125,45568900
2023-12-22,409,409.9700012207031,406.4800109863281,408.3800048828125,402.3363342285156,34314000
2023-12-26,409.25,411.55999755859375,409.1499938964844,410.8800048828125,404.7994384765625,22722500
2023-12-27,410.95001220703125,411.7900085449219,410.0799865722656,411.5,405.6234436035156,31980500
2023-12-28,412.6700134277344,412.9200134277344,410.94000244140625,411.29998779296875,405.4262390136719,27029200
2023-12-29,411.2799987792969,411.6400146484375,407.5799865722656,409.5199890136719,403.6717224121094,42662100
2024-01-02,405.8399963378906,406.0899963378906,400.239990234375,402.5899963378906,396.84063720703125,58026900
2024-01-03,399.92999267578125,401,397.8900146484375,398.3299865722656,392.6414794921875,47002800
2024-01-04,396.44000244140625,399.5899963378906,396.05999755859375,396.2799987792969,390.62078857421875,39432800
2024-01-05,396.45001220703125,399.55999755859375,395.3399963378906,396.75,391.0841064453125,44922800
2024-01-08,397.989990234375,405.239990234375,397.8399963378906,404.95001220703125,399.1669921875,42473800
2024-01-09,401.9100036621094,406.69000244140625,401.7099914550781,405.75,399.9555969238281,39132900
2024-01-10,406.07000732421875,409.5199890136719,405.1700134277344,408.5,402.6662902832031,33962800
2024-01-11,409.7900085449219,411.20001220703125,404.239990234375,409.3500061035156,403.5041198730469,54536200
2024-01-12,410.3999938964844,411.25,408.1499938964844,409.55999755859375,403.7111511230469,39595000
2024-01-16,408.30999755859375,411.1199951171875,406.8299865722656,409.5199890136719,403.6717224121094,43903000
2024-01-17,406.1700134277344,407.5899963378906,402.9200134277344,407.2099914550781,401.3946533203125,54386000
2024-01-18,410.5199890136719,413.5799865722656,409.1600036621094,412.989990234375,407.0921325683594,59562500
2024-01-19,415.2200012207031,421.3399963378906,414.6300048828125,421.17999267578125,415.1651916503906,70325100
2024-01-22,423.4100036621094,424.7300109863281,421.1199951171875,421.7300109863281,415.70733642578125,44880600
2024-01-23,422.42999267578125,423.70001220703125,420.57000732421875,423.4800109863281,417.4323425292969,33003800
2024-01-24,427.44000244140625,429.8500061035156,425.3299865722656,425.8299865722656,419.748779296875,46948000
2024-01-25,428.3599853515625,429.0400085449219,423.9800109863281,426.3500061035156,420.2613525390625,44367200
2024-01-26,424.44000244140625,426.2099914550781,423.1499938964844,423.80999755859375,417.75762939453125,37137000
2024-01-29,424.2699890136719,428.3500061035156,423.6099853515625,428.1499938964844,422.03564453125,38694700
2024-01-30,427.1000061035156,427.67999267578125,424.3800048828125,425.29998779296875,419.2263488769531,36739000
2024-01-31,420.8500061035156,422.8699951171875,416.7900085449219,416.9700012207031,411.015380859375,64010600
2024-02-01,418.7900085449219,422.3800048828125,417.80999755859375,421.8800048828125,415.8552551269531,51008600
2024-02-02,423.79998779296875,430.239990234375,422.7900085449219,429.010009765625,422.88336181640625,59602400
2024-02-05,429.07000732421875,429.6099853515625,425,428.45001220703125,422.3313903808594,39889200
2024-02-06,429.6099853515625,430.2200012207031,425.2200012207031,427.5899963378906,421.483642578125,35846100
2024-02-07,430.4100036621094,432.8299865722656,429.0899963378906,431.989990234375,425.82080078125,37712700
2024-02-08,432.1099853515625,433.55999755859375,431.4200134277344,432.7900085449219,426.60943603515625,29889900
2024-02-09,433.94000244140625,437.8500061035156,433.1400146484375,437.04998779296875,430.8084716796875,36943900
2024-02-12,436.94000244140625,439.1400146484375,434.6499938964844,435.3399963378906,429.1230163574219,33203300
2024-02-13,427.2799987792969,431.2699890136719,425.3299865722656,428.54998779296875,422.4299621582031,64491700
2024-02-14,431.260009765625,433.6499938964844,428.8800048828125,433.2200012207031,427.03326416015625,45092700
2024-02-15,433.9200134277344,434.9800109863281,431.3299865722656,434.510009765625,428.3048400878906,38796100
2024-02-16,434.8900146484375,434.989990234375,429.8500061035156,430.57000732421875,424.4211120605469,53716500
2024-02-20,428.54998779296875,430.0799865722656,423.5,427.32000732421875,421.217529296875,53999500
2024-02-21,424.54998779296875,425.70001220703125,421.6300048828125,425.6099853515625,419.5318908691406,49779000
2024-02-22,434.489990234375,439.1199951171875,433.7099914550781,438.07000732421875,431.81396484375,53887800
2024-02-23,439.6499938964844,440.5899963378906,435.7900085449219,436.7799987792969,430.54241943359375,39853900
2024-02-26,437.6000061035156,438.6000061035156,436.3599853515625,436.54998779296875,430.3156433105469,33043200
2024-02-27,437.6700134277344,437.989990234375,435.0299987792969,437.6000061035156,431.3507080078125,33713200
2024-02-28,435.42999267578125,436.6700134277344,434.29998779296875,435.2699890136719,429.053955078125,32938800
2024-02-29,438.2300109863281,440.0899963378906,435.0199890136719,439,432.7307434082031,42495200
2024-03-01,439.8999938964844,446.5799865722656,439.8399963378906,445.6099853515625,439.2463073730469,43853000
2024-03-04,445.6099853515625,446.0400085449219,443.7699890136719,444.0199890136719,437.6790466308594,34325700
2024-03-05,440.94000244140625,440.95001220703125,433.6499938964844,436.04998779296875,429.8228454589844,57917100
2024-03-06,440.32000732421875,441.989990234375,436.8900146484375,438.7900085449219,432.5237121582031,46234500
2024-03-07,442.4200134277344,446.7200012207031,440.8599853515625,445.45001220703125,439.08856201171875,44526700
2024-03-08,445.80999755859375,448.6400146484375,438.3399963378906,439.0199890136719,432.7503967285156,72096000
2024-03-11,437.510009765625,438.6600036621094,435.44000244140625,437.3900146484375,431.1437072753906,45860000
2024-03-12,439.7300109863281,444.0199890136719,436.4599914550781,443.6600036621094,437.3241882324219,55300900
2024-03-13,442.6499938964844,442.6700134277344,439.1199951171875,440.25,433.9628601074219,37928700
2024-03-14,441.5,442.0299987792969,436.3900146484375,439.1400146484375,432.86871337890625,52195200
2024-03-15,436.07000732421875,438.8699951171875,432.739990234375,433.9200134277344,427.7232971191406,73069800
2024-03-18,438.7300109863281,441.0400085449219,437.239990234375,437.4800109863281,431.80267333984375,47323800
2024-03-19,435.45001220703125,438.9800109863281,433.3299865722656,438.57000732421875,432.8785095214844,43004100
2024-03-20,439.7799987792969,444.1099853515625,438.05999755859375,443.7699890136719,438.010986328125,43653500
2024-03-21,448.8800048828125,449.3399963378906,445.6700134277344,445.8699951171875,440.0837097167969,39345700
2024-03-22,445.3500061035156,447.489990234375,444.489990234375,446.3800048828125,440.58709716796875,28253900
2024-03-25,443.54998779296875,446.260009765625,442.5400085449219,444.760009765625,438.9881591796875,27789200
2024-03-26,446.29998779296875,447.2300109863281,443.0899963378906,443.32000732421875,437.5668640136719,34142000
2024-03-27,446.44000244140625,446.5400085449219,441.92999267578125,444.8299865722656,439.0572204589844,41359200
2024-03-28,444.7799987792969,445.6400146484375,443.6499938964844,444.010009765625,438.2478942871094,36839600
2024-04-01,444.9700012207031,447.5299987792969,443.0199890136719,444.95001220703125,439.1756896972656,38729000
2024-04-02,440.0799865722656,441.42999267578125,438.0299987792969,441.1099853515625,435.3855285644531,44259700
2024-04-03,438.9599914550781,444,438.95001220703125,442.1000061035156,436.3626708984375,39949800
2024-04-04,446.3299865722656,446.95001220703125,435.1099853515625,435.3399963378906,429.6904296875,57267700
2024-04-05,436.7799987792969,443.1700134277344,435.9599914550781,440.4700012207031,434.7538757324219,54744600
2024-04-08,441.4100036621094,442.5,439.20001220703125,440.6000061035156,434.88214111328125,28144900
2024-04-09,442.9599914550781,443.239990234375,437.44000244140625,442.2300109863281,436.490966796875,39443600
2024-04-10,437,439.239990234375,436.2799987792969,438.3699951171875,432.68109130859375,61502200
2024-04-11,440.260009765625,446.3299865722656,437.9599914550781,445.3699951171875,439.5902404785156,45474600
2024-04-12,441.1000061035156,442.239990234375,436.8800048828125,438.2699890136719,432.5823669433594,53665000
2024-04-15,442.05999755859375,442.1499938964844,430.2099914550781,431.05999755859375,425.4659729003906,63453600
2024-04-16,430.8999938964844,433.760009765625,429.70001220703125,431.1000061035156,425.5054626464844,47619000
2024-04-17,433.1000061035156,433.1199951171875,424.8999938964844,425.8399963378906,420.3136901855469,56880500
2024-04-18,426.489990234375,428.239990234375,422.8299865722656,423.4100036621094,417.9152526855469,46549400
2024-04-19,422.2200012207031,422.75,413.07000732421875,414.6499938964844,409.2688903808594,75231000
2024-04-22,417.30999755859375,421.17999267578125,413.94000244140625,418.82000732421875,413.38482666015625,47807700
2024-04-23,420.7699890136719,426.2799987792969,418.8699951171875,425.07000732421875,419.5536804199219,44384700
2024-04-24,428.20001220703125,429.7300109863281,424.20001220703125,426.510009765625,420.97503662109375,48440300
2024-04-25,419.239990234375,425.32000732421875,418.1400146484375,424.45001220703125,418.94171142578125,57392200
2024-04-26,427.6199951171875,432.54998779296875,426.9200134277344,431,425.40673828125,41874900
2024-04-29,433.1300048828125,433.760009765625,429.9800109863281,432.75,427.134033203125,30022200
2024-04-30,431.1499938964844,432.55999755859375,424.510009765625,424.5899963378906,419.07989501953125,43665900
2024-05-01,423.1499938964844,430.1400146484375,420.6600036621094,421.5199890136719,416.0497131347656,52251700
2024-05-02,425.29998779296875,427.80999755859375,420.6300048828125,426.8999938964844,421.35992431640625,36559000
2024-05-03,434.44000244140625,436.4800109863281,432.6199951171875,435.4800109863281,429.82861328125,48515300
2024-05-06,437.29998779296875,440.3399963378906,436.5199890136719,440.25,434.53668212890625,30227200
2024-05-07,440.70001220703125,441.9700012207031,439.5799865722656,440.32000732421875,434.60577392578125,30996100
2024-05-08,437.6700134277344,441.4800109863281,437.54998779296875,440.05999755859375,434.3491516113281,24896700
2024-05-09,440.3299865722656,441.6000061035156,438.4599914550781,441.0199890136719,435.29669189453125,24580100
2024-05-10,442.5400085449219,444.30999755859375,440.5,442.05999755859375,436.32318115234375,27116600
2024-05-13,443.989990234375,444.0899963378906,441.6499938964844,443.0799865722656,437.3299255371094,22994200
2024-05-14,442.6499938964844,446.4700012207031,442.4599914550781,445.92999267578125,440.1429443359375,34478300
2024-05-15,448.42999267578125,453.1499938964844,446.8999938964844,452.8999938964844,447.02252197265625,41464700
2024-05-16,452.7099914550781,454.69000244140625,451.80999755859375,451.9800109863281,446.1144714355469,34780400
2024-05-17,452.1099853515625,452.7200012207031,449.5400085449219,451.760009765625,445.8973388671875,35803700
2024-05-20,451.9800109863281,455.5799865722656,451.7900085449219,454.9100036621094,449.0064392089844,24474200
2024-05-21,453.0400085449219,455.989990234375,452.8399963378906,455.79998779296875,449.8848876953125,23167700
2024-05-22,456.05999755859375,456.82000732421875,453.0799865722656,455.7099914550781,449.7960510253906,25120000
2024-05-23,460.54998779296875,460.5799865722656,451.8500061035156,453.6600036621094,447.7726745605469,40899200
2024-05-24,455.2900085449219,459.2300109863281,453.57000732421875,457.95001220703125,452.0069274902344,29669500
2024-05-28,459.17999267578125,459.739990234375,456.69000244140625,459.67999267578125,453.7144775390625,26216800
2024-05-29,455.4800109863281,458.239990234375,455.3399963378906,456.44000244140625,450.5165710449219,29739200
2024-05-30,455.5,455.6400146484375,450.2099914550781,451.54998779296875,445.6900329589844,30536800
2024-05-31,451.7799987792969,452.4800109863281,443.05999755859375,450.7099914550781,444.8609313964844,55941300
2024-06-03,454.57000732421875,455.5799865722656,447.8999938964844,453.1300048828125,447.24951171875,32997500
2024-06-04,452.8699951171875,455.5799865722656,451.1300048828125,454.3699951171875,448.4734191894531,23767400
2024-06-05,457.9800109863281,463.6099853515625,454.4100036621094,463.5299987792969,457.5145568847656,33817400
2024-06-06,464.2200012207031,464.5400085449219,462.19000244140625,463.3699951171875,457.3566589355469,21966800
2024-06-07,463,465.739990234375,461.8399963378906,462.9599914550781,456.9519958496094,25829700
2024-06-10,461.82000732421875,465.19000244140625,461.5299987792969,464.8299865722656,458.79766845703125,20660800
2024-06-11,463.5400085449219,468.1400146484375,462.0299987792969,468.0199890136719,461.9462890625,22053300
2024-06-12,471.989990234375,476.5,471.2900085449219,474.1499938964844,467.9967041015625,34532600
2024-06-13,477.7200012207031,478.3900146484375,474.4200134277344,476.7200012207031,470.5333557128906,25859000
2024-06-14,476.5199890136719,479.260009765625,476.04998779296875,479.19000244140625,472.97137451171875,23372600
2024-06-17,479.4599914550781,486.8599853515625,478.1400146484375,485.05999755859375,478.7651672363281,37054500
2024-06-18,485.010009765625,485.8999938964844,483.42999267578125,485.2099914550781,478.9132385253906,24438600
2024-06-20,486.4200134277344,486.8399963378906,479.6199951171875,481.4700012207031,475.2217712402344,33918700
2024-06-21,481.19000244140625,482.5400085449219,478.6700134277344,480.17999267578125,473.9484558105469,37456800
2024-06-24,478.17999267578125,479.92999267578125,473.82000732421875,473.9599914550781,468.55279541015625,37751000
2024-06-25,476.07000732421875,479.67999267578125,475.1199951171875,479.3800048828125,473.9109802246094,29014700
2024-06-26,478.54998779296875,480.9200134277344,478.1300048828125,480.3699951171875,474.88958740234375,22737100
2024-06-27,480.1199951171875,483.1000061035156,479.29998779296875,481.6099853515625,476.115478515625,26222100
2024-06-28,482.4100036621094,487.20001220703125,478.4599914550781,479.1099853515625,473.64398193359375,34881600
2024-07-01,480.0400085449219,482.489990234375,476.260009765625,481.9200134277344,476.42193603515625,24898300
2024-07-02,480.4100036621094,487.0400085449219,480.2799987792969,486.9800109863281,481.4241943359375,26723600
2024-07-03,486.2200012207031,491.1700134277344,486.2200012207031,491.0400085449219,485.43792724609375,18064900
2024-07-05,491.8900146484375,496.6000061035156,491.5899963378906,496.1600036621094,490.49951171875,28495900
2024-07-08,496.5299987792969,497.8999938964844,495.5,497.3399963378906,491.6660461425781,22109400
2024-07-09,498.8699951171875,500,496.239990234375,497.7699890136719,492.0910949707031,25614500
2024-07-10,499.7099914550781,503.5199890136719,498.3900146484375,502.9599914550781,497.221923828125,28046900
2024-07-11,503.07000732421875,503.2799987792969,490.7300109863281,491.92999267578125,486.3177185058594,49966600
2024-07-12,492.510009765625,499.6199951171875,492.0400085449219,494.82000732421875,489.1747741699219,37109400
2024-07-15,496.6099853515625,501.010009765625,494.0899963378906,496.1499938964844,490.4895935058594,31151400
2024-07-16,497.6199951171875,498.44000244140625,493.1499938964844,496.3399963378906,490.67742919921875,25950600
2024-07-17,488.2799987792969,488.79998779296875,481.70001220703125,481.7699890136719,476.273681640625,56268800
2024-07-18,485.5299987792969,485.7099914550781,476.2699890136719,479.489990234375,474.0196533203125,49347400
2024-07-19,479.1499938964844,481.69000244140625,473.94000244140625,475.239990234375,469.818115234375,42042900
2024-07-22,481.1600036621094,483.3500061035156,477.7099914550781,482.32000732421875,476.8174133300781,40300000
2024-07-23,481.4100036621094,484.42999267578125,480.1400146484375,480.6199951171875,475.1367492675781,23282500
2024-07-24,473.82000732421875,474.19000244140625,462.510009765625,463.3800048828125,458.0934753417969,58818600
2024-07-25,463.7200012207031,467.94000244140625,455.6300048828125,458.2699890136719,453.0417785644531,59256800
2024-07-26,462.6499938964844,465.92999267578125,459.7699890136719,462.9700012207031,457.6881103515625,39992100
2024-07-29,465.7099914550781,467.9100036621094,461.6199951171875,463.8999938964844,458.6075134277344,28218500
2024-07-30,465.8500061035156,466.55999755859375,454.1499938964844,457.5299987792969,452.3102111816406,41317200
2024-07-31,467.8699951171875,472.7900085449219,466.4100036621094,471.07000732421875,465.6957092285156,44552100
2024-08-01,471.760009765625,475.54998779296875,455.9800109863281,459.6600036621094,454.4159240722656,56653900
2024-08-02,450.8900146484375,453.57000732421875,444.4700012207031,448.75,443.63037109375,66323200
2024-08-05,424.7099914550781,442.2900085449219,423.45001220703125,435.3699951171875,430.403076171875,87483500
2024-08-06,437.2300109863281,447.07000732421875,434.55999755859375,439.5299987792969,434.5155944824219,63164400
2024-08-07,446.489990234375,449,434.3699951171875,434.7699890136719,429.8098449707031,54929200
2024-08-08,441.05999755859375,448.989990234375,437.1499938964844,448.07000732421875,442.95819091796875,47890100
2024-08-09,446.739990234375,452.05999755859375,445.6099853515625,450.4100036621094,445.27142333984375,33574000
2024-08-12,451.3900146484375,454.3699951171875,448.54998779296875,451.3800048828125,446.23040771484375,27795000
2024-08-13,455.82000732421875,462.8500061035156,455.67999267578125,462.5799865722656,457.3026123046875,40084500
2024-08-14,463.510009765625,465.1099853515625,458.3999938964844,462.7300109863281,457.45086669921875,34733700
2024-08-15,468.760009765625,474.82000732421875,468.3800048828125,474.4200134277344,469.00750732421875,38280600
2024-08-16,472.6199951171875,476.4100036621094,471.6499938964844,475.0299987792969,469.61053466796875,38383600
2024-08-19,475.1700134277344,481.30999755859375,473.3699951171875,481.2699890136719,475.7793273925781,23737700
2024-08-20,480.3500061035156,482.94000244140625,478.54998779296875,480.260009765625,474.7809143066406,29209300
2024-08-21,481.04998779296875,484.3699951171875,479.32000732421875,482.5,476.9953308105469,25658800
2024-08-22,484.8399963378906,485.5400085449219,473.80999755859375,474.8500061035156,469.4326171875,37739600
2024-08-23,479.239990234375,482.739990234375,475.2799987792969,480,474.5238342285156,36061500
2024-08-26,479.45001220703125,480.3800048828125,473.239990234375,475.3399963378906,469.9170227050781,27452600
2024-08-27,473.69000244140625,477.8399963378906,471.7099914550781,476.760009765625,471.3208312988281,27510000
2024-08-28,476.2900085449219,477.0199890136719,467.8900146484375,471.3500061035156,465.9725646972656,37372400
2024-08-29,473.2799987792969,477.92999267578125,469.3699951171875,470.6600036621094,465.2904357910156,41081500
2024-08-30,475.0400085449219,476.8999938964844,470.510009765625,476.2699890136719,470.8363952636719,33466500
2024-09-03,473.20001220703125,473.3299865722656,459.4100036621094,461.80999755859375,456.5413818359375,44985200
2024-09-04,458.6700134277344,464.45001220703125,457.7300109863281,460.6099853515625,455.3550720214844,32505100
2024-09-05,458.9700012207031,465.3599853515625,457.94000244140625,461.0400085449219,455.7801513671875,34452400
2024-09-06,460.3299865722656,461.2200012207031,448.19000244140625,448.69000244140625,443.571044921875,50624400
2024-09-09,453.05999755859375,455.4599914550781,449.82000732421875,454.4599914550781,449.2752990722656,32981200
2024-09-10,456.239990234375,459.1700134277344,452.2300109863281,458.6600036621094,453.4273376464844,29680300
2024-09-11,459.9100036621094,469.3699951171875,451.2799987792969,468.6199951171875,463.2737121582031,57843000
2024-09-12,468.6499938964844,474.0400085449219,466.8500061035156,473.2200012207031,467.8212585449219,40067800
2024-09-13,472.4800109863281,476.5299987792969,472.25,475.3399963378906,469.9170227050781,29111800
2024-09-16,473.19000244140625,473.8599853515625,469.8900146484375,473.239990234375,467.84100341796875,22585600
2024-09-17,476.2900085449219,477.6000061035156,470.9700012207031,473.489990234375,468.088134765625,30084400
2024-09-18,474.70001220703125,478.8299865722656,470.8299865722656,471.44000244140625,466.0615234375,39909200
2024-09-19,482.6099853515625,486.2300109863281,480.489990234375,483.3599853515625,477.84552001953125,52782500
2024-09-20,482.489990234375,483.69000244140625,478.29998779296875,482.44000244140625,476.93603515625,34577700
2024-09-23,482.95001220703125,484.1400146484375,481.6000061035156,483.0400085449219,478.2002258300781,24843000
2024-09-24,484.4599914550781,486.3299865722656,480.1700134277344,485.3699951171875,480.5068664550781,25952600
2024-09-25,484.739990234375,487.7900085449219,484.55999755859375,485.82000732421875,480.95233154296875,26549900
2024-09-26,493.3699951171875,493.70001220703125,485.79998779296875,489.4700012207031,484.5657653808594,32020200
2024-09-27,490.5,490.6400146484375,485.55999755859375,486.75,481.8730163574219,22851100
2024-09-30,485.7799987792969,488.4100036621094,482.9200134277344,488.07000732421875,483.1798400878906,30281100
2024-10-01,487.70001220703125,488,477.3999938964844,481.2699890136719,476.44793701171875,42735400
2024-10-02,480.3599853515625,483.8800048828125,477.7200012207031,481.95001220703125,477.1211242675781,23744000
2024-10-03,479.739990234375,484.54998779296875,478.989990234375,481.5899963378906,476.7647399902344,25337200
2024-10-04,487.45001220703125,487.8800048828125,482.3900146484375,487.32000732421875,482.4373474121094,30686600
2024-10-07,485.3900146484375,486.57000732421875,480.8699951171875,482.1000061035156,477.2696838378906,24975100
2024-10-08,484.6600036621094,489.989990234375,483.8500061035156,489.29998779296875,484.3974609375,28272000
2024-10-09,489,493.7300109863281,487.95001220703125,493.1499938964844,488.20892333984375,24995000
2024-10-10,490.8500061035156,494.4700012207031,489.5299987792969,492.5899963378906,487.654541015625,25750400
2024-10-11,490.739990234375,494.3900146484375,490.1700134277344,493.3599853515625,488.41680908203125,20644500
2024-10-14,495.7699890136719,498.8299865722656,495.260009765625,497.5,492.51531982421875,26060100
2024-10-15,497.8299865722656,498.5,488.67999267578125,490.8500061035156,485.93194580078125,34784500
2024-10-16,491.17999267578125,491.69000244140625,487.57000732421875,490.9100036621094,485.9913635253906,22996800
2024-10-17,496.44000244140625,496.489990234375,491.19000244140625,491.25,486.3280029296875,27210700
2024-10-18,494.05999755859375,495.57000732421875,493.29998779296875,494.4700012207031,489.51568603515625,25335000
2024-10-21,493.25,496.2300109863281,491.30999755859375,495.4200134277344,490.4561767578125,30336500
2024-10-22,492.7300109863281,497.45001220703125,491.9700012207031,495.9599914550781,490.99078369140625,26685800
2024-10-23,493.5899963378906,494.25,485.04998779296875,488.3599853515625,483.4668884277344,39346600
2024-10-24,492.1099853515625,493,489.44000244140625,492.32000732421875,487.3872375488281,22024900
2024-10-25,495.1400146484375,500.2799987792969,494.42999267578125,495.32000732421875,490.357177734375,38762100
2024-10-28,498.4599914550781,498.5199890136719,495.1000061035156,495.3999938964844,490.4364013671875,20477800
2024-10-29,495.7200012207031,501.3500061035156,493.8500061035156,500.1600036621094,495.14874267578125,28014100
2024-10-30,499.3900146484375,500.3500061035156,495.8900146484375,496.3800048828125,491.40655517578125,29756000
2024-10-31,492.3800048828125,492.42999267578125,483.75,483.8500061035156,479.00213623046875,41245200
2024-11-01,485.5,490.75,485.20001220703125,487.42999267578125,482.5462341308594,33655800
2024-11-04,486.82000732421875,489.3800048828125,484.25,486.010009765625,481.14044189453125,23291600
2024-11-05,487.6099853515625,492.8800048828125,487.5199890136719,492.2099914550781,487.2782897949219,24353600
2024-11-06,500.55999755859375,506.4100036621094,499.6000061035156,505.5799865722656,500.5143127441406,43082200
2024-11-07,508.3999938964844,514.3300170898438,508.3399963378906,513.5399780273438,508.39459228515625,32853100
2024-11-08,513.0399780273438,514.9199829101562,512.4099731445312,514.1400146484375,508.9886779785156,22924500
2024-11-11,515.3699951171875,515.5800170898438,510.9200134277344,513.8400268554688,508.691650390625,24167500
2024-11-12,513.77001953125,514.6599731445312,509.8299865722656,512.9099731445312,507.77093505859375,25835300
2024-11-13,512.4000244140625,514.97998046875,509.95001220703125,512.25,507.1175842285156,24567400
2024-11-14,511.9100036621094,512.7899780273438,507.7699890136719,508.69000244140625,503.59326171875,28679500
2024-11-15,502.94000244140625,503.3299865722656,494.489990234375,496.57000732421875,491.59466552734375,51461100
2024-11-18,498.1300048828125,502.1400146484375,496.7300109863281,500.0199890136719,495.0101013183594,27080800
2024-11-19,497.4200134277344,503.95001220703125,497.0799865722656,503.4599914550781,498.41558837890625,24523000
2024-11-20,503.1600036621094,503.4800109863281,496.55999755859375,503.1700134277344,498.1285705566406,29565500
2024-11-21,506.239990234375,506.9599914550781,497.55999755859375,504.9800109863281,499.9204406738281,34526700
2024-11-22,504.4200134277344,506.5299987792969,502.7799987792969,505.7900085449219,500.7222900390625,23826600
2024-11-25,509.8999938964844,511.45001220703125,504.260009765625,506.5899963378906,501.5142822265625,26375200
2024-11-26,508.0799865722656,510.1400146484375,507.2300109863281,509.30999755859375,504.20703125,26557100
2024-11-27,508.1700134277344,508.239990234375,501.92999267578125,505.29998779296875,500.2371826171875,24957400
2024-11-29,505.92999267578125,510.3399963378906,505.30999755859375,509.739990234375,504.6327209472656,15334000
2024-12-02,511.010009765625,516.260009765625,510.6199951171875,515.2899780273438,510.1270446777344,25147200
2024-12-03,513.9500122070312,517.1500244140625,513.3699951171875,516.8699951171875,511.6911926269531,18597900
2024-12-04,520.3200073242188,523.52001953125,519.5999755859375,523.260009765625,518.0172729492188,26086200
2024-12-05,523.3099975585938,524.0399780273438,521.4199829101562,521.8099975585938,516.5817260742188,18169600
2024-12-06,522.47998046875,526.719970703125,522.3499755859375,526.47998046875,521.2048950195312,23762600
2024-12-09,525.5499877929688,526.3499755859375,521.219970703125,522.3800048828125,517.1460571289062,20674400
2024-12-10,523.6199951171875,525.3800048828125,519.1599731445312,520.5999755859375,515.3838500976562,24350000
2024-12-11,525,530.6099853515625,524.5900268554688,529.9199829101562,524.6105346679688,32168600
2024-12-12,527.6799926757812,528.9600219726562,526.02001953125,526.5,521.2247924804688,23577500
2024-12-13,530.4600219726562,533.1699829101562,527.2999877929688,530.530029296875,525.2144775390625,28780400
2024-12-16,533.0800170898438,539.1500244140625,533,538.1699829101562,532.77783203125,31979900
2024-12-17,536.3599853515625,537.47998046875,534.1300048828125,535.7999877929688,530.4315185546875,28579100
2024-12-18,535.1500244140625,536.8800048828125,515.010009765625,516.469970703125,511.2952880859375,54703200
2024-12-19,521.1900024414062,521.760009765625,513.8300170898438,514.1699829101562,509.0182800292969,46441800
2024-12-20,510.44000244140625,524.8200073242188,509.2900085449219,518.6599731445312,513.46337890625,60530000
2024-12-23,519.5499877929688,523.25,516.1300048828125,522.8699951171875,518.4658203125,29672800
2024-12-24,524.8300170898438,530.0499877929688,524.1900024414062,529.9600219726562,525.49609375,17558200
2024-12-26,528.3200073242188,531.239990234375,526.3099975585938,529.5999755859375,525.13916015625,19090500
2024-12-27,526.010009765625,526.4500122070312,517.8599853515625,522.5599975585938,518.158447265625,33839600
2024-12-30,515.510009765625,519.3599853515625,511.8299865722656,515.6099853515625,511.2669982910156,34584000
2024-12-31,516.9000244140625,517.6599731445312,510.260009765625,511.2300109863281,506.923828125,29117000
2025-01-02,514.2999877929688,516.6400146484375,505.7099914550781,510.2300109863281,505.93231201171875,36389800
2025-01-03,513.3499755859375,519.6500244140625,512.530029296875,518.5800170898438,514.2119140625,29059500
2025-01-06,524.02001953125,527.9199829101562,522.030029296875,524.5399780273438,520.1217041015625,36109700
2025-01-07,525.5900268554688,525.989990234375,513.280029296875,515.1799926757812,510.8405456542969,36690300
2025-01-08,515.0800170898438,516.9199829101562,510.57000732421875,515.27001953125,510.9298400878906,30777800
2025-01-10,511.4800109863281,511.5799865722656,503.9200134277344,507.19000244140625,502.9179382324219,40532500
2025-01-13,501.20001220703125,506.0199890136719,499.70001220703125,505.55999755859375,501.3016357421875,31694200
2025-01-14,508.739990234375,510.1600036621094,501.5899963378906,505.0799865722656,500.82562255859375,33737200
2025-01-15,513.030029296875,517.8499755859375,511.4599914550781,516.7000122070312,512.3477783203125,34957600
2025-01-16,518.97998046875,519.0599975585938,512.9500122070312,513.0800170898438,508.75830078125,28229000
2025-01-17,522.8499755859375,524.0700073242188,513.1099853515625,521.739990234375,517.3453369140625,51837900
2025-01-21,524.47998046875,525.969970703125,520.0599975585938,524.7999877929688,520.3795776367188,23628000
2025-01-22,529.5700073242188,533.8200073242188,529.260009765625,531.510009765625,527.0330200195312,33593000
2025-01-23,529.0399780273438,532.760009765625,528.4500122070312,532.6400146484375,528.153564453125,23096600
2025-01-24,533.02001953125,533.7899780273438,528.1500244140625,529.6300048828125,525.1689453125,19878300
2025-01-27,511,517.989990234375,510.1499938964844,514.2100219726562,509.8787841796875,60771700
2025-01-28,515.219970703125,523,511.7799987792969,521.8099975585938,517.4147338867188,33194200
2025-01-29,522.4600219726562,522.5900268554688,516.9000244140625,520.8300170898438,516.4430541992188,26649000
2025-01-30,523.7100219726562,526.0999755859375,518.2100219726562,523.0499877929688,518.644287109375,27431300
2025-01-31,526.9199829101562,531.52001953125,521.1900024414062,522.2899780273438,517.8906860351562,38755200
2025-02-03,513.469970703125,520.8499755859375,511.04998779296875,518.1099853515625,513.7459106445312,40580800
2025-02-04,518.6300048828125,525.1099853515625,518.22998046875,524.469970703125,520.0523071289062,26046800
2025-02-05,521.8200073242188,527.010009765625,520.6199951171875,526.8499755859375,522.4122924804688,21134100
2025-02-06,527.3599853515625,529.8099975585938,525.739990234375,529.5999755859375,525.13916015625,19434500
2025-02-07,530.1400146484375,532.0999755859375,522.1900024414062,522.9199829101562,518.515380859375,29605500
2025-02-10,527.219970703125,530.3599853515625,526.75,529.25,524.7921142578125,20852800
2025-02-11,525.9600219726562,529.9199829101562,525.8300170898438,527.989990234375,523.5427856445312,19325500
2025-02-12,522.2999877929688,529.1900024414062,521.9500122070312,528.2999877929688,523.8501586914062,25009400
2025-02-13,529.97998046875,536.219970703125,529.1900024414062,535.9000244140625,531.3861083984375,28714800
2025-02-14,536.010009765625,538.8400268554688,535.6699829101562,538.1500244140625,533.6171875,17862600
2025-02-18,539.72998046875,540,536.0399780273438,539.3699951171875,534.8267822265625,20565000
2025-02-19,538.5700073242188,540.8099975585938,536.4600219726562,539.52001953125,534.9756469726562,19666900
2025-02-20,538.72998046875,539.0999755859375,532.4600219726562,537.22998046875,532.704833984375,26550800
2025-02-21,538.3800048828125,538.4000244140625,525.7100219726562,526.0800170898438,521.6488647460938,47093800
2025-02-24,527.8800048828125,529.0700073242188,519.530029296875,519.8699951171875,515.4910888671875,39268400
2025-02-25,519.239990234375,519.3200073242188,509.44000244140625,513.3200073242188,508.99627685546875,48940000
2025-02-26,515.530029296875,519.6599731445312,511.3699951171875,514.5599975585938,510.22576904296875,34457600
2025-02-27,518.1300048828125,519.0700073242188,500.04998779296875,500.2699890136719,496.0561828613281,52448000
2025-02-28,500.1300048828125,508.7799987792969,496.92999267578125,508.1700134277344,503.88970947265625,47654000
2025-03-03,511.5199890136719,513.0399780273438,493.5799865722656,497.04998779296875,492.8633117675781,44587200
2025-03-04,494.17999267578125,503.739990234375,487.739990234375,495.54998779296875,491.3759460449219,67875400
2025-03-05,496.20001220703125,503.6300048828125,491.260009765625,502.010009765625,497.7815246582031,46323700
2025-03-06,493.69000244140625,498.5799865722656,486.20001220703125,488.20001220703125,484.0879211425781,57574300
2025-03-07,487.1600036621094,493.2799987792969,480.5299987792969,491.7900085449219,487.6476135253906,54714700
2025-03-10,483.45001220703125,483.9700012207031,468.6600036621094,472.7300109863281,468.7481994628906,76668000
2025-03-11,472.3500061035156,478.80999755859375,467.010009765625,471.6000061035156,467.6277160644531,68760800
2025-03-12,479.1600036621094,481.05999755859375,471.7900085449219,476.9200134277344,472.9029541015625,46971100
2025-03-13,476.25,476.2799987792969,466.42999267578125,468.3399963378906,464.3951416015625,46563300
2025-03-14,473.7300109863281,480.55999755859375,473.1199951171875,479.6600036621094,475.61981201171875,43563000
2025-03-17,479.6099853515625,485.8399963378906,477.79998779296875,482.7699890136719,478.7035827636719,41744400
2025-03-18,479.4100036621094,479.6099853515625,472.4100036621094,474.5400085449219,470.5429382324219,39072300
2025-03-19,476.80999755859375,485.3299865722656,474.8699951171875,480.8900146484375,476.83941650390625,40430300
2025-03-20,476.8800048828125,484.54998779296875,476.17999267578125,479.260009765625,475.2232360839844,36780500
2025-03-21,474.0799865722656,481.6099853515625,472.9100036621094,480.8399963378906,476.7898254394531,42234900
2025-03-24,487.739990234375,491.510009765625,484.3999938964844,490.6600036621094,487.252685546875,34567200
2025-03-25,491.3900146484375,493.6199951171875,490.4200134277344,493.4599914550781,490.03326416015625,26035200
2025-03-26,492.29998779296875,493.1600036621094,482.82000732421875,484.3800048828125,481.01629638671875,34627100
2025-03-27,482.4100036621094,486.5799865722656,480.25,481.6199951171875,478.2754821777344,33469800
2025-03-28,479.80999755859375,480.5199890136719,468.04998779296875,468.94000244140625,465.6835021972656,46363800
2025-03-31,461.9200134277344,469.8599853515625,457.3299865722656,468.9200134277344,465.6636657714844,53000300
2025-04-01,467.29998779296875,473.6300048828125,464.4200134277344,472.70001220703125,469.41741943359375,41156200
2025-04-02,466.1199951171875,479.55999755859375,465.8599853515625,476.1499938964844,472.8434143066406,49894500
2025-04-03,456.44000244140625,460.07000732421875,450.1400146484375,450.6600036621094,447.53045654296875,70456300
2025-04-04,438.1400146484375,440.3699951171875,422.6700134277344,422.6700134277344,419.7348327636719,117088400
2025-04-07,408.6600036621094,443.1400146484375,402.3900146484375,423.69000244140625,420.7477722167969,161557000
2025-04-08,438.1600036621094,443.1400146484375,409.7900085449219,416.05999755859375,413.17071533203125,101248100
2025-04-09,415.57000732421875,467.8299865722656,415.42999267578125,466,462.76397705078125,142876900
2025-04-10,453.55999755859375,455.5899963378906,432.6300048828125,446.17999267578125,443.08160400390625,108384100
2025-04-11,444.6499938964844,455.7900085449219,441.3299865722656,454.3999938964844,451.2444763183594,52483800
2025-04-14,464.4599914550781,465.04998779296875,452.6300048828125,457.4800109863281,454.3031005859375,43941200
2025-04-15,458.5400085449219,462.3800048828125,456.1499938964844,457.989990234375,454.8095397949219,35404200
2025-04-16,449.0299987792969,452.6199951171875,437.760009765625,444.17999267578125,441.095458984375,48980600
2025-04-17,447.1700134277344,447.75,441.3599853515625,444.1000061035156,441.0160217285156,44837000
2025-04-21,438.2300109863281,439.0799865722656,427.92999267578125,433.1099853515625,430.1023254394531,44149300
2025-04-22,438.82000732421875,447.5799865722656,437.6199951171875,444.4800109863281,441.3934020996094,52304400
2025-04-23,458.1700134277344,463.3800048828125,452.8800048828125,454.55999755859375,451.40338134765625,55801100
2025-04-24,456.4800109863281,467.6600036621094,455.8299865722656,467.3500061035156,464.10455322265625,45956100
2025-04-25,466.9700012207031,473.0899963378906,465.3900146484375,472.55999755859375,469.27838134765625,38697100
2025-04-28,473.0299987792969,474.80999755859375,466.0299987792969,472.4100036621094,469.1294250488281,33550800
2025-04-29,470.1700134277344,476.4200134277344,469.5899963378906,475.5299987792969,472.227783203125,30613100
2025-04-30,467.1300048828125,477.20001220703125,462.42999267578125,475.4700012207031,472.1681823730469,46810600
2025-05-01,483.4100036621094,487.17999267578125,480.739990234375,481.67999267578125,478.33502197265625,43316500
2025-05-02,486.5400085449219,490.9100036621094,484.8299865722656,488.8299865722656,485.4353942871094,39218100
2025-05-05,484.6000061035156,489.0299987792969,484.1000061035156,485.92999267578125,482.55548095703125,28309500
2025-05-06,479.55999755859375,485.04998779296875,478.19000244140625,481.4100036621094,478.0669250488281,32786300
2025-05-07,482.0799865722656,485.79998779296875,476.7799987792969,483.29998779296875,479.94378662109375,38006300
2025-05-08,488.5299987792969,492.70001220703125,484.1700134277344,488.2900085449219,484.899169921875,39577600
2025-05-09,490.2099914550781,491.5400085449219,486.20001220703125,487.9700012207031,484.58135986328125,27767400
2025-05-12,506.989990234375,507.8900146484375,501.4800109863281,507.8500061035156,504.3233337402344,45090600
2025-05-13,509.1600036621094,517.3900146484375,508.4200134277344,515.5900268554688,512.0096435546875,53269600
2025-05-14,516.77001953125,519.22998046875,515.75,518.6799926757812,515.078125,47014500
2025-05-15,516.52001953125,521.9299926757812,515.1699829101562,519.25,515.6441040039062,50153300
2025-05-16,520.6599731445312,521.7000122070312,517.0999755859375,521.510009765625,517.8884887695312,48394600
2025-05-19,514.239990234375,522.530029296875,514.239990234375,522.010009765625,518.3850708007812,52536200
2025-05-20,519.469970703125,520.9299926757812,516.6599731445312,520.27001953125,516.6570434570312,42517600
2025-05-21,516.27001953125,523,511.239990234375,513.0399780273438,509.47723388671875,71292800
2025-05-22,513.6599731445312,517.7100219726562,512.2999877929688,514,510.4306640625,55607200
2025-05-23,506.17999267578125,511.8399963378906,505.5799865722656,509.239990234375,505.7036437988281,58368100
2025-05-27,516.1500244140625,521.7100219726562,514.5900268554688,521.219970703125,517.6004638671875,47226300
2025-05-28,522.1799926757812,523.6799926757812,518.3900146484375,518.9099731445312,515.3063354492188,46637200
2025-05-29,526.3300170898438,526.47998046875,517.3200073242188,519.9299926757812,516.3193969726562,58513300
2025-05-30,519.4400024414062,520.6799926757812,511.92999267578125,519.1099853515625,515.5050659179688,67662800
2025-06-02,517.239990234375,523.4500122070312,515.969970703125,523.2100219726562,519.57666015625,44762800
2025-06-03,523.5599975585938,528.739990234375,522.6900024414062,527.2999877929688,523.6382446289062,44070300
2025-06-04,528.010009765625,529.8400268554688,525.969970703125,528.77001953125,525.0980224609375,41359300
2025-06-05,530.1799926757812,533.0499877929688,522.6599731445312,524.7899780273438,521.1456298828125,61031200
2025-06-06,530,531.7999877929688,528.2100219726562,529.9199829101562,526.2400512695312,42467000
2025-06-09,530.1400146484375,532.3499755859375,529.010009765625,530.7000122070312,527.0147094726562,33688700
2025-06-10,531.1699829101562,534.9000244140625,528.8900146484375,534.2100219726562,530.500244140625,40664800
2025-06-11,535.6199951171875,536.780029296875,530.1099853515625,532.4099731445312,528.7127075195312,53701000
2025-06-12,531.0900268554688,534.6400146484375,530.8400268554688,533.6599731445312,529.9539794921875,34104900
2025-06-13,527.6799926757812,531.8699951171875,525.72998046875,526.9600219726562,523.3006591796875,55814400
2025-06-16,530.5,535.3699951171875,530.4500122070312,534.2899780273438,530.5796508789062,37622100
2025-06-17,531.7100219726562,533.3300170898438,527.9099731445312,529.0800170898438,525.4059448242188,42180900
2025-06-18,530.0999755859375,532.5499877929688,527.4000244140625,528.989990234375,525.3165893554688,43983500
2025-06-20,532.260009765625,533.5599975585938,524.8800048828125,526.8300170898438,523.1715087890625,61643500
2025-06-23,526.8099975585938,532.1699829101562,523.6500244140625,531.6500244140625,528.5509643554688,50666100
2025-06-24,536.8900146484375,540.7000122070312,536.27001953125,539.780029296875,536.6336059570312,45442000
2025-06-25,542.0599975585938,543.3099975585938,539.3800048828125,541.1599731445312,538.0054931640625,44804200
2025-06-26,543.3499755859375,546.6699829101562,541.52001953125,546.219970703125,543.0360107421875,43811400
2025-06-27,547.260009765625,549.989990234375,544.5399780273438,548.0900268554688,544.8951416015625,57577100
2025-06-30,551.260009765625,552.7999877929688,549.010009765625,551.6400146484375,548.4244995117188,45548700
2025-07-01,549.72998046875,550.7100219726562,544.6599731445312,546.989990234375,543.8015747070312,56166700
2025-07-02,546.1599731445312,551,546.1199951171875,550.7999877929688,547.5892333984375,36538300
2025-07-03,553.1799926757812,557.2000122070312,553.1799926757812,556.219970703125,552.9777221679688,26443500
2025-07-07,553.52001953125,554.3400268554688,549.5800170898438,552.030029296875,548.8121948242188,45349300
2025-07-08,553.3800048828125,554.010009765625,551.0999755859375,552.3400268554688,549.120361328125,36153300
2025-07-09,554.47998046875,557.6300048828125,553.0999755859375,556.25,553.007568359375,43045500
2025-07-10,556.8900146484375,557.2999877929688,552.75,555.4500122070312,552.2123413085938,34710900
2025-07-11,553.2999877929688,555.7899780273438,552.0499877929688,554.2000122070312,550.9695434570312,39618600
2025-07-14,553.989990234375,556.9500122070312,551.6300048828125,556.2100219726562,552.9678344726562,36453300
2025-07-15,560.25,560.7999877929688,556.6599731445312,556.719970703125,553.474853515625,43277700
2025-07-16,557.280029296875,560.2100219726562,551.5599975585938,557.2899780273438,554.0415649414062,52314700
2025-07-17,558.02001953125,562.3099975585938,557.2100219726562,561.7999877929688,558.5252685546875,40423800
2025-07-18,563.1199951171875,564.72998046875,559.97998046875,561.260009765625,557.9884033203125,50484700
2025-07-21,562.0900268554688,566.0599975585938,562.0599975585938,564.1699829101562,560.8814086914062,39595200
2025-07-22,564.2999877929688,564.3499755859375,558.6099853515625,561.25,557.9784545898438,43270600
2025-07-23,562.3400268554688,563.8499755859375,559.5800170898438,563.8099975585938,560.5234985351562,40215300
2025-07-24,565.1300048828125,566.239990234375,563.2899780273438,565.010009765625,561.716552734375,42275500
2025-07-25,564.9299926757812,567.7000122070312,564.27001953125,566.3699951171875,563.0685424804688,30630800
2025-07-28,567.739990234375,569.0399780273438,566.8699951171875,568.1400146484375,564.828369140625,31498700
2025-07-29,570.760009765625,572.1099853515625,566.530029296875,567.260009765625,563.953369140625,45463300
2025-07-30,568.1799926757812,570.6199951171875,565.0499877929688,568.02001953125,564.708984375,43433800
2025-07-31,574.5399780273438,574.6300048828125,563.8699951171875,565.010009765625,561.716552734375,64613600
2025-08-01,558.8300170898438,559.02001953125,551.6799926757812,553.8800048828125,550.6514282226562,69400800
2025-08-04,559.0499877929688,564.3200073242188,558.9500122070312,564.0999755859375,560.8118286132812,47669800
2025-08-05,565.3900146484375,566.5599975585938,559.72998046875,560.27001953125,557.004150390625,48666600
2025-08-06,561.1099853515625,567.760009765625,560.6300048828125,567.3200073242188,564.0130615234375,41823700
2025-08-07,571.6699829101562,573.3200073242188,565.1099853515625,569.239990234375,565.921875,44463000
2025-08-08,570.4500122070312,574.77001953125,570.1500244140625,574.5499877929688,571.2008666992188,35255500
2025-08-11,574.6900024414062,576.7999877929688,571.5700073242188,572.8499755859375,569.5108032226562,33112900
2025-08-12,575.1599731445312,580.3499755859375,572.489990234375,580.0499877929688,576.6688842773438,42143300
2025-08-13,582.760009765625,583.3200073242188,578.9400024414062,580.3400268554688,576.9572143554688,41209300
2025-08-14,578.280029296875,581.8800048828125,577.9099731445312,579.8900146484375,576.5098876953125,45425000
2025-08-15,579.7999877929688,579.8400268554688,575.5700073242188,577.3400268554688,573.9746704101562,49480200
2025-08-18,576.4400024414062,577.77001953125,575.239990234375,577.1099853515625,573.7460327148438,29831000
2025-08-19,576.3900146484375,576.5599975585938,568.25,569.280029296875,565.961669921875,53752600
2025-08-20,568.3300170898438,568.4500122070312,558.8400268554688,565.9000244140625,562.6013793945312,76781100
2025-08-21,564.3499755859375,566.489990234375,560.97998046875,563.280029296875,559.9966430664062,46436900
2025-08-22,564.6699829101562,573.989990234375,563.27001953125,571.969970703125,568.6359252929688,51502100
2025-08-25,570.4000244140625,573.2899780273438,569.1599731445312,570.3200073242188,566.99560546875,34044700
2025-08-26,569.8300170898438,572.9199829101562,568.7999877929688,572.6099853515625,569.2721557617188,34103000
2025-08-27,571.5900268554688,574.4099731445312,570.3699951171875,573.489990234375,570.1470947265625,36927100
2025-08-28,574.1099853515625,578,572.4600219726562,577.0800170898438,573.7161865234375,46787900
2025-08-29,574.6599731445312,575.030029296875,568.5399780273438,570.4000244140625,567.0751342773438,56030400
2025-09-02,561.3099975585938,565.969970703125,559.5399780273438,565.6199951171875,562.322998046875,65876800
2025-09-03,569.22998046875,571.7000122070312,566.72998046875,570.0700073242188,566.7470092773438,54230200
2025-09-04,570.739990234375,575.5999755859375,569.030029296875,575.22998046875,571.876953125,47526300
2025-09-05,580.489990234375,581.1199951171875,571.530029296875,576.0599975585938,572.7020874023438,68342500
2025-09-08,578.3699951171875,580.8400268554688,577.77001953125,578.8699951171875,575.4957275390625,46371400
2025-09-09,579.6699829101562,580.9400024414062,577.0399780273438,580.510009765625,577.1261596679688,44007600
2025-09-10,583.739990234375,583.77001953125,578.5499877929688,580.7000122070312,577.3151245117188,49308000
2025-09-11,583.239990234375,584.8800048828125,581.6199951171875,584.0800170898438,580.67529296875,44745800
2025-09-12,585.0399780273438,587.8599853515625,584.0999755859375,586.6599731445312,583.2403564453125,50745900
2025-09-15,588.4400024414062,591.7899780273438,588.2899780273438,591.6799926757812,588.2310791015625,44360300
2025-09-16,592.6099853515625,592.8599853515625,590.489990234375,591.1799926757812,587.7339477539062,36942100
2025-09-17,591.0999755859375,591.75,584.3699951171875,590,586.5608520507812,69384800
2025-09-18,594.9099731445312,598.1400146484375,592.9600219726562,595.3200073242188,591.849853515625,61069300
2025-09-19,597.3300170898438,600.0499877929688,595.8499755859375,599.3499755859375,595.8563232421875,58196100
2025-09-22,597.739990234375,602.8699951171875,597.719970703125,602.2000122070312,599.3837890625,57154800
2025-09-23,602.3699951171875,602.5700073242188,596.97998046875,598.2000122070312,595.4024658203125,64635500
2025-09-24,599.5800170898438,599.9000244140625,593.3599853515625,596.0999755859375,593.3123168945312,49850300
2025-09-25,592.2000122070312,595.1199951171875,588.5,593.530029296875,590.75439453125,70920200
2025-09-26,594.3499755859375,596.2999877929688,591.0599975585938,595.969970703125,593.182861328125,54337400
2025-09-29,599.1099853515625,602.0499877929688,597.4099731445312,598.72998046875,595.9299926757812,48332900
2025-09-30,598.4299926757812,600.7100219726562,596.0999755859375,600.3699951171875,597.5623779296875,46533800
2025-10-01,597.1699829101562,603.7899780273438,596.3400268554688,603.25,600.4288330078125,46899600
2025-10-02,607.0599975585938,607.1599731445312,602.9299926757812,605.72998046875,602.897216796875,43765400
2025-10-03,606.510009765625,607.3300170898438,601.3900146484375,603.1799926757812,600.3591918945312,46482100
2025-10-06,608.4500122070312,609.3599853515625,605.969970703125,607.7100219726562,604.8679809570312,41962100
2025-10-07,609.02001953125,609.7100219726562,603.030029296875,604.510009765625,601.6829833984375,58209500
2025-10-08,605.4099731445312,611.75,605.260009765625,611.4400024414062,608.58056640625,50629800
2025-10-09,611.47998046875,611.6099853515625,607.47998046875,610.7000122070312,607.8441162109375,45551000
2025-10-10,611.4000244140625,613.1799926757812,589.0499877929688,589.5,586.7431640625,97614800
2025-10-13,599.6799926757812,602.9500122070312,597.22998046875,602.010009765625,599.1946411132812,65872600
2025-10-14,595.3099975585938,602.6900024414062,590.1300048828125,598,595.2034301757812,69203200
2025-10-15,604.010009765625,606.7000122070312,595.9299926757812,602.219970703125,599.4037475585938,62805500
2025-10-16,605.1099853515625,608.3099975585938,595.5,599.989990234375,597.1842041015625,70982000
2025-10-17,597.9500122070312,605.510009765625,596.3699951171875,603.9299926757812,601.105712890625,72024900
2025-10-20,607.1400146484375,612.7999877929688,607.0700073242188,611.5399780273438,608.6800537109375,45761700
2025-10-21,611.6400146484375,612.719970703125,609.3200073242188,611.3800048828125,608.5208740234375,44538200
2025-10-22,610.8200073242188,611.4099731445312,599.739990234375,605.489990234375,602.6583862304688,61478800
2025-10-23,604.9099731445312,611.3699951171875,604.52001953125,610.5800170898438,607.724609375,42844300
2025-10-24,615.989990234375,618.4199829101562,615.1300048828125,617.0999755859375,614.2140502929688,47632500
2025-10-27,624.52001953125,628.5499877929688,624.030029296875,628.0900268554688,625.1527709960938,54098600
2025-10-28,630.3599853515625,634.6799926757812,629.25,632.9199829101562,629.9600830078125,61195700
2025-10-29,635.5900268554688,637.010009765625,630.25,635.77001953125,632.7968139648438,67422800
2025-10-30,632.1699829101562,633.5,625.9400024414062,626.0499877929688,623.1222534179688,61628600
2025-10-31,634.1699829101562,634.2000122070312,626.6900024414062,629.0700073242188,626.1281127929688,66305100
2025-11-03,635.1099853515625,635.8200073242188,629.8499755859375,632.0800170898438,629.1240234375,37154300
2025-11-04,623.280029296875,626.9500122070312,618.4600219726562,619.25,616.3540649414062,63830800
2025-11-05,618.489990234375,626.5999755859375,617.2100219726562,623.280029296875,620.365234375,48688500
2025-11-06,621.7899780273438,622.0399780273438,610.2999877929688,611.6699829101562,608.8095092773438,72115100
2025-11-07,608.3099975585938,609.9500122070312,598.6699829101562,609.739990234375,606.8884887695312,81835400
2025-11-10,618.9199829101562,624.3099975585938,616.8900146484375,623.22998046875,620.3154296875,55919900
2025-11-11,620.5700073242188,622.719970703125,617.52001953125,621.5700073242188,618.6632080078125,44868800
2025-11-12,624.8400268554688,624.8599853515625,617.8099975585938,621.0800170898438,618.1754760742188,47444400
2025-11-13,617.5399780273438,618.1199951171875,606.0800170898438,608.4000244140625,605.5548095703125,71333600
2025-11-14,599.5499877929688,613.3499755859375,597.1699829101562,608.8599853515625,606.0126342773438,80087300
2025-11-17,606.2999877929688,612.47998046875,599.8699951171875,603.6599731445312,600.8369750976562,63850400
2025-11-18,599.6199951171875,602.3099975585938,591.3400268554688,596.3099975585938,593.5213012695312,83327300
2025-11-19,597.0700073242188,606.1599731445312,594.5900268554688,599.8699951171875,597.064697265625,73111500
2025-11-20,611.6199951171875,614.030029296875,584.75,585.6699829101562,582.9310913085938,117743200
2025-11-21,587.469970703125,596.97998046875,580.739990234375,590.0700073242188,587.3104858398438,103344200
2025-11-24,595.280029296875,606.6799926757812,595.1599731445312,605.1599731445312,602.3299560546875,60168100
2025-11-25,603.510009765625,610.260009765625,597.3200073242188,608.8900146484375,606.0425415039062,57560900
2025-11-26,612.510009765625,616.1900024414062,610.3900146484375,614.27001953125,611.3973388671875,42393600
2025-11-28,616.1099853515625,619.3200073242188,615.4199829101562,619.25,616.3540649414062,23034400
2025-12-01,613.6300048828125,619.4400024414062,612.52001953125,617.1699829101562,614.2837524414062,40957600
2025-12-02,619.4600219726562,623.75,617.5900268554688,622,619.0911865234375,54541800
2025-12-03,619.6199951171875,624.219970703125,618.030029296875,623.52001953125,620.6041259765625,47841600
2025-12-04,624.9299926757812,624.9400024414062,619.5399780273438,622.9400024414062,620.0267944335938,47067800
2025-12-05,624.3800048828125,628.9199829101562,623.7100219726562,625.47998046875,622.554931640625,53614200
2025-12-08,627.2100219726562,628.8400268554688,621.6900024414062,624.280029296875,621.3605346679688,43462400
2025-12-09,623.010009765625,625.8699951171875,621,625.0499877929688,622.1268920898438,37156000
2025-12-10,623.8499755859375,629.2100219726562,620.989990234375,627.6099853515625,624.6749267578125,55031400
2025-12-11,623.8200073242188,625.780029296875,617.719970703125,625.5800170898438,622.654541015625,58272800
2025-12-12,622.0800170898438,623.5399780273438,611.3599853515625,613.6199951171875,610.7503662109375,75158700
2025-12-15,618.3699951171875,618.4199829101562,609.3200073242188,610.5399780273438,607.6847534179688,49538200
2025-12-16,608.260009765625,613.510009765625,606.9099731445312,611.75,608.8890991210938,55152800
2025-12-17,613.0599975585938,613.6500244140625,600.280029296875,600.4099731445312,597.6021118164062,70654300
2025-12-18,609.7999877929688,612.9299926757812,606.9199829101562,609.1099853515625,606.261474609375,78875800
2025-12-19,611.9500122070312,617.6199951171875,611.8699951171875,617.0499877929688,614.1643676757812,60369800
2025-12-22,621.3499755859375,621.6500244140625,617.77001953125,619.2100219726562,617.1082763671875,43703100
2025-12-23,618.2000122070312,622.4099731445312,617.780029296875,622.1099853515625,619.9984130859375,41120400
2025-12-24,621.989990234375,624.280029296875,621.719970703125,623.9299926757812,621.8123168945312,18468700
2025-12-26,624.6599731445312,625.52001953125,623.1400146484375,623.8900146484375,621.7723999023438,28959800
2025-12-29,620.0999755859375,622.780029296875,618.72998046875,620.8699951171875,618.7626342773438,32458300
2025-12-30,619.8400268554688,622.1799926757812,619.219970703125,619.4299926757812,617.3275146484375,31226800
2025-12-31,619.6500244140625,619.9600219726562,614.0499877929688,614.3099975585938,612.2249145507812,40746500
2026-01-02,620.0599975585938,622.8499755859375,610.1500244140625,613.1199951171875,611.0390014648438,61859200
2026-01-05,619.3200073242188,620.8099975585938,616.719970703125,617.989990234375,615.8923950195312,46828400
2026-01-06,619.22998046875,624.02001953125,618.5399780273438,623.4199829101562,621.3040161132812,43137500
2026-01-07,623.0399780273438,627.9400024414062,622.5599975585938,624.02001953125,621.9020385742188,44880300
2026-01-08,623.030029296875,623.4199829101562,617.7999877929688,620.469970703125,618.364013671875,50435900
2026-01-09,621.4099731445312,627.8900146484375,619.0599975585938,626.6500244140625,624.5230712890625,49688700
2026-01-12,622.3099975585938,628.8499755859375,622.260009765625,627.1699829101562,625.041259765625,37388700
2026-01-13,627.27001953125,629.469970703125,623.7000122070312,626.239990234375,624.1144409179688,44481400
2026-01-14,622.239990234375,623.4500122070312,614.5599975585938,619.5499877929688,617.4471435546875,72598700
2026-01-15,626.5999755859375,630,620.75,621.780029296875,619.6696166992188,53934900
2026-01-16,625.5,626.0800170898438,618.8800048828125,621.260009765625,619.1513671875,61058100
2026-01-20,610.530029296875,615.0599975585938,607.0499877929688,608.0599975585938,605.9961547851562,81988900
2026-01-21,609.469970703125,620.4199829101562,607.8599853515625,616.280029296875,614.188232421875,79837900
2026-01-22,622.3499755859375,622.4600219726562,617.780029296875,620.760009765625,618.6530151367188,42254800
2026-01-23,619.72998046875,625.4000244140625,618.6500244140625,622.719970703125,620.6063842773438,43645800
2026-01-26,623.2100219726562,627.6099853515625,622.1199951171875,625.4600219726562,623.3370971679688,35983000
2026-01-27,628.9099731445312,632.0399780273438,627.3400268554688,631.1300048828125,628.9878540039062,38997200
2026-01-28,635.4600219726562,636.5999755859375,631.8099975585938,633.219970703125,631.0707397460938,50691700
2026-01-29,632.6500244140625,633.6699829101562,618.27001953125,629.4299926757812,627.2936401367188,79944000
2026-01-30,625.7100219726562,628.260009765625,619.2999877929688,621.8699951171875,619.75927734375,65650700
2026-02-02,618.7000122070312,628.489990234375,618.6599731445312,626.1400146484375,624.0148315429688,49020300
2026-02-03,628.2999877929688,629.97998046875,610.9600219726562,616.52001953125,614.4274291992188,81234000
2026-02-04,615.02001953125,615.0999755859375,600.469970703125,605.75,603.6939697265625,81850700
2026-02-05,600.2100219726562,604.8099975585938,594.760009765625,597.030029296875,595.003662109375,89354500
2026-02-06,600.1900024414062,611.4099731445312,598.77001953125,609.6500244140625,607.5807495117188,78019300
2026-02-09,607.5399780273438,616.4600219726562,605.0700073242188,614.3200073242188,612.2349243164062,56797600
2026-02-10,615.3099975585938,617.02001953125,611.010009765625,611.469970703125,609.39453125,53938900
2026-02-11,616.3800048828125,617.52001953125,607.6900024414062,613.1099853515625,611.0289916992188,58575100
2026-02-12,614.7100219726562,615.8099975585938,599.5700073242188,600.6400146484375,598.601318359375,81378900
2026-02-13,600.4299926757812,606.47998046875,596.4199829101562,601.9199829101562,599.8770141601562,69237500
2026-02-17,598.3800048828125,603.9500122070312,593.3400268554688,601.2999877929688,599.259033203125,69013800
2026-02-18,602.1099853515625,609.77001953125,600.719970703125,605.7899780273438,603.7338256835938,64250700
2026-02-19,602.8099975585938,605.8200073242188,600.75,603.469970703125,601.4216918945312,60960800
2026-02-20,600.1199951171875,610.3499755859375,599.22998046875,608.8099975585938,606.7435913085938,74127300
2026-02-23,606.6099853515625,608.010009765625,599.0499877929688,601.4099731445312,599.36865234375,63859100
2026-02-24,602.4000244140625,608.989990234375,599.72998046875,607.8699951171875,605.8067626953125,55023700
2026-02-25,611.0700073242188,616.8300170898438,611,616.6799926757812,614.5868530273438,55710700
2026-02-26,615.5900268554688,615.5900268554688,603.97998046875,609.239990234375,607.172119140625,96178900
2026-02-27,602.97998046875,608.3200073242188,602.1900024414062,607.2899780273438,605.2286987304688,68125200
2026-03-02,598.8599853515625,609.9199829101562,597.989990234375,608.0900268554688,606.0260620117188,75264600
2026-03-03,596.3300170898438,603.9600219726562,591.8699951171875,601.5800170898438,599.5381469726562,97015500
2026-03-04,604.1599731445312,612.8800048828125,603.4299926757812,610.75,608.677001953125,70943900
2026-03-05,607.4000244140625,612.760009765625,602.260009765625,608.9099731445312,606.8432006835938,89602400
2026-03-06,600.3099975585938,606,598.3300170898438,599.75,597.71435546875,86302300
2026-03-09,594.22998046875,609.27001953125,591.3300170898438,607.760009765625,605.6971435546875,93068200
2026-03-10,607.780029296875,613.2899780273438,605.4199829101562,607.77001953125,605.7071533203125,64078900
2026-03-11,608.9500122070312,612.4299926757812,605.030029296875,607.6900024414062,605.6273803710938,60114800
2026-03-12,602.760009765625,604.1400146484375,597.0499877929688,597.260009765625,595.2328491210938,71836600
2026-03-13,599.72998046875,603.5999755859375,592.5700073242188,593.719970703125,591.7047729492188,63145500
2026-03-16,600.0399780273438,603.8599853515625,599.1099853515625,600.3800048828125,598.3422241210938,49077200
2026-03-17,603.1400146484375,605.9000244140625,601.8699951171875,603.3099975585938,601.2622680664062,47106600
2026-03-18,601.489990234375,603.1599731445312,594.5599975585938,594.9000244140625,592.880859375,56128000
2026-03-19,589.510009765625,595.7999877929688,587.0800170898438,593.02001953125,591.0072021484375,75597600
2026-03-20,591.0599975585938,591.1699829101562,578.5399780273438,582.0599975585938,580.0844116210938,91964700
2026-03-23,590.52001953125,595.0800170898438,585.9600219726562,588,586.7431640625,89936100
2026-03-24,584.8099975585938,587.9299926757812,581.9299926757812,583.97998046875,582.731689453125,57750900
2026-03-25,589.1400146484375,591.3699951171875,585.6900024414062,587.8200073242188,586.5635375976562,60475500
2026-03-26,582.5999755859375,584.6300048828125,573.4299926757812,573.7899780273438,572.5634765625,81492100
2026-03-27,570.8099975585938,571.02001953125,561.5700073242188,562.5800170898438,561.3775024414062,82702200
2026-03-30,567.3800048828125,568.0499877929688,555.5999755859375,558.280029296875,557.086669921875,70602600
2026-03-31,564.2899780273438,578.6400146484375,564.2100219726562,577.1799926757812,575.9462280273438,95878000
2026-04-01,581.47998046875,587.739990234375,580.4199829101562,584.3099975585938,583.06103515625,79435100
2026-04-02,573.969970703125,586.0499877929688,571.9199829101562,584.97998046875,583.7295532226562,50941700
2026-04-06,586.22998046875,590.6099853515625,584.6900024414062,588.5,587.2420654296875,35108500
2026-04-07,585.6400146484375,588.97998046875,578.4000244140625,588.5900268554688,587.3319091796875,49948200
2026-04-08,608.7100219726562,609.9000244140625,602.1199951171875,606.0900268554688,604.7944946289062,63086000
2026-04-09,605.9299926757812,610.5,603.030029296875,610.1900024414062,608.8857421875,37837500
2026-04-10,611.8400268554688,613.6699829101562,609.5800170898438,611.0700073242188,609.7638549804688,34038500
2026-04-13,609.47998046875,626.739990234375,608.1099853515625,617.3900146484375,616.0703125,32972100
2026-04-14,620.219970703125,628.5999755859375,620.0999755859375,628.5999755859375,627.2562866210938,49921100
2026-04-15,629.0800170898438,637.8300170898438,628.2000122070312,637.4000244140625,636.0375366210938,50102400
2026-04-16,639.2100219726562,642.1799926757812,635.260009765625,640.469970703125,639.1009521484375,42320600
2026-04-17,645.5900268554688,650,644.0700073242188,648.8499755859375,647.4630126953125,53488900
2026-04-20,648.0399780273438,648.760009765625,642.52001953125,646.7899780273438,645.4074096679688,37138500
2026-04-21,648.4099731445312,650.2000122070312,642.2100219726562,644.3300170898438,642.9526977539062,39580500
2026-04-22,650.1500244140625,655.3300170898438,648.52001953125,655.1099853515625,653.709716796875,37368400
2026-04-23,653.5499877929688,656.9199829101562,645.52001953125,651.4199829101562,650.0275268554688,40099800
2026-04-24,658.510009765625,664.510009765625,656.530029296875,663.8800048828125,662.4609375,45563100
2026-04-27,663.4000244140625,664.4299926757812,660.6900024414062,664.22998046875,662.8101806640625,32717000
2026-04-28,657.4099731445312,659.6400146484375,653.8099975585938,657.5499877929688,656.1444702148438,34147900
2026-04-29,658.6300048828125,661.719970703125,656.5900268554688,661.5700073242188,660.1558837890625,31724900
2026-04-30,665.3499755859375,668.9000244140625,657.5599975585938,667.739990234375,666.3126220703125,40622200
2026-05-01,669.1599731445312,675.969970703125,668.7999877929688,674.1500244140625,672.708984375,39172600
2026-05-04,674.6599731445312,676.72998046875,668.9000244140625,672.8800048828125,671.4417114257812,34542000
2026-05-05,677.9600219726562,682.77001953125,677.510009765625,681.6099853515625,680.1530151367188,37101100
2026-05-06,687.780029296875,695.9299926757812,686.47998046875,695.77001953125,694.2827758789062,38778500
2026-05-07,696.5800170898438,701.239990234375,691.77001953125,694.9400024414062,693.4545288085938,43779100
2026-05-08,699.9199829101562,711.22998046875,699.5,711.22998046875,709.709716796875,44320400
2026-05-11,710.3599853515625,714.5900268554688,708.9099731445312,713.2899780273438,711.7652587890625,36019100
2026-05-12,708.219970703125,710.1799926757812,696.6400146484375,707.239990234375,705.7282104492188,45873000
2026-05-13,709.9600219726562,716.6500244140625,704.8300170898438,714.7100219726562,713.1823120117188,40012500
2026-05-14,714.6199951171875,722.030029296875,714.219970703125,719.7899780273438,718.2514038085938,33327500
2026-05-15,710.1400146484375,715.1300048828125,705.5499877929688,708.9299926757812,707.4146728515625,51792700
2026-05-18,711.5399780273438,712.0700073242188,698.8499755859375,705.8800048828125,704.3711547851562,49834500
2026-05-19,699.8099975585938,706.489990234375,695.25,701.530029296875,700.030517578125,46827500
2026-05-20,705.2899780273438,713.1500244140625,703.7899780273438,713.1500244140625,711.6256713867188,36779200
2026-05-21,708.989990234375,717.1199951171875,706.77001953125,714.510009765625,712.9827270507812,36415400
2026-05-22,718.0700073242188,722.1199951171875,715.9500122070312,717.5399780273438,716.0062255859375,33118600
2026-05-26,725.9600219726562,731.1699829101562,724.1599731445312,730.280029296875,728.7190551757812,34254700
2026-05-27,732.9600219726562,733.3200073242188,725.4400024414062,729.4500122070312,727.8908081054688,35148700
2026-05-28,729.72998046875,736.5999755859375,726.4099731445312,735.5999755859375,734.027587890625,32840000
2026-05-29,737.8400268554688,741.6300048828125,735.25,738.3099975585938,736.7318115234375,37541700
2026-06-01,737.0399780273438,745.6500244140625,735.989990234375,742.739990234375,741.1524047851562,33890600
2026-06-02,742.4000244140625,746.4400024414062,739.22998046875,746.1599731445312,744.5650024414062,30085200
2026-06-03,747.3099975585938,748.6500244140625,741.010009765625,744.2100219726562,742.6192626953125,40270200
2026-06-04,735.47998046875,743.5,732.6199951171875,740.6099853515625,739.0269165039062,40782600
2026-06-05,730.0599975585938,731.6900024414062,704.3200073242188,705.0599975585938,703.5529174804688,99606600
2026-06-08,717.8099975585938,723.030029296875,713.0700073242188,716.0700073242188,714.5393676757812,47401500
2026-06-09,722.97998046875,725.6599731445312,686.3699951171875,707.8300170898438,706.3169555664062,91932200
2026-06-10,701.6599731445312,711.280029296875,692.9299926757812,693.6900024414062,692.2072143554688,65334300
2026-06-11,699.2899780273438,718.3699951171875,695,717.1199951171875,715.5870971679688,71798900
2026-06-12,717.6099853515625,724.010009765625,711.280029296875,721.3400268554688,719.798095703125,51168400
2026-06-15,738.0999755859375,744.760009765625,737.3800048828125,744,742.40966796875,46710200
2026-06-16,742.25,744.219970703125,729.6400146484375,729.8599853515625,728.2998657226562,45348700
2026-06-17,735.1900024414062,735.6799926757812,720.8499755859375,722.510009765625,720.965576171875,51669300
2026-06-18,737.2000122070312,741.8200073242188,732.510009765625,740.6199951171875,739.0369262695312,50154600
2026-06-22,742.02001953125,745.4500122070312,734.3900146484375,737.9500122070312,737.1818237304688,43518600
2026-06-23,715.739990234375,723.6099853515625,712.1099853515625,713.6500244140625,712.9071655273438,53354200
2026-06-24,715.3699951171875,719.9299926757812,704.4500122070312,710.6199951171875,709.8803100585938,52480400
2026-06-25,725.9000244140625,726.8300170898438,705.2999877929688,716.3800048828125,715.63427734375,49668000
2026-06-26,707.1300048828125,715.5599975585938,702.8099975585938,706.52001953125,705.7846069335938,47081800
2026-06-29,713.989990234375,724.5800170898438,705.1699829101562,724.0800170898438,723.3262939453125,44939100
2026-06-30,724.1799926757812,737.6199951171875,723.9099731445312,736.4000244140625,735.6334838867188,42121800
2026-07-01,729.1900024414062,731.9199829101562,724.5999755859375,725.1699829101562,724.4151000976562,40803800
2026-07-02,725.5800170898438,730.8300170898438,707.5599975585938,712.5999755859375,711.8582153320312,50959800
2026-07-06,719.9299926757812,726.0800170898438,718.4500122070312,722.8200073242188,722.067626953125,30220400
2026-07-07,714.1699829101562,716.3499755859375,704.9000244140625,709.4299926757812,708.6915283203125,42483100
2026-07-08,704.9500122070312,712.260009765625,700.9099731445312,711.4400024414062,710.699462890625,35603200
2026-07-09,718.3300170898438,724.22998046875,715.1300048828125,723.280029296875,722.5271606445312,33654700
2026-07-10,720.7000122070312,726.3900146484375,717,725.510009765625,724.7548217773438,26415900
2026-07-13,717.719970703125,718.739990234375,710.0800170898438,711.739990234375,710.9990844726562,36552400
2026-07-14,720.219970703125,722.2899780273438,714.3400268554688,719.6900024414062,718.9408569335938,29448100
2026-07-15,723.8499755859375,724.3599853515625,710.22998046875,717.739990234375,716.9928588867188,32627600
2026-07-16,712.010009765625,713.5999755859375,702.6099853515625,705.9400024414062,705.2051391601562,39402000
2026-07-17,691.6500244140625,702.2999877929688,686.760009765625,695.3300170898438,694.606201171875,54109300
2026-07-20,702.1599731445312,705.7999877929688,695.510009765625,696.0599975585938,695.33544921875,29687600
2026-07-21,706.5700073242188,710.0499877929688,702.7999877929688,708.969970703125,708.2319946289062,33728300
2026-07-22,703.6199951171875,709.6500244140625,703.6199951171875,705.3499755859375,704.61572265625,23692200
2026-07-23,694.6699829101562,698.6599731445312,687.7899780273438,691.9600219726562,691.23974609375,44028600
2026-07-24,690.4099731445312,692.6300048828125,682.47998046875,684.22998046875,683.5177612304688,42876700
2026-07-27,691.6799926757812,692.2999877929688,675.9500122070312,682.1199951171875,681.4099731445312,42681500
2026-07-28,676.22998046875,679.4000244140625,667.8800048828125,675.489990234375,674.786865234375,51398700
2026-07-29,675.510009765625,680.0499877929688,661.1400146484375,661.72998046875,661.0411376953125,57233300
2026-07-30,674.760009765625,685.1199951171875,673.2999877929688,683.5499877929688,682.8384399414062,66753700
2026-07-31,692.1099853515625,695.77001953125,680.0499877929688,687.989990234375,687.2738647460938,50540500
2026-08-03,688.2999877929688,701.5900268554688,685.8200073242188,700.0700073242188,699.34130859375,44965100
2026-08-04,708.1599731445312,725.6599731445312,707.530029296875,723.8499755859375,723.0964965820312,59778600
2026-08-05,726.25,728.5399780273438,716.9199829101562,717.2999877929688,716.5533447265625,33540200
2026-08-06,710.8200073242188,719.3200073242188,708.5,714.6500244140625,713.9061279296875,33035900
2026-08-07,720.1500244140625,723.6300048828125,716.510009765625,723.030029296875,722.2774047851562,31070400
2026-08-10,722.3900146484375,724.6699829101562,720.3300170898438,720.8699951171875,720.11962890625,26243200
2026-08-11,723.2899780273438,723.3499755859375,715.5,718.4500122070312,717.7021484375,29286100
2026-08-12,727.0800170898438,727.25,722.9199829101562,723.7000122070312,722.9467163085938,29066000
2026-08-13,725.1500244140625,733.9600219726562,724.030029296875,732.0700073242188,731.3079833984375,31599700
2026-08-14,733.4099731445312,734.3900146484375,728.3200073242188,731.0700073242188,730.3090209960938,23790600
2026-08-17,732.9500122070312,734.5800170898438,729.27001953125,729.8699951171875,729.1102294921875,26452600
2026-08-18,720.2100219726562,722.1300048828125,715.9199829101562,717.510009765625,716.7631225585938,48997200
2026-08-19,720.3900146484375,721.5,712.6099853515625,716.0800170898438,715.3345947265625,35801700
2026-08-20,712.0900268554688,714.9400024414062,708.52001953125,710.9299926757812,710.18994140625,33396400
2026-08-21,715.22998046875,715.6699829101562,709.2000122070312,713.4400024414062,712.6973876953125,33399400
2026-08-24,709.6599731445312,709.7899780273438,702.7000122070312,706.3200073242188,705.5847778320312,37443100
2026-08-25,711.219970703125,714.0399780273438,707.4500122070312,710.719970703125,709.9801635742188,23869600
2026-08-26,708.4099731445312,713.02001953125,707.969970703125,711.3699951171875,710.6295166015625,20392400
2026-08-27,716.9299926757812,721.3499755859375,714.530029296875,721.1099853515625,720.359375,28723500
2026-08-28,719.739990234375,724.1300048828125,715.0900268554688,716.4299926757812,715.6842651367188,34105400
2026-08-31,715.1699829101562,717.5800170898438,713.1599731445312,716.760009765625,716.013916015625,32237200
2026-09-01,707.3900146484375,712.2999877929688,704.6599731445312,707.6400146484375,706.9033813476562,35236100
2026-09-02,707.0999755859375,709.7999877929688,705.0999755859375,709.239990234375,708.501708984375,23476200
2026-09-03,710.8499755859375,718.9199829101562,709.6900024414062,717.6699829101562,716.9229125976562,29449800
2026-09-04,719.3499755859375,721.8599853515625,716.5599975585938,718.9600219726562,718.2116088867188,32871100
2026-09-08,720.9099731445312,721.8900146484375,715.5700073242188,718.3599853515625,717.6122436523438,28341400
2026-09-09,716.4000244140625,719.7000122070312,714.02001953125,716.3099975585938,715.5643920898438,26763400
2026-09-10,707.5499877929688,712.0599975585938,706.8599853515625,708.6900024414062,707.9523315429688,31414400
2026-09-11,715.6799926757812,717.6300048828125,713.6300048828125,714.8800048828125,714.1358642578125,26649100
2026-09-14,703.3300170898438,712.9500122070312,702.739990234375,709.1799926757812,708.4417724609375,35219000
2026-09-15,708.7999877929688,709.530029296875,703.6400146484375,704.5399780273438,703.8065795898438,26631700
2026-09-16,708,711.8800048828125,700,704.719970703125,703.9863891601562,35688000
2026-09-17,715.9500122070312,718.0399780273438,713.3200073242188,716.9199829101562,716.1737060546875,37270300
2026-09-18,718.8300170898438,721.72998046875,715.0800170898438,721.4500122070312,720.6990356445312,48478700
2026-09-21,727.8900146484375,743.219970703125,727.8099975585938,741.469970703125,741.469970703125,46730600
2026-09-22,740.97998046875,748.3499755859375,740.9299926757812,747.4600219726562,747.4600219726562,40128800
2026-09-23,746.969970703125,747.1300048828125,738.1900024414062,741.2100219726562,741.2100219726562,33191800
2026-09-24,735.2899780273438,742.6599731445312,734.6199951171875,741.0999755859375,741.0999755859375,29000900
2026-09-25,742.8300170898438,745.9199829101562,739.6400146484375,744.5,744.5,30249200
