date,open,high,low,close,adjClose,volume
2019-01-02,245.97999572753906,251.2100067138672,245.9499969482422,250.17999267578125,223.25157165527344,126925200
2019-01-03,248.22999572753906,248.57000732421875,243.6699981689453,244.2100067138672,217.9241485595703,144140700
2019-01-04,247.58999633789062,253.11000061035156,247.1699981689453,252.38999938964844,225.22372436523438,142628800
2019-01-07,252.69000244140625,255.9499969482422,251.69000244140625,254.3800048828125,226.99952697753906,103139100
2019-01-08,256.82000732421875,257.30999755859375,254,256.7699890136719,229.1322479248047,102512600
2019-01-09,257.55999755859375,258.9100036621094,256.19000244140625,257.9700012207031,230.20306396484375,95006600
2019-01-10,256.260009765625,259.1600036621094,255.5,258.8800048828125,231.01515197753906,96823900
2019-01-11,257.67999267578125,259.010009765625,257.0299987792969,258.9800109863281,231.10438537597656,73858100
2019-01-14,256.8599853515625,258.29998779296875,256.4100036621094,257.3999938964844,229.69448852539062,70908200
2019-01-15,257.82000732421875,260.70001220703125,257.80999755859375,260.3500061035156,232.32687377929688,85208300
2019-01-16,260.8299865722656,261.9700012207031,260.6000061035156,260.9800109863281,232.88914489746094,77636700
2019-01-17,260.010009765625,263.9200134277344,259.9599914550781,262.9599914550781,234.65594482421875,96118400
2019-01-18,264.9800109863281,266.9800109863281,263,266.4599914550781,237.779296875,127900300
2019-01-22,264.82000732421875,265.05999755859375,261.05999755859375,262.8599853515625,234.56671142578125,115531200
2019-01-23,264.010009765625,264.7900085449219,260.6600036621094,263.4100036621094,235.0575714111328,86030300
2019-01-24,263.2099914550781,264.20001220703125,262.0799865722656,263.54998779296875,235.18251037597656,59204100
2019-01-25,265.6099853515625,266.70001220703125,263.6600036621094,265.7799987792969,237.1724853515625,96883400
2019-01-28,263.3900146484375,263.8299865722656,261.7900085449219,263.760009765625,235.36990356445312,85613700
2019-01-29,263.9200134277344,264.54998779296875,262.4800109863281,263.4100036621094,235.0575714111328,66136300
2019-01-30,265.1000061035156,268.5199890136719,264.25,267.5799865722656,238.7786865234375,92473700
2019-01-31,267.510009765625,270.4700012207031,267.2699890136719,269.92999267578125,240.875732421875,104012100
2019-02-01,270.1499938964844,271.20001220703125,269.17999267578125,270.05999755859375,240.99176025390625,85782500
2019-02-04,270.1099853515625,272.0299987792969,269.3599853515625,271.9599914550781,242.68728637695312,60744800
2019-02-05,272.44000244140625,273.44000244140625,271.8800048828125,273.1000061035156,243.70455932617188,79552800
2019-02-06,272.7900085449219,273.3399963378906,271.9200134277344,272.739990234375,243.38328552246094,58347800
2019-02-07,270.94000244140625,271.54998779296875,268.2900085449219,270.1400146484375,241.06314086914062,95482000
2019-02-08,268.75,270.5799865722656,267.8299865722656,270.4700012207031,241.35768127441406,75788900
2019-02-11,271.20001220703125,271.489990234375,270.0299987792969,270.6199951171875,241.49148559570312,68021400
2019-02-12,272.4200134277344,274.5199890136719,272.3399963378906,274.1000061035156,244.59693908691406,72270200
2019-02-13,275.0299987792969,275.92999267578125,274.55999755859375,274.989990234375,245.39117431640625,65277200
2019-02-14,273.7799987792969,275.6400146484375,272.8699951171875,274.3800048828125,244.84674072265625,83234400
2019-02-15,276.3599853515625,277.4100036621094,276.1300048828125,277.3699951171875,247.51492309570312,97088700
2019-02-19,276.4800109863281,278.5799865722656,276.4700012207031,277.8500061035156,247.943359375,59120800
2019-02-20,277.80999755859375,278.9200134277344,277.25,278.4100036621094,248.4429931640625,76610800
2019-02-21,277.70001220703125,278.1000061035156,276.3500061035156,277.4200134277344,247.55950927734375,64214700
2019-02-22,278.1099853515625,279.3599853515625,277.3999938964844,279.1400146484375,249.09449768066406,78114600
2019-02-25,280.7300109863281,281.30999755859375,279.42999267578125,279.5199890136719,249.43350219726562,69030700
2019-02-26,279.1300048828125,280.29998779296875,278.8999938964844,279.32000732421875,249.25509643554688,56844100
2019-02-27,278.5199890136719,279.5899963378906,277.4800109863281,279.20001220703125,249.14796447753906,56921600
2019-02-28,278.9599914550781,279.45001220703125,278.32000732421875,278.67999267578125,248.68394470214844,69268300
2019-03-01,280.44000244140625,280.8800048828125,278.82000732421875,280.4200134277344,250.23663330078125,78880500
2019-03-04,281.6000061035156,281.8699951171875,276.8399963378906,279.3999938964844,249.3264617919922,106494600
2019-03-05,279.5400085449219,279.760009765625,278.4100036621094,279.0199890136719,248.98731994628906,59114600
2019-03-06,279.1499938964844,279.1600036621094,276.9700012207031,277.3299865722656,247.47926330566406,75039800
2019-03-07,276.8299865722656,276.989990234375,274.07000732421875,275.010009765625,245.4089813232422,94885100
2019-03-08,272.94000244140625,274.6499938964844,272.4200134277344,274.4599914550781,244.9181365966797,85795800
2019-03-11,275.260009765625,278.6199951171875,275.2300109863281,278.44000244140625,248.4697265625,65098900
2019-03-12,279.05999755859375,280.07000732421875,278.8500061035156,279.489990234375,249.40675354003906,79667500
2019-03-13,280.4800109863281,282.3800048828125,280.29998779296875,281.3399963378906,251.05767822265625,80639200
2019-03-14,281.3699951171875,281.8399963378906,280.6700134277344,281.1600036621094,250.89707946777344,67518400
2019-03-15,280.5400085449219,282.2099914550781,280.3299865722656,281.30999755859375,252.1366424560547,81309000
2019-03-18,281.54998779296875,282.6600036621094,281.29998779296875,282.3299865722656,253.05084228515625,62199800
2019-03-19,283.510009765625,284.3599853515625,281.4100036621094,282.3999938964844,253.11358642578125,90268100
2019-03-20,282.1600036621094,283.5,280.32000732421875,281.54998779296875,252.35159301757812,84609200
2019-03-21,280.6400146484375,285.17999267578125,280.5899963378906,284.7300109863281,255.20191955566406,79550400
2019-03-22,283.2200012207031,283.79998779296875,279.17999267578125,279.25,250.2903289794922,122659300
2019-03-25,278.8699951171875,280.19000244140625,277.6400146484375,279.0400085449219,250.1020965576172,85575200
2019-03-26,280.989990234375,282.17999267578125,279.55999755859375,281.1199951171875,251.96620178222656,68125900
2019-03-27,281.1099853515625,281.760009765625,277.92999267578125,279.6499938964844,250.6488037109375,72224700
2019-03-28,280.3500061035156,281.2099914550781,279.07000732421875,280.7099914550781,251.59878540039062,56238500
2019-03-29,282.3900146484375,282.8399963378906,281.1400146484375,282.4800109863281,253.18527221679688,82186800
2019-04-01,284.70001220703125,286.1600036621094,284.3999938964844,285.8299865722656,256.1878356933594,77617900
2019-04-02,286.0400085449219,286.2300109863281,285.0899963378906,285.9700012207031,256.3132629394531,40070400
2019-04-03,287.32000732421875,287.760009765625,285.75,286.4200134277344,256.7165832519531,68243200
2019-04-04,286.7799987792969,287.4599914550781,286.010009765625,287.17999267578125,257.3978576660156,48997500
2019-04-05,287.9200134277344,288.6300048828125,287.6000061035156,288.57000732421875,258.6436462402344,58621700
2019-04-08,288.1000061035156,288.9100036621094,287.3699951171875,288.7900085449219,258.8409118652344,53566300
2019-04-09,287.7200012207031,288.0799865722656,286.70001220703125,287.30999755859375,257.51434326171875,66142300
2019-04-10,287.7699890136719,288.3900146484375,287.30999755859375,288.2900085449219,258.3927307128906,52601500
2019-04-11,288.8299865722656,288.8399963378906,287.5799865722656,288.2099914550781,258.321044921875,55093100
2019-04-12,290,290.4700012207031,288.260009765625,290.1600036621094,260.0688781738281,69727800
2019-04-15,290.239990234375,290.3500061035156,289.0799865722656,289.9700012207031,259.8985595703125,49596700
2019-04-16,290.95001220703125,291.010009765625,289.5,290.1600036621094,260.0688781738281,52153200
2019-04-17,291.3999938964844,291.42999267578125,288.989990234375,289.45001220703125,259.43243408203125,58268300
2019-04-18,290.1000061035156,290.32000732421875,288.6600036621094,290.0199890136719,259.94329833984375,68708500
2019-04-22,289.1700134277344,290.44000244140625,289.07000732421875,290.2699890136719,260.1673889160156,40160100
2019-04-23,290.67999267578125,293.1400146484375,290.4200134277344,292.8800048828125,262.5067138671875,52246600
2019-04-24,292.7900085449219,293.1600036621094,292.07000732421875,292.2300109863281,261.92413330078125,50392900
2019-04-25,292.1199951171875,292.7799987792969,290.7300109863281,292.04998779296875,261.7627868652344,57770900
2019-04-26,292.1000061035156,293.489990234375,291.239990234375,293.4100036621094,262.98175048828125,50916400
2019-04-29,293.510009765625,294.45001220703125,293.4100036621094,293.8699951171875,263.3940734863281,57197700
2019-04-30,293.489990234375,294.3399963378906,291.9200134277344,294.0199890136719,263.52850341796875,81111700
2019-05-01,294.7200012207031,294.95001220703125,291.79998779296875,291.80999755859375,261.54766845703125,71671900
2019-05-02,291.67999267578125,292.70001220703125,289.5199890136719,291.17999267578125,260.9830627441406,65030200
2019-05-03,292.82000732421875,294.3399963378906,291.29998779296875,294.0299987792969,263.5374450683594,56543700
2019-05-06,289.25,293.30999755859375,288.8999938964844,292.82000732421875,262.4529724121094,107198100
2019-05-07,290.1499938964844,290.80999755859375,285.80999755859375,287.92999267578125,258.07000732421875,144729900
2019-05-08,287.5299987792969,289.42999267578125,286.8699951171875,287.5299987792969,257.7115478515625,91568300
2019-05-09,285.2300109863281,287.3299865722656,283.29998779296875,286.6600036621094,256.9316711425781,103471100
2019-05-10,285.6199951171875,288.94000244140625,282.29998779296875,288.1000061035156,258.22247314453125,112429300
2019-05-13,282.4200134277344,283.489990234375,279.92999267578125,280.8599853515625,251.73324584960938,127290500
2019-05-14,281.989990234375,285.1000061035156,281.8500061035156,283.3999938964844,254.00982666015625,77003200
2019-05-15,281.5899963378906,285.7699890136719,281.3599853515625,285.05999755859375,255.49766540527344,73956400
2019-05-16,285.8399963378906,289.2099914550781,285.760009765625,287.70001220703125,257.86395263671875,76749600
2019-05-17,285.1400146484375,288.6000061035156,285.1199951171875,285.8399963378906,256.19677734375,100353000
2019-05-20,284.05999755859375,285.9599914550781,283.1199951171875,283.95001220703125,254.5028533935547,62877600
2019-05-21,285.8299865722656,286.92999267578125,285.54998779296875,286.510009765625,256.79730224609375,46847100
2019-05-22,285.45001220703125,286.69000244140625,285.1000061035156,285.6300048828125,256.0086364746094,49482500
2019-05-23,283.1600036621094,283.2099914550781,280.57000732421875,282.1400146484375,252.88052368164062,98733800
2019-05-24,283.739990234375,284.20001220703125,282.0899963378906,282.7799987792969,253.45420837402344,55268100
2019-05-28,283.0899963378906,284.1499938964844,280.1300048828125,280.1499938964844,251.09683227539062,70029400
2019-05-29,278.9100036621094,279.3599853515625,276.7099914550781,278.2699890136719,249.4119110107422,104972900
2019-05-30,279.1099853515625,280.0400085449219,277.80999755859375,279.0299987792969,250.093017578125,62523800
2019-05-31,276.20001220703125,277.1199951171875,275.239990234375,275.2699890136719,246.72300720214844,86862800
2019-06-03,275.30999755859375,276.54998779296875,273.0899963378906,274.57000732421875,246.0955352783203,96428000
2019-06-04,277.1199951171875,280.67999267578125,276.6199951171875,280.5299987792969,251.4374237060547,77231900
2019-06-05,282.3299865722656,282.989990234375,280.32000732421875,282.9599914550781,253.6155242919922,71169700
2019-06-06,283.2900085449219,285.54998779296875,282.57000732421875,284.79998779296875,255.26467895507812,69430400
2019-06-07,285.92999267578125,288.8500061035156,285.739990234375,287.6499938964844,257.819091796875,74272200
2019-06-10,289.3699951171875,290.82000732421875,288.8699951171875,288.9700012207031,259.00225830078125,60799100
2019-06-11,290.989990234375,291.3999938964844,288.17999267578125,288.8999938964844,258.9394836425781,58641300
2019-06-12,288.6400146484375,289.260009765625,287.82000732421875,288.3900146484375,258.4823913574219,47096300
2019-06-13,289.3999938964844,289.9800109863281,288.6199951171875,289.5799865722656,259.5489501953125,48945200
2019-06-14,289.260009765625,289.92999267578125,288.4100036621094,289.260009765625,259.26214599609375,52324700
2019-06-17,289.5199890136719,290.2200012207031,289.17999267578125,289.3699951171875,259.3607482910156,39205700
2019-06-18,291.3900146484375,293.57000732421875,290.989990234375,292.3999938964844,262.07647705078125,85434800
2019-06-19,292.54998779296875,293.6499938964844,291.4700012207031,293.05999755859375,262.6680908203125,78674400
2019-06-20,296.0400085449219,296.30999755859375,293.1300048828125,295.8599853515625,265.1776428222656,116570000
2019-06-21,294.1300048828125,295.5199890136719,293.760009765625,294,264.7922668457031,83309500
2019-06-24,294.2300109863281,294.5799865722656,293.4700012207031,293.6400146484375,264.46795654296875,47582700
2019-06-25,293.70001220703125,293.7300109863281,290.6400146484375,290.760009765625,261.8741149902344,82028700
2019-06-26,291.75,292.30999755859375,290.3500061035156,290.4700012207031,261.6128845214844,51584900
2019-06-27,291.30999755859375,292.05999755859375,290.8900146484375,291.5,262.54058837890625,40355200
2019-06-28,292.5799865722656,293.54998779296875,292.010009765625,293,263.8916320800781,59350900
2019-07-01,296.67999267578125,296.9200134277344,294.3299865722656,295.6600036621094,266.2873229980469,78705600
2019-07-02,295.6099853515625,296.489990234375,294.67999267578125,296.42999267578125,266.9807434082031,61504500
2019-07-03,297.17999267578125,298.82000732421875,297.0199890136719,298.79998779296875,269.1153259277344,40898900
2019-07-05,297.44000244140625,298.6400146484375,296.010009765625,298.4599914550781,268.8090515136719,51677300
2019-07-08,297.010009765625,298.260009765625,296.2200012207031,296.82000732421875,267.3320617675781,45841800
2019-07-09,295.5400085449219,297.5199890136719,295.4800109863281,297.19000244140625,267.6652526855469,41101300
2019-07-10,298.3699951171875,299.6600036621094,297.7799987792969,298.6099853515625,268.94427490234375,58448500
2019-07-11,299.32000732421875,299.5799865722656,298.20001220703125,299.30999755859375,269.5747375488281,50826100
2019-07-12,299.8500061035156,300.7300109863281,299.510009765625,300.6499938964844,270.7815856933594,40326000
2019-07-15,301.1300048828125,301.1300048828125,300.19000244140625,300.75,270.87164306640625,33900000
2019-07-16,300.6499938964844,300.8800048828125,299.44000244140625,299.7799987792969,269.9979248046875,36650100
2019-07-17,299.75,299.92999267578125,297.739990234375,297.739990234375,268.1606750488281,36036300
2019-07-18,297.19000244140625,299.25,296.70001220703125,298.8299865722656,269.1423034667969,51392600
2019-07-19,300.0400085449219,300.07000732421875,296.9800109863281,297.1700134277344,267.64715576171875,58678600
2019-07-22,297.6099853515625,298.5,297.0400085449219,297.8999938964844,268.3046875,43638100
2019-07-23,299.1400146484375,300.0299987792969,298.2200012207031,300.0299987792969,270.2231750488281,44564500
2019-07-24,299.19000244140625,301.44000244140625,299.0899963378906,301.44000244140625,271.4930725097656,47213200
2019-07-25,300.94000244140625,301,299.1099853515625,300,270.1960754394531,55394100
2019-07-26,300.760009765625,302.2300109863281,300.6199951171875,302.010009765625,272.0064697265625,45084100
2019-07-29,301.8800048828125,302.010009765625,300.8500061035156,301.4599914550781,271.5111389160156,38126500
2019-07-30,299.9100036621094,301.1700134277344,299.489990234375,300.7200012207031,270.84466552734375,45849000
2019-07-31,300.989990234375,301.20001220703125,295.20001220703125,297.42999267578125,267.88140869140625,104245200
2019-08-01,297.6000061035156,300.8699951171875,293.9599914550781,294.8399963378906,265.5487365722656,142646600
2019-08-02,293.8500061035156,294.1199951171875,290.8999938964844,292.6199951171875,263.54931640625,116749700
2019-08-05,288.0899963378906,288.2099914550781,281.7200012207031,283.82000732421875,255.6235809326172,178745400
2019-08-06,285.9100036621094,288.0400085449219,284.2799987792969,287.79998779296875,259.2081604003906,120711700
2019-08-07,284.3999938964844,288.82000732421875,282.0400085449219,287.9700012207031,259.36126708984375,140572300
2019-08-08,289.6199951171875,293.6199951171875,289.010009765625,293.6199951171875,264.449951171875,87713900
2019-08-09,292.5799865722656,293.239990234375,289.6499938964844,291.6199951171875,262.6486511230469,93730000
2019-08-12,289.9599914550781,291.6099853515625,287.0199890136719,288.07000732421875,259.45135498046875,65527600
2019-08-13,287.739990234375,294.1499938964844,287.3599853515625,292.54998779296875,263.4862976074219,94299800
2019-08-14,288.07000732421875,288.739990234375,283.760009765625,283.8999938964844,255.69561767578125,135622100
2019-08-15,284.8800048828125,285.6400146484375,282.3900146484375,284.6499938964844,256.3710021972656,99556600
2019-08-16,286.4800109863281,289.3299865722656,284.7099914550781,288.8500061035156,260.15386962890625,83018300
2019-08-19,292.19000244140625,293.0799865722656,291.44000244140625,292.3299865722656,263.2880554199219,53571800
2019-08-20,291.7699890136719,292.3599853515625,289.95001220703125,290.0899963378906,261.2706298828125,51596400
2019-08-21,292.4800109863281,292.8599853515625,291.7200012207031,292.45001220703125,263.3962097167969,49524700
2019-08-22,293.2300109863281,293.92999267578125,290.3999938964844,292.3599853515625,263.31512451171875,51666400
2019-08-23,290.9200134277344,292.760009765625,283.4700012207031,284.8500061035156,256.55120849609375,149161500
2019-08-26,287.2699890136719,288,285.5799865722656,288,259.3882141113281,72423800
2019-08-27,289.5400085449219,289.95001220703125,286.0299987792969,286.8699951171875,258.37054443359375,66668900
2019-08-28,286.1400146484375,289.07000732421875,285.25,288.8900146484375,260.18988037109375,59696700
2019-08-29,291.7200012207031,293.1600036621094,290.6099853515625,292.5799865722656,263.5132141113281,57899400
2019-08-30,294.2200012207031,294.239990234375,291.4200134277344,292.45001220703125,263.3962097167969,62901200
2019-09-03,290.57000732421875,291.5799865722656,289.2699890136719,290.739990234375,261.8560485839844,69101400
2019-09-04,293.1400146484375,294.05999755859375,292.30999755859375,294.0400085449219,264.8282165527344,46887300
2019-09-05,296.7900085449219,298.8299865722656,294,297.82000732421875,268.232666015625,83258100
2019-09-06,298.1700134277344,298.760009765625,297.4200134277344,298.04998779296875,268.4397888183594,49584300
2019-09-09,299.1400146484375,299.239990234375,297.1600036621094,298.20001220703125,268.5749816894531,51260300
2019-09-10,297.3599853515625,298.20001220703125,295.9700012207031,298.1300048828125,268.51190185546875,57947100
2019-09-11,298.4700012207031,300.3399963378906,297.75,300.25,270.4212341308594,68821100
2019-09-12,301.25,302.4599914550781,300.4100036621094,301.2900085449219,271.35797119140625,72908700
2019-09-13,301.7799987792969,302.1700134277344,300.67999267578125,301.0899963378906,271.17779541015625,62104800
2019-09-16,299.8399963378906,301.1400146484375,299.45001220703125,300.1600036621094,270.3402099609375,58191200
2019-09-17,299.94000244140625,301.0199890136719,299.75,300.9200134277344,271.0246887207031,41475500
2019-09-18,300.489990234375,301.2200012207031,298.239990234375,301.1000061035156,271.1867980957031,73375800
2019-09-19,301.5299987792969,302.6300048828125,300.7099914550781,301.0799865722656,271.16876220703125,76560500
2019-09-20,300.3599853515625,300.6700134277344,297.4100036621094,298.2799987792969,269.8876037597656,89565000
2019-09-23,297.54998779296875,299,297.2699890136719,298.2099914550781,269.8243103027344,43476800
2019-09-24,299.4100036621094,299.8399963378906,294.80999755859375,295.8699951171875,267.70697021484375,94869400
2019-09-25,295.9599914550781,298.1099853515625,294.3299865722656,297.6199951171875,269.2904357910156,71854000
2019-09-26,297.6300048828125,297.8599853515625,295.45001220703125,297,268.72943115234375,56179700
2019-09-27,297.8299865722656,297.95001220703125,293.69000244140625,295.3999938964844,267.2817687988281,84746600
2019-09-30,295.9700012207031,297.54998779296875,295.9200134277344,296.7699890136719,268.52130126953125,51662400
2019-10-01,297.739990234375,298.4599914550781,293,293.239990234375,265.3273620605469,88242400
2019-10-02,291.5,291.510009765625,286.6400146484375,288.05999755859375,260.640380859375,122539500
2019-10-03,287.80999755859375,290.45001220703125,284.82000732421875,290.4200134277344,262.7757263183594,85278800
2019-10-04,291.1400146484375,294.6300048828125,291.0799865722656,294.3500061035156,266.3317565917969,65091200
2019-10-07,293.4700012207031,295.260009765625,292.7699890136719,293.0799865722656,265.1824951171875,59610500
2019-10-08,291.0400085449219,291.8500061035156,288.489990234375,288.5299987792969,261.0657043457031,95708100
2019-10-09,290.75,292.29998779296875,290.05999755859375,291.2699890136719,263.5448913574219,62359400
2019-10-10,291.17999267578125,294.2099914550781,291,293.239990234375,265.3273620605469,55296300
2019-10-11,296.2699890136719,298.739990234375,296.1400146484375,296.2799987792969,268.0780029296875,98720400
2019-10-14,295.92999267578125,296.6700134277344,295.57000732421875,295.95001220703125,267.7794494628906,40394800
2019-10-15,297.1000061035156,299.70001220703125,296.9700012207031,298.8800048828125,270.43048095703125,46754500
2019-10-16,298.3699951171875,299.1600036621094,297.9200134277344,298.3999938964844,269.9961853027344,48928200
2019-10-17,299.67999267578125,300.239990234375,298.5199890136719,299.2799987792969,270.7923889160156,45736600
2019-10-18,298.69000244140625,299.3999938964844,297.0299987792969,297.9700012207031,269.6070861816406,64304000
2019-10-21,299.4200134277344,300.2099914550781,298.94000244140625,299.989990234375,271.4348449707031,39048600
2019-10-22,300.5799865722656,300.8999938964844,298.9100036621094,299.010009765625,270.5481262207031,48594700
2019-10-23,298.7300109863281,299.94000244140625,298.5,299.8800048828125,271.3352966308594,34352200
2019-10-24,300.9100036621094,301.07000732421875,299.4599914550781,300.3699951171875,271.7786865234375,35453100
2019-10-25,299.739990234375,302.20001220703125,299.67999267578125,301.6000061035156,272.8916320800781,45205400
2019-10-28,302.94000244140625,303.8500061035156,302.9100036621094,303.29998779296875,274.42974853515625,42147000
2019-10-29,303,304.2300109863281,302.8599853515625,303.2099914550781,274.3482971191406,44284900
2019-10-30,303.42999267578125,304.54998779296875,301.989990234375,304.1400146484375,275.1899108886719,49643900
2019-10-31,304.1300048828125,304.1300048828125,301.7300109863281,303.3299865722656,274.4568786621094,69053800
2019-11-01,304.9200134277344,306.19000244140625,304.739990234375,306.1400146484375,276.9994201660156,71141500
2019-11-04,307.8500061035156,308,306.9599914550781,307.3699951171875,278.11236572265625,60606900
2019-11-05,307.5899963378906,307.9200134277344,306.7099914550781,307.0299987792969,277.8046875,42933200
2019-11-06,307.0299987792969,307.3999938964844,306.05999755859375,307.1000061035156,277.8680419921875,46487100
2019-11-07,308.57000732421875,309.6499938964844,307.6600036621094,308.17999267578125,278.8452453613281,54272300
2019-11-08,307.79998779296875,309,307.0299987792969,308.94000244140625,279.53289794921875,49032100
2019-11-11,307.4200134277344,308.5400085449219,307.2699890136719,308.3500061035156,278.99908447265625,35797300
2019-11-12,308.75,309.989990234375,308.1499938964844,309,279.5871887207031,46484600
2019-11-13,307.9100036621094,309.5400085449219,307.6600036621094,309.1000061035156,279.6777038574219,53917700
2019-11-14,308.7900085449219,309.6400146484375,308.0899963378906,309.54998779296875,280.08489990234375,51219900
2019-11-15,311.0199890136719,311.8399963378906,310.260009765625,311.7900085449219,282.11163330078125,62023600
2019-11-18,311.5299987792969,312.2799987792969,311.0299987792969,312.0199890136719,282.3197021484375,49228000
2019-11-19,312.67999267578125,312.69000244140625,311.2200012207031,311.92999267578125,282.2383728027344,67804700
2019-11-20,311.2799987792969,311.8500061035156,309.05999755859375,310.7699890136719,281.1887512207031,79406200
2019-11-21,310.8900146484375,311.010009765625,309.3900146484375,310.2699890136719,280.7362976074219,54664700
2019-11-22,311.0899963378906,311.239990234375,309.8500061035156,310.9599914550781,281.3606262207031,44850200
2019-11-25,311.9800109863281,313.3699951171875,311.9800109863281,313.3699951171875,283.5412292480469,48647200
2019-11-26,313.4100036621094,314.2799987792969,313.05999755859375,314.0799865722656,284.18365478515625,37569000
2019-11-27,314.6099853515625,315.4800109863281,314.3699951171875,315.4800109863281,285.4503479003906,44444600
2019-11-29,314.8599853515625,315.1300048828125,314.05999755859375,314.30999755859375,284.3917236328125,36592700
2019-12-02,314.5899963378906,314.6600036621094,311.1700134277344,311.6400146484375,281.9758605957031,75767800
2019-12-03,308.6499938964844,309.6400146484375,307.1300048828125,309.54998779296875,280.08489990234375,73941700
2019-12-04,310.70001220703125,312.1199951171875,310.32000732421875,311.4599914550781,281.8131103515625,49080000
2019-12-05,312.2300109863281,312.25,310.5799865722656,312.0199890136719,282.3197021484375,40709000
2019-12-06,314.1199951171875,315.30999755859375,314.1099853515625,314.8699951171875,284.8984375,48927000
2019-12-09,314.44000244140625,315.17999267578125,313.79998779296875,313.8800048828125,284.0027160644531,34838500
2019-12-10,313.82000732421875,314.54998779296875,312.80999755859375,313.5299987792969,283.6860046386719,52649800
2019-12-11,314.0299987792969,314.70001220703125,313.44000244140625,314.4200134277344,284.49127197265625,53429100
2019-12-12,314.42999267578125,317.989990234375,314.1700134277344,317.1300048828125,286.9433288574219,96389600
2019-12-13,316.8699951171875,318.6700134277344,316.0199890136719,317.32000732421875,287.11517333984375,81503900
2019-12-16,319.2200012207031,320.1499938964844,317.25,319.5,289.0877380371094,82749700
2019-12-17,319.9200134277344,320.25,319.4800109863281,319.57000732421875,289.1510314941406,61097700
2019-12-18,320,320.25,319.5299987792969,319.5899963378906,289.169189453125,48133000
2019-12-19,319.79998779296875,320.9800109863281,319.5199890136719,320.8999938964844,290.3544006347656,85310500
2019-12-20,320.4599914550781,321.9700012207031,319.3900146484375,320.7300109863281,291.62744140625,147142100
2019-12-23,321.5899963378906,321.6499938964844,321.05999755859375,321.2200012207031,292.0729675292969,52990000
2019-12-24,321.4700012207031,321.5199890136719,320.8999938964844,321.2300109863281,292.0820617675781,20270000
2019-12-26,321.6499938964844,322.95001220703125,321.6400146484375,322.94000244140625,293.6368713378906,30911200
2019-12-27,323.739990234375,323.79998779296875,322.2799987792969,322.8599853515625,293.5641784667969,42528800
2019-12-30,322.95001220703125,323.1000061035156,320.54998779296875,321.0799865722656,291.94561767578125,49729100
2019-12-31,320.5299987792969,322.1300048828125,320.1499938964844,321.8599853515625,292.6549072265625,57077300
2020-01-02,323.5400085449219,324.8900146484375,322.5299987792969,324.8699951171875,295.3918151855469,59151200
2020-01-03,321.1600036621094,323.6400146484375,321.1000061035156,322.4100036621094,293.1549987792969,77709700
2020-01-06,320.489990234375,323.7300109863281,320.3599853515625,323.6400146484375,294.2733459472656,55653900
2020-01-07,323.0199890136719,323.5400085449219,322.239990234375,322.7300109863281,293.446044921875,40496400
2020-01-08,322.94000244140625,325.7799987792969,322.6700134277344,324.45001220703125,295.0099182128906,68296000
2020-01-09,326.1600036621094,326.7300109863281,325.5199890136719,326.6499938964844,297.0102844238281,48473300
2020-01-10,327.2900085449219,327.4599914550781,325.20001220703125,325.7099914550781,296.1555480957031,53029300
2020-01-13,326.3900146484375,327.9599914550781,325.9200134277344,327.95001220703125,298.1922607421875,47086800
2020-01-14,327.4700012207031,328.6199951171875,326.8399963378906,327.45001220703125,297.7377624511719,62832800
2020-01-15,327.3500061035156,329.0199890136719,327.260009765625,328.19000244140625,298.4104919433594,72056600
2020-01-16,329.70001220703125,330.9200134277344,329.45001220703125,330.9200134277344,300.89288330078125,54050300
2020-01-17,331.70001220703125,332.17999267578125,330.8500061035156,331.95001220703125,301.82928466796875,95846000
2020-01-21,330.8999938964844,332.17999267578125,330.82000732421875,331.29998779296875,301.2383117675781,77742400
2020-01-22,332.239990234375,332.95001220703125,331.1700134277344,331.3399963378906,301.2745666503906,48914900
2020-01-23,330.6300048828125,332.1700134277344,329.4100036621094,331.7200012207031,301.62017822265625,51963000
2020-01-24,332.44000244140625,332.5299987792969,327.3599853515625,328.7699890136719,298.9378662109375,87578400
2020-01-27,323.0299987792969,325.1199951171875,322.6600036621094,323.5,294.1461486816406,84062500
2020-01-28,325.05999755859375,327.8500061035156,323.6000061035156,326.8900146484375,297.2285461425781,63834000
2020-01-29,328.3800048828125,328.6300048828125,326.3999938964844,326.6199951171875,296.98291015625,53888900
2020-01-30,324.3599853515625,327.9100036621094,323.5400085449219,327.67999267578125,297.94683837890625,75491800
2020-01-31,327,327.1700134277344,320.7300109863281,321.7300109863281,292.5366516113281,113845600
2020-02-03,323.3500061035156,326.1600036621094,323.2200012207031,324.1199951171875,294.7098083496094,69083000
2020-02-04,328.07000732421875,330.010009765625,327.7200012207031,329.05999755859375,299.20159912109375,62573200
2020-02-05,332.2699890136719,333.0899963378906,330.6700134277344,332.8599853515625,302.65673828125,65951100
2020-02-06,333.9100036621094,334.19000244140625,332.79998779296875,333.9800109863281,303.6751403808594,50359700
2020-02-07,332.82000732421875,333.989990234375,331.6000061035156,332.20001220703125,302.0567321777344,64139400
2020-02-10,331.2300109863281,334.75,331.19000244140625,334.67999267578125,304.31170654296875,42070000
2020-02-11,336.1600036621094,337.0199890136719,334.67999267578125,335.260009765625,304.83905029296875,54864500
2020-02-12,336.8299865722656,337.6499938964844,336.42999267578125,337.4200134277344,306.8028869628906,43992700
2020-02-13,335.8599853515625,338.1199951171875,335.55999755859375,337.05999755859375,306.4757385253906,54501900
2020-02-14,337.510009765625,337.7300109863281,336.20001220703125,337.6000061035156,306.96673583984375,64582200
2020-02-18,336.510009765625,337.6700134277344,335.2099914550781,336.7300109863281,306.17559814453125,57226200
2020-02-19,337.7900085449219,339.0799865722656,337.4800109863281,338.3399963378906,307.6395568847656,48814700
2020-02-20,337.739990234375,338.6400146484375,333.67999267578125,336.95001220703125,306.37567138671875,74163400
2020-02-21,335.4700012207031,335.80999755859375,332.5799865722656,333.4800109863281,303.22052001953125,113788200
2020-02-24,323.1400146484375,333.55999755859375,321.239990234375,322.4200134277344,293.1641845703125,161088400
2020-02-25,323.94000244140625,324.6099853515625,311.69000244140625,312.6499938964844,284.2805480957031,218913200
2020-02-26,314.17999267578125,318.1099853515625,310.70001220703125,311.5,283.2348937988281,194773800
2020-02-27,305.4599914550781,311.55999755859375,297.510009765625,297.510009765625,270.5143737792969,284353500
2020-02-28,288.70001220703125,297.8900146484375,285.5400085449219,296.260009765625,269.3778076171875,384975800
2020-03-02,298.2099914550781,309.1600036621094,294.4599914550781,309.0899963378906,281.0436096191406,238703600
2020-03-03,309.5,313.8399963378906,297.57000732421875,300.239990234375,272.9966735839844,300139100
2020-03-04,306.1199951171875,313.1000061035156,303.3299865722656,312.8599853515625,284.4715270996094,176613400
2020-03-05,304.9800109863281,308.4700012207031,300.010009765625,302.4599914550781,275.0151672363281,186366800
2020-03-06,293.1499938964844,298.7799987792969,290.2300109863281,297.4599914550781,270.46893310546875,228667200
2020-03-09,275.29998779296875,284.19000244140625,273.45001220703125,274.2300109863281,249.34683227539062,309417300
2020-03-10,284.6400146484375,288.5199890136719,273.5,288.4200134277344,262.2492370605469,276444100
2020-03-11,280.70001220703125,281.94000244140625,270.8800048828125,274.3599853515625,249.46493530273438,255316300
2020-03-12,256,266.6600036621094,247.67999267578125,248.11000061035156,225.59683227539062,392220700
2020-03-13,263.0899963378906,271.4800109863281,248.52000427246094,269.32000732421875,244.8822784423828,329566100
2020-03-16,241.17999267578125,256.8999938964844,237.36000061035156,239.85000610351562,218.0863494873047,297240000
2020-03-17,245.0399932861328,256.1700134277344,237.07000732421875,252.8000030517578,229.8612823486328,262070500
2020-03-18,236.25,248.3699951171875,228.02000427246094,240,218.22276306152344,327597100
2020-03-19,239.25,247.3800048828125,232.22000122070312,240.50999450683594,218.68650817871094,289322000
2020-03-20,242.52999877929688,244.47000122070312,228.5,228.8000030517578,209.2623291015625,347158800
2020-03-23,228.19000244140625,229.67999267578125,218.25999450683594,222.9499969482422,203.91189575195312,326025200
2020-03-24,234.4199981689453,244.10000610351562,233.8000030517578,243.14999389648438,222.38697814941406,235494500
2020-03-25,244.8699951171875,256.3500061035156,239.75,246.7899932861328,225.7161865234375,299430300
2020-03-26,249.52000427246094,262.79998779296875,249.0500030517578,261.20001220703125,238.89559936523438,257632800
2020-03-27,253.27000427246094,260.80999755859375,251.0500030517578,253.4199981689453,231.780029296875,224341200
2020-03-30,255.6999969482422,262.42999267578125,253.52999877929688,261.6499938964844,239.30723571777344,171369500
2020-03-31,260.55999755859375,263.3299865722656,256.2200012207031,257.75,235.74021911621094,194881100
2020-04-01,247.97999572753906,257.6600036621094,243.89999389648438,246.14999389648438,225.13076782226562,189554600
2020-04-02,245.19000244140625,252.67999267578125,244.58999633789062,251.8300018310547,230.32579040527344,177660400
2020-04-03,250.75999450683594,253.32000732421875,245.22000122070312,248.19000244140625,226.99659729003906,135561200
2020-04-06,257.8399963378906,267,248.1699981689453,264.8599853515625,242.24314880371094,188061200
2020-04-07,274.2099914550781,275.0299987792969,264.8900146484375,265.1300048828125,242.4900360107422,201427200
2020-04-08,267.9599914550781,276,265.25,274.0299987792969,250.63006591796875,153774500
2020-04-09,277.5799865722656,281.20001220703125,275.4700012207031,278.20001220703125,254.4440460205078,189999200
2020-04-13,277.1400146484375,277.510009765625,271.4100036621094,275.6600036621094,252.12088012695312,114839100
2020-04-14,280.9800109863281,284.8999938964844,275.510009765625,283.7900085449219,259.55670166015625,134143400
2020-04-15,277.57000732421875,283.94000244140625,275.4599914550781,277.760009765625,254.04165649414062,121775000
2020-04-16,279.1499938964844,280.0299987792969,275.760009765625,279.1000061035156,255.26707458496094,131798300
2020-04-17,285.3800048828125,287.29998779296875,282.3999938964844,286.6400146484375,262.163330078125,146684800
2020-04-20,282.6099853515625,286.7900085449219,281.3500061035156,281.5899963378906,257.5445251464844,100109300
2020-04-21,276.7300109863281,278.0400085449219,272.0199890136719,273.0400085449219,249.72454833984375,126385700
2020-04-22,278.3500061035156,281,276.9100036621094,279.1000061035156,255.26707458496094,92951600
2020-04-23,280.489990234375,283.94000244140625,278.75,279.0799865722656,255.24887084960938,104709700
2020-04-24,280.7300109863281,283.70001220703125,278.5,282.9700012207031,258.8066711425781,85063200
2020-04-27,285.1199951171875,288.2699890136719,284.6199951171875,287.04998779296875,262.53826904296875,77896600
2020-04-28,291.0199890136719,291.3999938964844,285.3999938964844,285.7300109863281,261.3310546875,105270000
2020-04-29,291.5299987792969,294.8800048828125,290.4100036621094,293.2099914550781,268.1722717285156,118745600
2020-04-30,291.7099914550781,293.32000732421875,288.5899963378906,290.4800109863281,265.6754455566406,122901700
2020-05-01,285.30999755859375,290.6600036621094,281.5199890136719,282.7900085449219,258.64208984375,125180000
2020-05-04,280.739990234375,283.8999938964844,279.1300048828125,283.57000732421875,259.35540771484375,80873200
2020-05-05,286.6400146484375,289.25,283.7099914550781,286.19000244140625,261.75177001953125,79569900
2020-05-06,288.0400085449219,288.4599914550781,283.7799987792969,284.25,259.9774169921875,73632600
2020-05-07,287.75,289.7799987792969,287.1300048828125,287.67999267578125,263.11444091796875,75250400
2020-05-08,291.0899963378906,292.95001220703125,289.8599853515625,292.44000244140625,267.468017578125,76452400
2020-05-11,290.3399963378906,294,289.8800048828125,292.5,267.5229187011719,79514200
2020-05-12,293.7900085449219,294.239990234375,286.5199890136719,286.6700134277344,262.19073486328125,95870800
2020-05-13,286.05999755859375,287.19000244140625,278.9599914550781,281.6000061035156,257.5536804199219,144721100
2020-05-14,278.95001220703125,285.1099853515625,272.989990234375,284.9700012207031,260.63592529296875,121977900
2020-05-15,282.3699951171875,286.3299865722656,281.3399963378906,286.2799987792969,261.83404541015625,111146300
2020-05-18,293.04998779296875,296.75,292.70001220703125,295,269.8094177246094,119703800
2020-05-19,294.3500061035156,296.2099914550781,291.95001220703125,291.9700012207031,267.0381164550781,95189300
2020-05-20,295.82000732421875,297.8699951171875,295.57000732421875,296.92999267578125,271.5746154785156,85861700
2020-05-21,296.7900085449219,297.6700134277344,293.69000244140625,294.8800048828125,269.69976806640625,78293900
2020-05-22,294.57000732421875,295.6300048828125,293.2200012207031,295.44000244140625,270.21185302734375,63958200
2020-05-26,301.92999267578125,302.19000244140625,295.4599914550781,299.0799865722656,273.5409851074219,88951400
2020-05-27,302.1199951171875,303.57000732421875,296.8699951171875,303.5299987792969,277.61102294921875,104817400
2020-05-28,304.6499938964844,306.8399963378906,302.239990234375,302.9700012207031,277.098876953125,90405200
2020-05-29,302.4599914550781,304.9599914550781,299.4700012207031,304.32000732421875,278.33343505859375,119090800
2020-06-01,303.6199951171875,306.2099914550781,303.05999755859375,305.54998779296875,279.45849609375,55758300
2020-06-02,306.54998779296875,308.1300048828125,305.1000061035156,308.0799865722656,281.7724914550781,74267200
2020-06-03,310.239990234375,313.2200012207031,309.94000244140625,312.17999267578125,285.52239990234375,92567600
2020-06-04,311.1099853515625,313,309.0799865722656,311.3599853515625,284.7724304199219,75794400
2020-06-05,317.2300109863281,321.2699890136719,317.1600036621094,319.3399963378906,292.0709533691406,150524700
2020-06-08,320.2200012207031,323.4100036621094,319.6300048828125,323.20001220703125,295.60137939453125,73641200
2020-06-09,320.29998779296875,323.2799987792969,319.3599853515625,320.7900085449219,293.39715576171875,77479200
2020-06-10,321.4200134277344,322.3900146484375,318.2200012207031,319,291.760009765625,95000800
2020-06-11,311.4599914550781,312.1499938964844,300.010009765625,300.6099853515625,274.9403076171875,209243600
2020-06-12,308.239990234375,309.0799865722656,298.6000061035156,304.2099914550781,278.23291015625,194678900
2020-06-15,298.0199890136719,308.2799987792969,296.739990234375,307.04998779296875,280.8304138183594,135782700
2020-06-16,315.4800109863281,315.6400146484375,307.6700134277344,312.9599914550781,286.2357177734375,137627500
2020-06-17,314.07000732421875,314.3900146484375,310.8599853515625,311.6600036621094,285.0468444824219,83398900
2020-06-18,310.010009765625,312.29998779296875,309.510009765625,311.7799987792969,285.1564636230469,80828700
2020-06-19,314.1700134277344,314.3800048828125,306.5299987792969,308.6400146484375,283.5268859863281,135549600
2020-06-22,307.989990234375,311.04998779296875,306.75,310.6199951171875,285.3457336425781,74649400
2020-06-23,313.489990234375,314.5,311.6099853515625,312.04998779296875,286.6594543457031,68471200
2020-06-24,309.8399963378906,310.510009765625,302.1000061035156,304.0899963378906,279.34710693359375,132813500
2020-06-25,303.4700012207031,307.6400146484375,301.2799987792969,307.3500061035156,282.3418273925781,89468000
2020-06-26,306.1600036621094,306.3900146484375,299.4200134277344,300.04998779296875,275.6358337402344,127961000
2020-06-29,301.4100036621094,304.6099853515625,298.92999267578125,304.4599914550781,279.6869812011719,79773300
2020-06-30,303.989990234375,310.20001220703125,303.82000732421875,308.3599853515625,283.2696228027344,113394800
2020-07-01,309.57000732421875,311.8900146484375,309.07000732421875,310.5199890136719,285.25390625,72396500
2020-07-02,314.239990234375,315.70001220703125,311.510009765625,312.2300109863281,286.8247985839844,69344200
2020-07-06,316.3699951171875,317.67999267578125,315.55999755859375,317.04998779296875,291.2525634765625,61713800
2020-07-07,315.3800048828125,317.5199890136719,313.3699951171875,313.7799987792969,288.2486877441406,82910000
2020-07-08,314.6099853515625,316.29998779296875,312.70001220703125,316.17999267578125,290.4533996582031,54638600
2020-07-09,316.8399963378906,317.1000061035156,310.67999267578125,314.3800048828125,288.7998962402344,83354200
2020-07-10,314.30999755859375,317.8800048828125,312.760009765625,317.5899963378906,291.7486877441406,57550400
2020-07-13,320.1300048828125,322.7099914550781,314.1300048828125,314.8399963378906,289.22247314453125,102997500
2020-07-14,313.29998779296875,319.760009765625,312,318.9200134277344,292.97052001953125,93657000
2020-07-15,322.4100036621094,323.0400085449219,319.2699890136719,321.8500061035156,295.6620788574219,87196500
2020-07-16,319.7900085449219,321.2799987792969,319.0899963378906,320.7900085449219,294.68829345703125,54622500
2020-07-17,321.8800048828125,322.57000732421875,319.739990234375,321.7200012207031,295.54266357421875,62774900
2020-07-20,321.42999267578125,325.1300048828125,320.6199951171875,324.32000732421875,297.93109130859375,56308800
2020-07-21,326.45001220703125,326.92999267578125,323.94000244140625,325.010009765625,298.56488037109375,57292200
2020-07-22,324.6199951171875,327.20001220703125,324.5,326.8599853515625,300.2642822265625,57792900
2020-07-23,326.4700012207031,327.2300109863281,321.4800109863281,322.9599914550781,296.6817321777344,75738000
2020-07-24,320.95001220703125,321.989990234375,319.25,320.8800048828125,294.77099609375,73766600
2020-07-27,321.6300048828125,323.4100036621094,320.7699890136719,323.2200012207031,296.9205322265625,48293000
2020-07-28,322.42999267578125,323.6400146484375,320.8500061035156,321.1700134277344,295.0373840332031,57495000
2020-07-29,322.1199951171875,325.7300109863281,322.0799865722656,325.1199951171875,298.6659240722656,48454200
2020-07-30,321.8999938964844,324.4100036621094,319.6400146484375,323.9599914550781,297.6003112792969,61861700
2020-07-31,325.8999938964844,326.6300048828125,321.3299865722656,326.5199890136719,299.9519958496094,84986800
2020-08-03,328.32000732421875,329.6199951171875,327.7300109863281,328.7900085449219,302.037353515625,53077900
2020-08-04,327.8599853515625,330.05999755859375,327.8599853515625,330.05999755859375,303.2039794921875,41917900
2020-08-05,331.4700012207031,332.3900146484375,331.17999267578125,332.1099853515625,305.0871887207031,42697700
2020-08-06,331.4800109863281,334.4599914550781,331.1300048828125,334.3299865722656,307.1265563964844,43679400
2020-08-07,333.2799987792969,334.8800048828125,332.29998779296875,334.57000732421875,307.3470764160156,57308300
2020-08-10,335.05999755859375,335.7699890136719,332.9599914550781,335.57000732421875,308.26568603515625,44282100
2020-08-11,336.8500061035156,337.5400085449219,332.010009765625,332.79998779296875,305.7210693359375,69601100
2020-08-12,335.44000244140625,338.2799987792969,335.4100036621094,337.44000244140625,309.9834899902344,53774400
2020-08-13,336.6099853515625,338.25,335.8299865722656,336.8299865722656,309.42315673828125,41816100
2020-08-14,336.4100036621094,337.4200134277344,335.6199951171875,336.8399963378906,309.4323425292969,47260400
2020-08-17,337.94000244140625,338.3399963378906,336.8500061035156,337.9100036621094,310.4152526855469,35481000
2020-08-18,338.3399963378906,339.1000061035156,336.6099853515625,338.6400146484375,311.0858459472656,38733900
2020-08-19,339.04998779296875,339.6099853515625,336.6199951171875,337.2300109863281,309.79058837890625,68054200
2020-08-20,335.3599853515625,338.79998779296875,335.2200012207031,338.2799987792969,310.7552185058594,42207800
2020-08-21,337.9200134277344,339.7200012207031,337.54998779296875,339.4800109863281,311.85748291015625,55106600
2020-08-24,342.1199951171875,343,339.45001220703125,342.9200134277344,315.0175476074219,48588700
2020-08-25,343.5299987792969,344.2099914550781,342.2699890136719,344.1199951171875,316.1199951171875,38463400
2020-08-26,344.760009765625,347.8599853515625,344.1700134277344,347.57000732421875,319.28924560546875,50790200
2020-08-27,348.510009765625,349.8999938964844,346.5299987792969,348.3299865722656,319.9873962402344,58034100
2020-08-28,349.44000244140625,350.7200012207031,348.1499938964844,350.5799865722656,322.0542907714844,48588900
2020-08-31,350.3500061035156,351.29998779296875,349.05999755859375,349.30999755859375,320.8876953125,66099200
2020-09-01,350.2099914550781,352.7099914550781,349.239990234375,352.6000061035156,323.9100036621094,54908700
2020-09-02,354.6700134277344,358.75,353.42999267578125,357.70001220703125,328.59503173828125,69540000
2020-09-03,355.8699951171875,356.3800048828125,342.5899963378906,345.3900146484375,317.2866516113281,148011100
2020-09-04,346.1300048828125,347.8299865722656,334.8699951171875,342.57000732421875,314.6961364746094,139156300
2020-09-08,336.7099914550781,342.6400146484375,332.8800048828125,333.2099914550781,306.09765625,114465300
2020-09-09,337.54998779296875,342.4599914550781,336.6099853515625,339.7900085449219,312.1423034667969,91462300
2020-09-10,341.82000732421875,342.5299987792969,332.8500061035156,333.8900146484375,306.722412109375,90569500
2020-09-11,335.82000732421875,336.9700012207031,331,334.05999755859375,306.8785705566406,84680200
2020-09-14,337.489990234375,340.3800048828125,334.2200012207031,338.4599914550781,310.9205017089844,65605700
2020-09-15,341.1199951171875,342.0199890136719,338.4700012207031,340.1700134277344,312.4914855957031,52920900
2020-09-16,341.510009765625,343.05999755859375,338.5199890136719,338.82000732421875,311.251220703125,82096000
2020-09-17,333.55999755859375,337.70001220703125,332.989990234375,335.8399963378906,308.5137634277344,91523300
2020-09-18,335.3699951171875,335.489990234375,327.9700012207031,330.6499938964844,304.9619140625,105877900
2020-09-21,325.70001220703125,327.1300048828125,321.7300109863281,326.9700012207031,301.56781005859375,99450800
2020-09-22,328.57000732421875,330.8999938964844,325.8599853515625,330.29998779296875,304.6390686035156,63612100
2020-09-23,330.8999938964844,331.20001220703125,322.1000061035156,322.6400146484375,297.57415771484375,93112200
2020-09-24,321.2200012207031,326.79998779296875,319.79998779296875,323.5,298.3673095703125,76681300
2020-09-25,322.5799865722656,329.5799865722656,321.6400146484375,328.7300109863281,303.1910705566406,71069400
2020-09-28,333.2200012207031,334.9599914550781,332.1499938964844,334.19000244140625,308.2269287109375,64584600
2020-09-29,333.9700012207031,334.7699890136719,331.6199951171875,332.3699951171875,306.5482177734375,51304000
2020-09-30,333.0899963378906,338.2900085449219,332.8800048828125,334.8900146484375,308.8724670410156,104081100
2020-10-01,337.69000244140625,338.739990234375,335.010009765625,337.0400085449219,310.85552978515625,88698700
2020-10-02,331.70001220703125,337.010009765625,331.19000244140625,333.8399963378906,307.9040832519531,89431100
2020-10-05,336.05999755859375,339.9599914550781,336.010009765625,339.760009765625,313.36419677734375,45713100
2020-10-06,339.9100036621094,342.1700134277344,334.3800048828125,334.92999267578125,308.90936279296875,90128900
2020-10-07,338.1199951171875,341.6300048828125,338.0899963378906,340.760009765625,314.28643798828125,56999600
2020-10-08,342.8500061035156,343.8500061035156,341.8599853515625,343.7799987792969,317.0718078613281,45242500
2020-10-09,345.55999755859375,347.3500061035156,344.8900146484375,346.8500061035156,319.9033203125,59528600
2020-10-12,349.5899963378906,354.0199890136719,349.05999755859375,352.42999267578125,325.0498352050781,80388500
2020-10-13,352.2799987792969,352.4700012207031,349.0899963378906,350.1300048828125,322.928466796875,73255500
2020-10-14,350.75,351.92999267578125,347.1400146484375,347.92999267578125,320.8995056152344,57727900
2020-10-15,343.7099914550781,348.0199890136719,343.1300048828125,347.5,320.5028076171875,60357700
2020-10-16,348.9599914550781,350.75,347.1000061035156,347.2900085449219,320.3091125488281,89501900
2020-10-19,348.6499938964844,349.3299865722656,341.0400085449219,342.010009765625,315.4392395019531,68425600
2020-10-20,343.4599914550781,346.8800048828125,342.6400146484375,343.3800048828125,316.70294189453125,60051900
2020-10-21,343.3299865722656,345.6700134277344,342.3999938964844,342.7300109863281,316.1033020019531,63575000
2020-10-22,342.9599914550781,345.239990234375,340.6499938964844,344.6099853515625,317.83734130859375,55399300
2020-10-23,345.92999267578125,345.989990234375,343.1300048828125,345.7799987792969,318.9164123535156,49143900
2020-10-26,342.1300048828125,342.9800109863281,335.6199951171875,339.3900146484375,313.0229187011719,91473000
2020-10-27,339.760009765625,340.1199951171875,337.989990234375,338.2200012207031,311.94366455078125,65994100
2020-10-28,332.1000061035156,338.25,326.1300048828125,326.6600036621094,301.28192138671875,127094300
2020-10-29,326.9100036621094,333.3999938964844,325.0899963378906,329.9800109863281,304.343994140625,90597700
2020-10-30,328.2799987792969,329.69000244140625,322.6000061035156,326.5400085449219,301.1711730957031,120287300
2020-11-02,330.20001220703125,332.3599853515625,327.239990234375,330.20001220703125,304.5468444824219,86068300
2020-11-03,333.69000244140625,338.25,330.2900085449219,336.0299987792969,309.9238586425781,93294200
2020-11-04,340.8599853515625,347.94000244140625,339.5899963378906,343.5400085449219,316.8505554199219,126959700
2020-11-05,349.239990234375,352.19000244140625,348.8599853515625,350.239990234375,323.0299072265625,82039700
2020-11-06,349.92999267578125,351.510009765625,347.6499938964844,350.1600036621094,322.9561767578125,74973000
2020-11-09,363.9700012207031,364.3800048828125,354.05999755859375,354.55999755859375,327.01434326171875,172304200
2020-11-10,353.489990234375,355.17999267578125,350.510009765625,354.0400085449219,326.53472900390625,85552000
2020-11-11,356.3999938964844,357.55999755859375,355.05999755859375,356.6700134277344,328.96038818359375,58649000
2020-11-12,355.5799865722656,356.7200012207031,351.260009765625,353.2099914550781,325.76922607421875,67546200
2020-11-13,355.2699890136719,358.8999938964844,354.7099914550781,358.1000061035156,330.279296875,62892200
2020-11-16,360.9800109863281,362.7799987792969,359.5899963378906,362.57000732421875,334.4020690917969,74541100
2020-11-17,359.9700012207031,361.9200134277344,358.3399963378906,360.6199951171875,332.6033935546875,66111000
2020-11-18,360.9100036621094,361.5,356.239990234375,356.2799987792969,328.6007385253906,70591300
2020-11-19,355.6000061035156,358.17999267578125,354.1499938964844,357.7799987792969,329.98419189453125,59940900
2020-11-20,357.5,357.7200012207031,355.25,355.3299865722656,327.7244873046875,70417300
2020-11-23,357.2799987792969,358.82000732421875,354.8699951171875,357.4599914550781,329.6889953613281,63230600
2020-11-24,360.2099914550781,363.80999755859375,359.2900085449219,363.2200012207031,335.0015563964844,62415900
2020-11-25,363.1300048828125,363.1600036621094,361.4800109863281,362.6600036621094,334.48504638671875,45330900
2020-11-27,363.8399963378906,364.17999267578125,362.5799865722656,363.6700134277344,335.4165954589844,28514100
2020-11-30,362.8299865722656,363.1199951171875,359.1700134277344,362.05999755859375,333.9316711425781,83872700
2020-12-01,365.57000732421875,367.67999267578125,364.92999267578125,366.0199890136719,337.58404541015625,74231400
2020-12-02,364.82000732421875,366.9599914550781,364.20001220703125,366.7900085449219,338.294189453125,45927000
2020-12-03,366.67999267578125,368.19000244140625,365.5,366.69000244140625,338.20196533203125,62882000
2020-12-04,367.32000732421875,369.8500061035156,367.2200012207031,369.8500061035156,341.11651611328125,50749900
2020-12-07,369.0199890136719,369.6199951171875,367.7200012207031,369.0899963378906,340.4154968261719,48944300
2020-12-08,367.7200012207031,370.7799987792969,367.6700134277344,370.1700134277344,341.41156005859375,42458900
2020-12-09,370.8800048828125,371.04998779296875,365.95001220703125,366.8500061035156,338.3495788574219,74098300
2020-12-10,365.3699951171875,367.8599853515625,364.42999267578125,366.7300109863281,338.23883056640625,57735400
2020-12-11,364.8999938964844,366.739990234375,363.260009765625,366.29998779296875,337.84228515625,57698600
2020-12-14,368.6400146484375,369.79998779296875,364.4700012207031,364.6600036621094,336.3296813964844,69216200
2020-12-15,367.3999938964844,369.5899963378906,365.9200134277344,369.5899963378906,340.8766174316406,63865300
2020-12-16,369.82000732421875,371.1600036621094,368.8699951171875,370.1700134277344,341.41156005859375,58420500
2020-12-17,371.94000244140625,372.4599914550781,371.04998779296875,372.239990234375,343.3207092285156,64119500
2020-12-18,370.9700012207031,371.1499938964844,367.0199890136719,369.17999267578125,341.9499206542969,136542300
2020-12-21,364.9700012207031,378.4599914550781,362.0299987792969,367.8599853515625,340.7272644042969,96386700
2020-12-22,368.2099914550781,368.3299865722656,366.0299987792969,367.239990234375,340.1529846191406,47949000
2020-12-23,368.2799987792969,369.6199951171875,367.2200012207031,367.57000732421875,340.4586486816406,46201400
2020-12-24,368.0799865722656,369.0299987792969,367.45001220703125,369,341.78314208984375,26457900
2020-12-28,371.739990234375,372.5899963378906,371.07000732421875,372.1700134277344,344.7193908691406,39000400
2020-12-29,373.80999755859375,374,370.8299865722656,371.4599914550781,344.06182861328125,53680500
2020-12-30,372.3399963378906,373.1000061035156,371.57000732421875,371.989990234375,344.5525817871094,49455300
2020-12-31,371.7799987792969,374.6600036621094,371.2300109863281,373.8800048828125,346.3033142089844,78520700
2021-01-04,375.30999755859375,375.45001220703125,364.82000732421875,368.7900085449219,341.5886535644531,110210800
2021-01-05,368.1000061035156,372.5,368.04998779296875,371.3299865722656,343.94134521484375,66426200
2021-01-06,369.7099914550781,376.9800109863281,369.1199951171875,373.54998779296875,345.9975891113281,107997700
2021-01-07,376.1000061035156,379.8999938964844,375.9100036621094,379.1000061035156,351.13824462890625,68766800
2021-01-08,380.5899963378906,381.489990234375,377.1000061035156,381.260009765625,353.138916015625,71677200
2021-01-11,377.8500061035156,380.5799865722656,377.7200012207031,378.69000244140625,350.75848388671875,51034700
2021-01-12,378.8900146484375,379.8599853515625,376.3599853515625,378.7699890136719,350.8325500488281,52547700
2021-01-13,378.69000244140625,380.8599853515625,377.8500061035156,379.7900085449219,351.7773132324219,45303600
2021-01-14,380.5899963378906,381.1300048828125,378.1000061035156,378.4599914550781,350.5454406738281,49989100
2021-01-15,376.7200012207031,377.5799865722656,373.70001220703125,375.70001220703125,347.9890441894531,107160000
2021-01-19,378.3399963378906,379.2300109863281,376.75,378.6499938964844,350.721435546875,51233300
2021-01-20,381.1099853515625,384.7900085449219,380.69000244140625,383.8900146484375,355.57501220703125,61836100
2021-01-21,384.489990234375,384.95001220703125,383.25,384.239990234375,355.89910888671875,47840100
2021-01-22,382.25,384.1300048828125,381.8399963378906,382.8800048828125,354.639404296875,52860500
2021-01-25,383.6700134277344,384.7699890136719,378.4599914550781,384.3900146484375,356.0380859375,70402000
2021-01-26,385.4100036621094,385.8500061035156,383.5400085449219,383.7900085449219,355.4823303222656,42665300
2021-01-27,380.2200012207031,380.32000732421875,372.010009765625,374.4100036621094,346.794189453125,123351100
2021-01-28,376.3599853515625,381.92999267578125,375.8900146484375,377.6300048828125,349.7766418457031,94198100
2021-01-29,375.6300048828125,376.6700134277344,368.2699890136719,370.07000732421875,342.7742919921875,126765100
2021-02-01,373.7200012207031,377.3399963378906,370.3800048828125,376.2300109863281,348.4799499511719,75817600
2021-02-02,379.6499938964844,383.2200012207031,376.32000732421875,381.54998779296875,353.4075622558594,64450700
2021-02-03,382.44000244140625,383.70001220703125,380.4800109863281,381.8500061035156,353.6854553222656,52427100
2021-02-04,382.9599914550781,386.239990234375,381.9700012207031,386.19000244140625,357.705322265625,47142600
2021-02-05,388.20001220703125,388.4700012207031,386.1400146484375,387.7099914550781,359.1131591796875,48669800
2021-02-08,389.2699890136719,390.55999755859375,388.3500061035156,390.510009765625,361.7066650390625,38365200
2021-02-09,389.6099853515625,390.8900146484375,389.1700134277344,390.25,361.4658508300781,35551100
2021-02-10,392.1199951171875,392.2799987792969,387.5,390.0799865722656,361.3083801269531,59154400
2021-02-11,391.239990234375,391.69000244140625,388.1000061035156,390.7099914550781,361.8919677734375,42913300
2021-02-12,389.8500061035156,392.8999938964844,389.7699890136719,392.6400146484375,363.67950439453125,50593300
2021-02-16,393.9599914550781,394.1700134277344,391.5299987792969,392.29998779296875,363.3646545410156,50972400
2021-02-17,390.4200134277344,392.6600036621094,389.3299865722656,392.3900146484375,363.447998046875,52290600
2021-02-18,389.5899963378906,391.5199890136719,387.739990234375,390.7200012207031,361.9012451171875,59712800
2021-02-19,392.07000732421875,392.3800048828125,389.54998779296875,390.0299987792969,361.2620544433594,83241000
2021-02-22,387.05999755859375,389.6199951171875,386.739990234375,387.0299987792969,358.48333740234375,67414200
2021-02-23,384.6600036621094,388.95001220703125,380.20001220703125,387.5,358.9186706542969,107284100
2021-02-24,386.3299865722656,392.2300109863281,385.2699890136719,391.7699890136719,362.8737487792969,72433900
2021-02-25,390.4100036621094,391.8800048828125,380.7799987792969,382.3299865722656,354.13006591796875,146670500
2021-02-26,384.3500061035156,385.5799865722656,378.2300109863281,380.3599853515625,352.30523681640625,152701600
2021-03-01,385.5899963378906,390.9200134277344,380.57000732421875,389.5799865722656,360.84521484375,105348800
2021-03-02,389.82000732421875,390.07000732421875,386,386.5400085449219,358.0294494628906,79595300
2021-03-03,385.7900085449219,386.8299865722656,381.30999755859375,381.4200134277344,353.28717041015625,119940200
2021-03-04,381.2200012207031,384,371.8800048828125,376.70001220703125,348.9153747558594,183433000
2021-03-05,380.4599914550781,384.760009765625,372.6400146484375,383.6300048828125,355.3341369628906,152039600
2021-03-08,384.6600036621094,387.67999267578125,381.4200134277344,381.7200012207031,353.5649719238281,123149200
2021-03-09,385.8500061035156,389.9100036621094,385.30999755859375,387.1700134277344,358.613037109375,113633600
2021-03-10,389.69000244140625,391.3999938964844,388.1700134277344,389.5799865722656,360.84521484375,109899400
2021-03-11,392.2300109863281,395.6499938964844,391.739990234375,393.5299987792969,364.50390625,86245000
2021-03-12,392.07000732421875,394.2099914550781,391.20001220703125,394.05999755859375,364.99493408203125,64653600
2021-03-15,394.3299865722656,396.69000244140625,392.0299987792969,396.4100036621094,367.1714782714844,73427200
2021-03-16,397.07000732421875,397.8299865722656,395.0799865722656,395.9100036621094,366.7084045410156,73722500
2021-03-17,394.5299987792969,398.1199951171875,393.29998779296875,397.260009765625,367.9588623046875,97959300
2021-03-18,394.4800109863281,396.7200012207031,390.75,391.4800109863281,362.60516357421875,115349100
2021-03-19,389.8800048828125,391.57000732421875,387.1499938964844,389.4800109863281,361.9342041015625,113624500
2021-03-22,390.0299987792969,394.07000732421875,389.9700012207031,392.5899963378906,364.82421875,73778600
2021-03-23,391.9100036621094,393.4599914550781,388.6600036621094,389.5,361.9527587890625,90686600
2021-03-24,391,392.75,387.4700012207031,387.5199890136719,360.11279296875,97588600
2021-03-25,385.9800109863281,390.54998779296875,383.8999938964844,389.70001220703125,362.1387023925781,116128600
2021-03-26,390.92999267578125,396.4100036621094,390.2900085449219,395.9800109863281,367.9744567871094,114409100
2021-03-29,394.3999938964844,396.75,392.80999755859375,395.7799987792969,367.7886047363281,108107600
2021-03-30,394.4200134277344,395.45001220703125,393.0199890136719,394.7300109863281,366.8128967285156,76262200
2021-03-31,395.3399963378906,398,395.30999755859375,396.3299865722656,368.2996826171875,112734200
2021-04-01,398.3999938964844,400.6700134277344,398.17999267578125,400.6099853515625,372.27703857421875,99682900
2021-04-05,403.4599914550781,406.94000244140625,403.3800048828125,406.3599853515625,377.62042236328125,91684800
2021-04-06,405.760009765625,407.239990234375,405.3999938964844,406.1199951171875,377.3973083496094,62021000
2021-04-07,405.94000244140625,406.9599914550781,405.45001220703125,406.5899963378906,377.8341369628906,55836300
2021-04-08,407.92999267578125,408.5799865722656,406.92999267578125,408.5199890136719,379.6275939941406,57863100
2021-04-09,408.3900146484375,411.6700134277344,408.260009765625,411.489990234375,382.38751220703125,61104600
2021-04-12,410.8500061035156,411.92999267578125,410.20001220703125,411.6400146484375,382.5270080566406,56704900
2021-04-13,411.5299987792969,413.5299987792969,411.1199951171875,412.8599853515625,383.66058349609375,56551000
2021-04-14,412.8299865722656,413.9599914550781,410.8699951171875,411.45001220703125,382.3504638671875,61659900
2021-04-15,413.739990234375,416.1600036621094,413.69000244140625,415.8699951171875,386.4577941894531,60229800
2021-04-16,417.25,417.9100036621094,415.7300109863281,417.260009765625,387.7494201660156,82037300
2021-04-19,416.260009765625,416.739990234375,413.7900085449219,415.2099914550781,385.844482421875,78498500
2021-04-20,413.9100036621094,415.0899963378906,410.5899963378906,412.1700134277344,383.01953125,81851800
2021-04-21,411.510009765625,416.2900085449219,411.3599853515625,416.07000732421875,386.6435546875,66793000
2021-04-22,415.8900146484375,416.7799987792969,411.1300048828125,412.2699890136719,383.1124267578125,97582800
2021-04-23,412.8699951171875,418.25,412.7900085449219,416.739990234375,387.26629638671875,73209200
2021-04-26,417.44000244140625,418.2200012207031,416.80999755859375,417.6099853515625,388.0746765136719,52182400
2021-04-27,417.92999267578125,418.1400146484375,416.29998779296875,417.5199890136719,387.9910583496094,51303100
2021-04-28,417.80999755859375,419.010009765625,416.8999938964844,417.3999938964844,387.8795166015625,51238900
2021-04-29,420.32000732421875,420.7200012207031,416.44000244140625,420.05999755859375,390.3514709472656,78544300
2021-04-30,417.6300048828125,418.5400085449219,416.3399963378906,417.29998779296875,387.78662109375,85527000
2021-05-03,419.42999267578125,419.8399963378906,417.6700134277344,418.20001220703125,388.6229553222656,68128300
2021-05-04,416.07000732421875,416.6000061035156,411.6700134277344,415.6199951171875,386.2254943847656,101591200
2021-05-05,417.3800048828125,417.6300048828125,415.1499938964844,415.75,386.34625244140625,60162200
2021-05-06,415.8299865722656,419.2099914550781,413.67999267578125,419.07000732421875,389.43145751953125,74321400
2021-05-07,419.8900146484375,422.82000732421875,419.1600036621094,422.1199951171875,392.26568603515625,67733800
2021-05-10,422.5,422.739990234375,417.80999755859375,417.94000244140625,388.38134765625,81852400
2021-05-11,413.1000061035156,415.2699890136719,410.05999755859375,414.2099914550781,384.91522216796875,116888000
2021-05-12,411.2300109863281,412.5899963378906,404,405.4100036621094,376.73760986328125,134811000
2021-05-13,407.07000732421875,412.3500061035156,407.0199890136719,410.2799987792969,381.26312255859375,106394000
2021-05-14,413.2099914550781,417.489990234375,413.17999267578125,416.5799865722656,387.1175231933594,82201600
2021-05-17,415.3900146484375,416.3900146484375,413.3599853515625,415.5199890136719,386.1324462890625,65129200
2021-05-18,415.79998779296875,416.05999755859375,411.7699890136719,411.94000244140625,382.8056945800781,59810200
2021-05-19,406.9200134277344,411.04998779296875,405.3299865722656,410.8599853515625,381.80206298828125,106467100
2021-05-20,411.79998779296875,416.6300048828125,411.6700134277344,415.2799987792969,385.90948486328125,78022200
2021-05-21,416.8699951171875,418.20001220703125,414.45001220703125,414.94000244140625,385.5935363769531,76578700
2021-05-24,417.3399963378906,420.32000732421875,417.0799865722656,419.1700134277344,389.5244445800781,51376700
2021-05-25,420.3299865722656,420.7099914550781,417.6199951171875,418.239990234375,388.66015625,57451400
2021-05-26,418.8699951171875,419.6099853515625,417.760009765625,419.07000732421875,389.43145751953125,43088600
2021-05-27,420.1700134277344,420.7200012207031,418.989990234375,419.2900085449219,389.6359558105469,56707700
2021-05-28,420.9700012207031,421.25,419.7900085449219,420.0400085449219,390.33282470703125,58520200
2021-06-01,422.57000732421875,422.7200012207031,419.20001220703125,419.6700134277344,389.989013671875,54216600
2021-06-02,420.3699951171875,421.2300109863281,419.2900085449219,420.3299865722656,390.60235595703125,49097100
2021-06-03,417.8500061035156,419.989990234375,416.2799987792969,418.7699890136719,389.152587890625,58138800
2021-06-04,420.75,422.9200134277344,418.8399963378906,422.6000061035156,392.7117614746094,55938800
2021-06-07,422.5899963378906,422.7799987792969,421.19000244140625,422.19000244140625,392.3307800292969,51555000
2021-06-08,423.1099853515625,423.2099914550781,420.32000732421875,422.2799987792969,392.4144287109375,47134300
2021-06-09,423.17999267578125,423.260009765625,421.4100036621094,421.6499938964844,391.8289794921875,48436300
2021-06-10,422.9599914550781,424.6300048828125,421.54998779296875,423.6099853515625,393.6502380371094,51020100
2021-06-11,424.20001220703125,424.42999267578125,422.82000732421875,424.30999755859375,394.3008728027344,45570800
2021-06-14,424.42999267578125,425.3699951171875,423.1000061035156,425.260009765625,395.18365478515625,42358500
2021-06-15,425.4200134277344,425.4599914550781,423.5400085449219,424.4800109863281,394.4588623046875,51508500
2021-06-16,424.6300048828125,424.8699951171875,419.9200134277344,422.1099853515625,392.25640869140625,80386100
2021-06-17,421.6700134277344,423.0199890136719,419.32000732421875,421.9700012207031,392.1263732910156,90949700
2021-06-18,417.0899963378906,417.8299865722656,414.70001220703125,414.9200134277344,386.8363952636719,118676300
2021-06-21,416.79998779296875,421.05999755859375,415.92999267578125,420.8599853515625,392.3743591308594,72822000
2021-06-22,420.8500061035156,424,420.0799865722656,423.1099853515625,394.4720764160156,57700300
2021-06-23,423.19000244140625,424.04998779296875,422.510009765625,422.6000061035156,393.99652099609375,49445400
2021-06-24,424.8900146484375,425.54998779296875,424.6199951171875,425.1000061035156,396.327392578125,45110300
2021-06-25,425.8999938964844,427.0899963378906,425.54998779296875,426.6099853515625,397.7351379394531,58129500
2021-06-28,427.1700134277344,427.6499938964844,425.8900146484375,427.4700012207031,398.5369873046875,53159600
2021-06-29,427.8800048828125,428.55999755859375,427.1300048828125,427.70001220703125,398.7514343261719,35970500
2021-06-30,427.2099914550781,428.7799987792969,427.17999267578125,428.05999755859375,399.0870361328125,64827900
2021-07-01,428.8699951171875,430.6000061035156,428.79998779296875,430.42999267578125,401.2966003417969,53441000
2021-07-02,431.6700134277344,434.1000061035156,430.5199890136719,433.7200012207031,404.36395263671875,57697700
2021-07-06,433.7799987792969,434.010009765625,430.010009765625,432.92999267578125,403.6274108886719,68710400
2021-07-07,433.6600036621094,434.760009765625,431.510009765625,434.4599914550781,405.05389404296875,63549500
2021-07-08,428.7799987792969,431.7300109863281,427.5199890136719,430.9200134277344,401.7534484863281,97595200
2021-07-09,432.5299987792969,435.8399963378906,430.7099914550781,435.5199890136719,406.0420837402344,76238600
2021-07-12,435.42999267578125,437.3500061035156,434.9700012207031,437.0799865722656,407.4964294433594,52889600
2021-07-13,436.239990234375,437.8399963378906,435.30999755859375,435.5899963378906,406.1073913574219,52911300
2021-07-14,437.3999938964844,437.9200134277344,434.9100036621094,436.239990234375,406.71337890625,64130400
2021-07-15,434.80999755859375,435.5299987792969,432.7200012207031,434.75,405.32421875,55126400
2021-07-16,436.010009765625,436.05999755859375,430.9200134277344,431.3399963378906,402.14501953125,75874700
2021-07-19,426.19000244140625,431.4100036621094,421.9700012207031,424.9700012207031,396.2061462402344,147987000
2021-07-20,425.67999267578125,432.4200134277344,424.8299865722656,431.05999755859375,401.88397216796875,99608200
2021-07-21,432.3399963378906,434.70001220703125,431.010009765625,434.54998779296875,405.1377258300781,64724400
2021-07-22,434.739990234375,435.7200012207031,433.69000244140625,435.4599914550781,405.9861755371094,47878500
2021-07-23,437.5199890136719,440.29998779296875,436.7900085449219,439.94000244140625,410.1629638671875,63766600
2021-07-26,439.30999755859375,441.0299987792969,439.260009765625,441.0199890136719,411.1697998046875,43719200
2021-07-27,439.9100036621094,439.94000244140625,435.989990234375,439.010009765625,409.2958679199219,67397100
2021-07-28,439.67999267578125,440.29998779296875,437.30999755859375,438.8299865722656,409.1280517578125,52472400
2021-07-29,439.82000732421875,441.79998779296875,439.80999755859375,440.6499938964844,410.8248596191406,47435300
2021-07-30,437.9100036621094,440.05999755859375,437.7699890136719,438.510009765625,408.82977294921875,68951200
2021-08-02,440.3399963378906,440.92999267578125,437.2099914550781,437.5899963378906,407.97198486328125,58783300
2021-08-03,438.44000244140625,441.2799987792969,436.1000061035156,441.1499938964844,411.291015625,58053900
2021-08-04,439.7799987792969,441.1199951171875,438.7300109863281,438.9800109863281,409.2679443359375,46732200
2021-08-05,440.2200012207031,441.8500061035156,439.8800048828125,441.760009765625,411.8597106933594,38969700
2021-08-06,442.1000061035156,442.94000244140625,441.79998779296875,442.489990234375,412.54034423828125,46930000
2021-08-09,442.4599914550781,442.79998779296875,441.30999755859375,442.1300048828125,412.20458984375,41222600
2021-08-10,442.6099853515625,443.44000244140625,441.8800048828125,442.67999267578125,412.71746826171875,43339300
2021-08-11,443.82000732421875,443.8800048828125,442.6199951171875,443.7799987792969,413.74298095703125,44034300
2021-08-12,443.6199951171875,445.260009765625,442.6600036621094,445.1099853515625,414.9830017089844,38909400
2021-08-13,445.5899963378906,445.94000244140625,445.07000732421875,445.9200134277344,415.7381896972656,39470300
2021-08-16,444.5299987792969,447.1099853515625,442.8699951171875,446.9700012207031,416.7170715332031,73740000
2021-08-17,444.239990234375,444.9599914550781,440.8500061035156,444.0400085449219,413.9854431152344,92673900
2021-08-18,442.9599914550781,444.6300048828125,438.9200134277344,439.17999267578125,409.4543151855469,89351900
2021-08-19,436.2699890136719,441.1400146484375,436.1199951171875,439.8599853515625,410.08831787109375,92812200
2021-08-20,440.2300109863281,443.7099914550781,439.7099914550781,443.3599853515625,413.3514709472656,72008700
2021-08-23,445.1600036621094,448.2300109863281,443.44000244140625,447.260009765625,416.9875183105469,54973000
2021-08-24,447.9700012207031,448.5400085449219,447.4200134277344,447.9700012207031,417.6494140625,38744700
2021-08-25,448.1700134277344,449.4599914550781,447.7699890136719,448.9100036621094,418.5257873535156,40529700
2021-08-26,448.6099853515625,448.8599853515625,446.1600036621094,446.260009765625,416.0551452636719,57829600
2021-08-27,447.1199951171875,450.6499938964844,447.05999755859375,450.25,419.77508544921875,77235100
2021-08-30,450.9700012207031,453.07000732421875,450.7099914550781,452.2300109863281,421.6211242675781,48357400
2021-08-31,452.1300048828125,452.489990234375,450.9200134277344,451.55999755859375,420.996337890625,59300200
2021-09-01,452.55999755859375,453.1099853515625,451.54998779296875,451.79998779296875,421.2201843261719,48721400
2021-09-02,453.32000732421875,454.04998779296875,451.9100036621094,453.19000244140625,422.51611328125,42501000
2021-09-03,451.9800109863281,453.6300048828125,451.54998779296875,453.0799865722656,422.4135437011719,47170500
2021-09-07,452.7099914550781,452.80999755859375,450.739990234375,451.4599914550781,420.9031677246094,51671500
2021-09-08,450.8900146484375,451.6700134277344,448.8599853515625,450.9100036621094,420.39044189453125,56181900
2021-09-09,450.70001220703125,452.57000732421875,448.7200012207031,448.9800109863281,418.591064453125,57970400
2021-09-10,451.0400085449219,451.489990234375,445.30999755859375,445.44000244140625,415.2906188964844,89948200
2021-09-13,448.6400146484375,448.9200134277344,444.1099853515625,446.5799865722656,416.35345458984375,83738600
2021-09-14,448.1199951171875,448.3399963378906,443.2200012207031,444.1700134277344,414.106689453125,78197100
2021-09-15,444.6199951171875,448.4100036621094,443.44000244140625,447.8800048828125,417.5655517578125,78792200
2021-09-16,447.32000732421875,448.3599853515625,444.0199890136719,447.1700134277344,416.9035949707031,77786700
2021-09-17,444.9200134277344,445.3699951171875,441.0199890136719,441.3999938964844,412.84246826171875,118425000
2021-09-20,434.8800048828125,436.55999755859375,428.8599853515625,434.0400085449219,405.9587097167969,166445500
2021-09-21,436.5299987792969,437.9100036621094,433.07000732421875,433.6300048828125,405.5752258300781,92526100
2021-09-22,436.04998779296875,440.0299987792969,433.75,437.8599853515625,409.5315246582031,102350100
2021-09-23,439.8500061035156,444.8900146484375,439.6000061035156,443.17999267578125,414.50732421875,76396000
2021-09-24,441.44000244140625,444.6700134277344,441.2099914550781,443.9100036621094,415.190185546875,62094800
2021-09-27,442.80999755859375,444.04998779296875,441.8999938964844,442.6400146484375,414.0023193359375,61371100
2021-09-28,439.69000244140625,440.0400085449219,432.94000244140625,433.7200012207031,405.6593933105469,130436300
2021-09-29,435.19000244140625,437.0400085449219,433.8500061035156,434.45001220703125,406.3421936035156,82329200
2021-09-30,436.0199890136719,436.7699890136719,428.7799987792969,429.1400146484375,401.375732421875,140506000
2021-10-01,430.9800109863281,436.0299987792969,427.2300109863281,434.239990234375,406.145751953125,129240100
2021-10-04,433,433.9599914550781,426.3599853515625,428.6400146484375,400.9080810546875,128570000
2021-10-05,430.239990234375,435.489990234375,429.3900146484375,433.1000061035156,405.0794372558594,90682500
2021-10-06,429.2699890136719,435.1199951171875,427.5400085449219,434.8999938964844,406.7630310058594,113032200
2021-10-07,438.3900146484375,441.67999267578125,438.20001220703125,438.6600036621094,410.27978515625,72437500
2021-10-08,439.4800109863281,439.8900146484375,437.19000244140625,437.8599853515625,409.5315246582031,74557400
2021-10-11,437.1600036621094,440.260009765625,434.6199951171875,434.69000244140625,406.56658935546875,65233300
2021-10-12,435.6700134277344,436.1000061035156,432.7799987792969,433.6199951171875,405.5658874511719,71181200
2021-10-13,434.7099914550781,436.04998779296875,431.5400085449219,435.17999267578125,407.02496337890625,72974000
2021-10-14,439.0799865722656,442.6600036621094,438.5799865722656,442.5,413.8713073730469,70236800
2021-10-15,444.75,446.260009765625,444.0899963378906,445.8699951171875,417.02325439453125,66260200
2021-10-18,443.9700012207031,447.54998779296875,443.2699890136719,447.19000244140625,418.2579040527344,62213200
2021-10-19,448.9200134277344,450.7099914550781,448.2699890136719,450.6400146484375,421.48468017578125,46996800
2021-10-20,451.1300048828125,452.7300109863281,451.010009765625,452.4100036621094,423.14013671875,49571600
2021-10-21,451.7699890136719,453.8299865722656,451.30999755859375,453.5899963378906,424.2438049316406,41305400
2021-10-22,453.1300048828125,454.6700134277344,451.04998779296875,453.1199951171875,423.80419921875,58845100
2021-10-25,454.2799987792969,455.8999938964844,452.3900146484375,455.54998779296875,426.0770263671875,45214500
2021-10-26,457.20001220703125,458.489990234375,455.55999755859375,455.9599914550781,426.4605407714844,56075100
2021-10-27,456.45001220703125,457.1600036621094,453.8599853515625,453.94000244140625,424.5711975097656,72438000
2021-10-28,455.4599914550781,458.3999938964844,455.45001220703125,458.32000732421875,428.6678161621094,51437900
2021-10-29,455.8699951171875,459.55999755859375,455.55999755859375,459.25,429.53765869140625,70162400
2021-11-01,460.29998779296875,460.70001220703125,458.20001220703125,460.0400085449219,430.276611328125,48433600
2021-11-02,460.2200012207031,462.2300109863281,460.0799865722656,461.8999938964844,432.0162048339844,48908400
2021-11-03,461.29998779296875,465.1499938964844,460.8299865722656,464.7200012207031,434.6537170410156,52509800
2021-11-04,465.3599853515625,467,464.989990234375,466.9100036621094,436.70208740234375,52847100
2021-11-05,469.2799987792969,470.6499938964844,466.9200134277344,468.5299987792969,438.21728515625,66390600
2021-11-08,469.70001220703125,470.2300109863281,468.20001220703125,468.92999267578125,438.5914001464844,50405200
2021-11-09,469.32000732421875,469.57000732421875,465.8800048828125,467.3800048828125,437.1416320800781,51149100
2021-11-10,465.5799865722656,467.3800048828125,462.0400085449219,463.6199951171875,433.62493896484375,69429700
2021-11-11,465.2099914550781,465.2900085449219,463.75,463.7699890136719,433.7652282714844,34848500
2021-11-12,465.1199951171875,467.8599853515625,464.1099853515625,467.2699890136719,437.0386962890625,53466700
2021-11-15,468.6400146484375,468.80999755859375,466.2300109863281,467.42999267578125,437.18841552734375,46980500
2021-11-16,467.1499938964844,470.489990234375,467.07000732421875,469.2799987792969,438.91876220703125,48857500
2021-11-17,469,469.19000244140625,467.4800109863281,468.1400146484375,437.8525085449219,47858300
2021-11-18,469.239990234375,470.010009765625,466.3399963378906,469.7300109863281,439.3396301269531,50625600
2021-11-19,469.6099853515625,470.94000244140625,468.5,468.8900146484375,438.5539855957031,57315600
2021-11-22,470.8900146484375,473.5400085449219,467.3500061035156,467.57000732421875,437.3193359375,72762000
2021-11-23,467.2200012207031,469.1000061035156,464.45001220703125,468.19000244140625,437.8992919921875,73206500
2021-11-24,466.05999755859375,469.57000732421875,465.19000244140625,469.44000244140625,439.06842041015625,61858800
2021-11-26,462.3399963378906,463.8999938964844,457.7699890136719,458.9700012207031,429.2757568359375,112669600
2021-11-29,464.07000732421875,466.55999755859375,461.7300109863281,464.6000061035156,434.5415954589844,86268800
2021-11-30,462,464.0299987792969,455.29998779296875,455.55999755859375,426.0863952636719,148559600
2021-12-01,461.6400146484375,464.6700134277344,450.2900085449219,450.5,421.3537902832031,131939200
2021-12-02,450.7300109863281,459.07000732421875,450.30999755859375,457.3999938964844,427.8073425292969,127637800
2021-12-03,459.1700134277344,460.29998779296875,448.9200134277344,453.4200134277344,424.0848693847656,137331600
2021-12-06,456.1300048828125,460.7900085449219,453.55999755859375,458.7900085449219,429.1073913574219,98977500
2021-12-07,464.4100036621094,468.8800048828125,458.6499938964844,468.2799987792969,437.9834289550781,95484700
2021-12-08,468.70001220703125,470,466.8299865722656,469.5199890136719,439.1431884765625,72238800
2021-12-09,468.1499938964844,469.6300048828125,466.1400146484375,466.3500061035156,436.17828369140625,61272600
2021-12-10,469.2300109863281,470.8999938964844,466.510009765625,470.739990234375,440.2842712402344,77159800
2021-12-13,470.19000244140625,470.55999755859375,466.2699890136719,466.57000732421875,436.3840026855469,87724700
2021-12-14,463.0899963378906,465.739990234375,460.25,463.3599853515625,433.3817443847656,97264100
2021-12-15,463.4200134277344,470.8599853515625,460.739990234375,470.6000061035156,440.15338134765625,116899300
2021-12-16,472.57000732421875,472.8699951171875,464.79998779296875,466.45001220703125,436.2718200683594,116568600
2021-12-17,461.54998779296875,464.739990234375,458.05999755859375,459.8699951171875,431.628662109375,135511600
2021-12-20,454.4800109863281,455.3999938964844,451.1400146484375,454.9800109863281,427.0389709472656,107134800
2021-12-21,458.6099853515625,463.2099914550781,456.30999755859375,463.05999755859375,434.6227111816406,69806300
2021-12-22,462.7900085449219,467.80999755859375,462.5799865722656,467.69000244140625,438.96844482421875,58890200
2021-12-23,468.75,472.19000244140625,468.6400146484375,470.6000061035156,441.69970703125,56439700
2021-12-27,472.05999755859375,477.30999755859375,472.010009765625,477.260009765625,447.9507141113281,56808600
2021-12-28,477.7200012207031,478.80999755859375,476.05999755859375,476.8699951171875,447.58465576171875,47274600
2021-12-29,476.9800109863281,478.55999755859375,475.9200134277344,477.4800109863281,448.1571960449219,54503000
2021-12-30,477.92999267578125,479,475.6700134277344,476.1600036621094,446.9182434082031,55329000
2021-12-31,475.6400146484375,476.8599853515625,474.6700134277344,474.9599914550781,445.7919921875,65237400
2022-01-03,476.29998779296875,477.8500061035156,473.8500061035156,477.7099914550781,448.3730163574219,72668200
2022-01-04,479.2200012207031,479.9800109863281,475.5799865722656,477.54998779296875,448.2228698730469,71178700
2022-01-05,477.1600036621094,477.9800109863281,468.2799987792969,468.3800048828125,439.6160583496094,104538900
2022-01-06,467.8900146484375,470.82000732421875,465.42999267578125,467.94000244140625,439.2030334472656,86858900
2022-01-07,467.95001220703125,469.20001220703125,464.6499938964844,466.0899963378906,437.4665832519531,85111600
2022-01-10,462.70001220703125,465.739990234375,456.6000061035156,465.510009765625,436.9222412109375,119362000
2022-01-11,465.2300109863281,469.8500061035156,462.04998779296875,469.75,440.9018249511719,74303100
2022-01-12,471.5899963378906,473.20001220703125,468.94000244140625,471.0199890136719,442.0938415527344,67605400
2022-01-13,472.19000244140625,472.8800048828125,463.44000244140625,464.5299987792969,436.00250244140625,91173100
2022-01-14,461.19000244140625,465.0899963378906,459.8999938964844,464.7200012207031,436.1807556152344,95890900
2022-01-18,459.739990234375,459.9599914550781,455.30999755859375,456.489990234375,428.45623779296875,109709100
2022-01-19,458.1300048828125,459.6099853515625,451.4599914550781,451.75,424.0072937011719,109357600
2022-01-20,453.75,458.739990234375,444.5,446.75,419.3143310546875,122379700
2022-01-21,445.55999755859375,448.05999755859375,437.95001220703125,437.9800109863281,411.0829162597656,202271200
2022-01-24,432.0299987792969,440.3800048828125,420.760009765625,439.8399963378906,412.8287658691406,251783900
2022-01-25,433.05999755859375,439.7200012207031,427.1499938964844,434.4700012207031,407.78857421875,167997300
2022-01-26,440.7200012207031,444.0400085449219,428.8599853515625,433.3800048828125,406.76544189453125,186391100
2022-01-27,438.260009765625,441.5899963378906,429.45001220703125,431.239990234375,404.7569274902344,149878300
2022-01-28,432.67999267578125,442,427.82000732421875,441.95001220703125,414.80914306640625,164457400
2022-01-31,441.239990234375,450.2799987792969,439.80999755859375,449.9100036621094,422.2803039550781,152251400
2022-02-01,450.67999267578125,453.6300048828125,446.94000244140625,452.95001220703125,425.13360595703125,123155400
2022-02-02,455.5,458.1199951171875,453.04998779296875,457.3500061035156,429.2633972167969,117361000
2022-02-03,450.95001220703125,452.9700012207031,445.7099914550781,446.6000061035156,419.17364501953125,118024400
2022-02-04,446.3500061035156,452.7799987792969,443.8299865722656,448.70001220703125,421.1446533203125,118454400
2022-02-07,449.510009765625,450.989990234375,445.8500061035156,447.260009765625,419.7930603027344,84472900
2022-02-08,446.7300109863281,451.9200134277344,445.2200012207031,450.94000244140625,423.2470397949219,81012000
2022-02-09,455.2200012207031,457.8800048828125,455.010009765625,457.5400085449219,429.4417419433594,92589900
2022-02-10,451.3399963378906,457.7099914550781,447.20001220703125,449.32000732421875,421.7265625,140103700
2022-02-11,449.4100036621094,451.6099853515625,438.94000244140625,440.4599914550781,413.4106140136719,153214600
2022-02-14,439.9200134277344,441.6000061035156,435.3399963378906,439.0199890136719,412.05908203125,123006300
2022-02-15,443.7300109863281,446.2799987792969,443.17999267578125,446.1000061035156,418.7043151855469,88482700
2022-02-16,443.92999267578125,448.05999755859375,441.94000244140625,446.6000061035156,419.17364501953125,84863600
2022-02-17,443.2200012207031,446.57000732421875,436.4200134277344,437.05999755859375,410.2193908691406,102259100
2022-02-18,437.3299865722656,438.6600036621094,431.82000732421875,434.2300109863281,407.563232421875,132642900
2022-02-22,431.8900146484375,435.5,425.8599853515625,429.57000732421875,403.1894226074219,124391800
2022-02-23,432.6600036621094,433.260009765625,421.3500061035156,421.95001220703125,396.0373840332031,132578000
2022-02-24,411.0199890136719,428.760009765625,410.6400146484375,428.29998779296875,401.9974060058594,213942900
2022-02-25,429.6099853515625,437.8399963378906,427.8599853515625,437.75,410.86712646484375,121804500
2022-02-28,432.0299987792969,438.20001220703125,430.70001220703125,436.6300048828125,409.8158874511719,145615000
2022-03-01,435.0400085449219,437.1700134277344,427.1099853515625,429.9800109863281,403.57421875,137785900
2022-03-02,432.3699951171875,439.7200012207031,431.57000732421875,437.8900146484375,410.9985046386719,117726500
2022-03-03,440.4700012207031,441.1099853515625,433.79998779296875,435.7099914550781,408.9523010253906,105501700
2022-03-04,431.75,433.3699951171875,427.8800048828125,432.1700134277344,405.62969970703125,113978200
2022-03-07,431.54998779296875,432.29998779296875,419.3599853515625,419.42999267578125,393.672119140625,137896600
2022-03-08,419.6199951171875,427.2099914550781,415.1199951171875,416.25,390.6873779296875,164772700
2022-03-09,425.1400146484375,429.510009765625,422.82000732421875,427.4100036621094,401.1619567871094,116990800
2022-03-10,422.5199890136719,426.42999267578125,420.44000244140625,425.4800109863281,399.3505859375,93972700
2022-03-11,428.1199951171875,428.7699890136719,419.5299987792969,420.07000732421875,394.2727966308594,95636300
2022-03-14,420.8900146484375,424.54998779296875,415.7900085449219,417,391.391357421875,95729200
2022-03-15,419.7699890136719,426.8399963378906,418.4200134277344,426.1700134277344,399.99822998046875,106219100
2022-03-16,429.8900146484375,435.67999267578125,424.79998779296875,435.6199951171875,408.86785888671875,144954800
2022-03-17,433.5899963378906,441.07000732421875,433.19000244140625,441.07000732421875,413.98321533203125,102676900
2022-03-18,438,444.8599853515625,437.2200012207031,444.5199890136719,418.51739501953125,106345500
2022-03-21,444.3399963378906,446.4599914550781,440.67999267578125,444.3900146484375,418.3951110839844,88349800
2022-03-22,445.8599853515625,450.5799865722656,445.8599853515625,449.5899963378906,423.2908935546875,74650400
2022-03-23,446.9100036621094,448.489990234375,443.7099914550781,443.79998779296875,417.8395690917969,79426100
2022-03-24,445.94000244140625,450.5,444.760009765625,450.489990234375,424.1382141113281,64736900
2022-03-25,451.1600036621094,452.9800109863281,448.42999267578125,452.69000244140625,426.2095642089844,77101300
2022-03-28,452.05999755859375,455.9100036621094,450.05999755859375,455.9100036621094,429.2412109375,68529800
2022-03-29,460.0199890136719,462.07000732421875,457.17999267578125,461.54998779296875,434.5512390136719,86581500
2022-03-30,460.3399963378906,461.20001220703125,456.4700012207031,458.70001220703125,431.8680419921875,79666900
2022-03-31,457.8900146484375,458.760009765625,451.1600036621094,451.6400146484375,425.2209777832031,121699900
2022-04-01,453.30999755859375,453.4599914550781,449.1400146484375,452.9200134277344,426.4261779785156,89048800
2022-04-04,453.1300048828125,456.9100036621094,452.260009765625,456.79998779296875,430.0790710449219,59601000
2022-04-05,455.2200012207031,457.8299865722656,449.82000732421875,451.0299987792969,424.64666748046875,74214500
2022-04-06,446.8900146484375,448.92999267578125,443.4700012207031,446.5199890136719,420.4004211425781,106898000
2022-04-07,445.5899963378906,450.69000244140625,443.5299987792969,448.7699890136719,422.5188293457031,78097200
2022-04-08,447.9700012207031,450.6300048828125,445.94000244140625,447.57000732421875,421.38909912109375,79272700
2022-04-11,444.1099853515625,445,439.3900146484375,439.9200134277344,414.18658447265625,89770500
2022-04-12,443.0799865722656,445.75,436.6499938964844,438.2900085449219,412.6518859863281,84363600
2022-04-13,438.0299987792969,444.1099853515625,437.8399963378906,443.30999755859375,417.37823486328125,74070400
2022-04-14,443.54998779296875,444.7300109863281,437.67999267578125,437.7900085449219,412.1810607910156,97869500
2022-04-18,436.80999755859375,439.75,435.6099853515625,437.9700012207031,412.35064697265625,66002500
2022-04-19,437.8599853515625,445.79998779296875,437.67999267578125,445.0400085449219,419.0070495605469,77821000
2022-04-20,446.9200134277344,447.57000732421875,443.4800109863281,444.7099914550781,418.69635009765625,65224400
2022-04-21,448.5400085449219,450.010009765625,437.1000061035156,438.05999755859375,412.4353332519531,85417300
2022-04-22,436.9100036621094,438.0799865722656,425.44000244140625,426.0400085449219,401.118408203125,132471800
2022-04-25,423.6700134277344,428.69000244140625,418.8399963378906,428.510009765625,403.4439392089844,119647700
2022-04-26,425.8299865722656,426.0400085449219,416.07000732421875,416.1000061035156,391.7598876953125,103996300
2022-04-27,417.239990234375,422.9200134277344,415.010009765625,417.2699890136719,392.8614501953125,122030000
2022-04-28,422.2900085449219,429.6400146484375,417.6000061035156,427.80999755859375,402.7849426269531,105449100
2022-04-29,423.5899963378906,425.8699951171875,411.2099914550781,412,387.8998107910156,145491100
2022-05-02,412.07000732421875,415.9200134277344,405.0199890136719,414.4800109863281,390.2347106933594,158312500
2022-05-03,415.010009765625,418.92999267578125,413.3599853515625,416.3800048828125,392.02349853515625,100028200
2022-05-04,417.0799865722656,429.6600036621094,413.7099914550781,429.05999755859375,403.96185302734375,144247900
2022-05-05,424.54998779296875,425,409.44000244140625,413.80999755859375,389.60382080078125,172929100
2022-05-06,411.1000061035156,414.79998779296875,405.7300109863281,411.3399963378906,387.2783203125,151770800
2022-05-09,405.1000061035156,406.4100036621094,396.5,398.1700134277344,374.87872314453125,155586100
2022-05-10,404.489990234375,406.0799865722656,394.82000732421875,399.0899963378906,375.74493408203125,132497200
2022-05-11,398.07000732421875,404.0400085449219,391.9599914550781,392.75,369.7757873535156,142361000
2022-05-12,389.3699951171875,395.79998779296875,385.1499938964844,392.3399963378906,369.3897399902344,125090800
2022-05-13,396.7099914550781,403.17999267578125,395.6099853515625,401.7200012207031,378.22113037109375,104174400
2022-05-16,399.9800109863281,403.9700012207031,397.6000061035156,400.0899963378906,376.68646240234375,78622400
2022-05-17,406.5299987792969,408.57000732421875,402.5799865722656,408.32000732421875,384.43499755859375,83029700
2022-05-18,403.5,403.79998779296875,390.54998779296875,391.8599853515625,368.9378356933594,117674500
2022-05-19,388.6199951171875,394.1400146484375,387.1099853515625,389.4599914550781,366.67822265625,98510700
2022-05-20,393.25,397.0299987792969,380.5400085449219,389.6300048828125,366.8382873535156,131432200
2022-05-23,392.8299865722656,397.7300109863281,390.3800048828125,396.9200134277344,373.7018737792969,76414900
2022-05-24,392.55999755859375,395.1499938964844,386.9599914550781,393.8900146484375,370.84906005859375,91448800
2022-05-25,392.30999755859375,399.45001220703125,391.8900146484375,397.3699951171875,374.1255798339844,91472900
2022-05-26,398.6700134277344,407.0400085449219,398.45001220703125,405.30999755859375,381.6011047363281,82168300
2022-05-27,407.9100036621094,415.3800048828125,407.70001220703125,415.260009765625,390.9690246582031,84768700
2022-05-31,413.54998779296875,416.4599914550781,410.0299987792969,412.92999267578125,388.77532958984375,95937000
2022-06-01,415.1700134277344,416.239990234375,406.92999267578125,409.5899963378906,385.6307678222656,86585800
2022-06-02,409.4200134277344,417.44000244140625,407.0400085449219,417.3900146484375,392.97442626953125,79609600
2022-06-03,412.3999938964844,414.0400085449219,409.510009765625,410.5400085449219,386.5251770019531,71874300
2022-06-06,414.7799987792969,416.6099853515625,410.54998779296875,411.7900085449219,387.7019958496094,57508900
2022-06-07,408.1000061035156,416.2200012207031,407.6099853515625,415.739990234375,391.4210205078125,59272400
2022-06-08,413.92999267578125,415.82000732421875,410.3800048828125,411.2200012207031,387.1653747558594,64350000
2022-06-09,409.3399963378906,411.739990234375,401.44000244140625,401.44000244140625,377.95745849609375,86289800
2022-06-10,394.8800048828125,395.7799987792969,389.75,389.79998779296875,366.99835205078125,132893900
2022-06-13,379.8500061035156,381.80999755859375,373.29998779296875,375,353.0640563964844,170004900
2022-06-14,376.8500061035156,377.94000244140625,370.5899963378906,373.8699951171875,352.0002136230469,104011800
2022-06-15,377.3599853515625,383.8999938964844,372.1199951171875,379.20001220703125,357.01837158203125,125666800
2022-06-16,370.510009765625,370.94000244140625,364.0799865722656,366.6499938964844,345.20245361328125,134473300
2022-06-17,365.510009765625,369.3800048828125,362.1700134277344,365.8599853515625,345.9466552734375,111113900
2022-06-21,371.8900146484375,376.5299987792969,371.80999755859375,375.07000732421875,354.6554260253906,76811900
2022-06-22,370.6199951171875,378.7200012207031,370.17999267578125,374.3900146484375,354.01239013671875,90059400
2022-06-23,376.6400146484375,378.8299865722656,372.8900146484375,378.05999755859375,357.482666015625,79292100
2022-06-24,381.3999938964844,390.0899963378906,381.3699951171875,390.0799865722656,368.8484802246094,98050300
2022-06-27,391.04998779296875,391.3599853515625,387.44000244140625,388.5899963378906,367.4395751953125,66009600
2022-06-28,390.2300109863281,393.1600036621094,380.5299987792969,380.6499938964844,359.93170166015625,86548900
2022-06-29,381.2300109863281,382.2699890136719,378.4200134277344,380.3399963378906,359.63861083984375,65676000
2022-06-30,376.239990234375,380.6600036621094,372.55999755859375,377.25,356.7167053222656,112508300
2022-07-01,376.55999755859375,381.70001220703125,373.79998779296875,381.239990234375,360.489501953125,74839700
2022-07-05,375.8800048828125,381.9800109863281,372.8999938964844,381.9599914550781,361.17034912109375,81438000
2022-07-06,382.1099853515625,385.8699951171875,379.6000061035156,383.25,362.3901672363281,70426200
2022-07-07,385.1199951171875,389.8299865722656,383.2699890136719,388.989990234375,367.8177795410156,64525900
2022-07-08,387.2699890136719,390.6400146484375,385.6600036621094,388.6700134277344,367.51513671875,72397800
2022-07-11,385.8500061035156,386.8699951171875,383.5,384.2300109863281,363.3168640136719,58366900
2022-07-12,383.6499938964844,386.1600036621094,378.989990234375,380.8299865722656,360.1019287109375,62219200
2022-07-13,375.1000061035156,381.9200134277344,374.6600036621094,378.8299865722656,358.2107849121094,84224600
2022-07-14,373.6099853515625,379.04998779296875,371.0400085449219,377.9100036621094,357.34088134765625,89704800
2022-07-15,382.54998779296875,385.25,380.5400085449219,385.1300048828125,364.1678466796875,79060400
2022-07-18,388.3800048828125,389.0899963378906,380.6600036621094,381.95001220703125,361.1610107421875,63203600
2022-07-19,386.0799865722656,392.8699951171875,385.3900146484375,392.2699890136719,370.919189453125,78506000
2022-07-20,392.4700012207031,396.260009765625,391.0299987792969,394.7699890136719,373.28314208984375,71843800
2022-07-21,394.1600036621094,398.8399963378906,391.6300048828125,398.7900085449219,377.0843811035156,64903900
2022-07-22,398.9200134277344,400.17999267578125,392.75,395.0899963378906,373.585693359375,72197300
2022-07-25,395.75,396.4700012207031,393.2099914550781,395.57000732421875,374.0396423339844,53631500
2022-07-26,393.8399963378906,394.05999755859375,389.95001220703125,390.8900146484375,369.6142883300781,52946400
2022-07-27,394.3599853515625,402.8800048828125,394.04998779296875,401.0400085449219,379.2118835449219,82342100
2022-07-28,401.8900146484375,406.79998779296875,398.1499938964844,406.07000732421875,383.9681091308594,73966600
2022-07-29,407.5799865722656,413.0299987792969,406.7699890136719,411.989990234375,389.5659484863281,87003700
2022-08-01,409.1499938964844,413.4100036621094,408.3999938964844,410.7699890136719,388.41229248046875,69997500
2022-08-02,409.1199951171875,413,406.82000732421875,408.05999755859375,385.8498229980469,63435400
2022-08-03,410.29998779296875,415.67999267578125,410,414.45001220703125,391.89208984375,67820600
2022-08-04,414.3699951171875,415.0899963378906,412.44000244140625,414.1700134277344,391.62725830078125,45656600
2022-08-05,409.6600036621094,414.1499938964844,409.6000061035156,413.4700012207031,390.96533203125,56814900
2022-08-08,415.25,417.6199951171875,411.8299865722656,412.989990234375,390.51141357421875,53886100
2022-08-09,412.2200012207031,412.75,410.2200012207031,411.3500061035156,388.9607238769531,44931800
2022-08-10,418.7799987792969,420.1400146484375,416.7200012207031,419.989990234375,397.13043212890625,68665700
2022-08-11,422.989990234375,424.95001220703125,419.2099914550781,419.989990234375,397.13043212890625,59489700
2022-08-12,422.0299987792969,427.2099914550781,421.0299987792969,427.1000061035156,403.8535461425781,61694500
2022-08-15,424.7699890136719,429.4100036621094,424.7099914550781,428.8599853515625,405.517578125,54048300
2022-08-16,427.7300109863281,431.7300109863281,426.8800048828125,429.70001220703125,406.3118896484375,59289000
2022-08-17,425.9100036621094,429.5,424.5400085449219,426.6499938964844,403.427978515625,63563400
2022-08-18,426.8599853515625,428.6099853515625,425.5,427.8900146484375,404.6004333496094,49023200
2022-08-19,424.9800109863281,425.260009765625,421.2200012207031,422.1400146484375,399.1634521484375,68016900
2022-08-22,417.04998779296875,417.2300109863281,412.3999938964844,413.3500061035156,390.8518371582031,77695600
2022-08-23,412.8999938964844,415.4200134277344,411.7699890136719,412.3500061035156,389.9062805175781,49105200
2022-08-24,412.1099853515625,415.1099853515625,411.3900146484375,413.6700134277344,391.154541015625,49177800
2022-08-25,415.239990234375,419.55999755859375,414.0899963378906,419.510009765625,396.6766662597656,50942300
2022-08-26,419.3900146484375,419.9599914550781,405.25,405.30999755859375,383.24951171875,103087000
2022-08-29,402.20001220703125,405.8399963378906,401.20001220703125,402.6300048828125,380.71539306640625,65370800
2022-08-30,403.8500061035156,404.1000061035156,396,398.2099914550781,376.5359191894531,85652400
2022-08-31,399.92999267578125,401.239990234375,395.0400085449219,395.17999267578125,373.6707763671875,76029700
2022-09-01,392.8900146484375,396.7799987792969,390.0400085449219,396.4200134277344,374.8433837890625,78740100
2022-09-02,400.2799987792969,401.55999755859375,390.3299865722656,392.239990234375,370.8908996582031,99632100
2022-09-06,393.1300048828125,394.1199951171875,388.4200134277344,390.760009765625,369.4913635253906,76637400
2022-09-07,390.42999267578125,398.5899963378906,390.20001220703125,397.7799987792969,376.12933349609375,70964200
2022-09-08,395.3900146484375,400.8599853515625,394.1199951171875,400.3800048828125,378.5877990722656,80821700
2022-09-09,402.739990234375,407.510009765625,402.4599914550781,406.6000061035156,384.46929931640625,76706900
2022-09-12,408.7799987792969,411.7300109863281,408.4599914550781,410.9700012207031,388.60137939453125,69256300
2022-09-13,401.8299865722656,403.1000061035156,391.9200134277344,393.1000061035156,371.70404052734375,122947100
2022-09-14,394.4700012207031,396.20001220703125,391.1199951171875,394.6000061035156,373.1224060058594,85023700
2022-09-15,392.9599914550781,395.9599914550781,388.7799987792969,390.1199951171875,368.8861999511719,87633800
2022-09-16,384.1400146484375,386.25,382.1099853515625,385.55999755859375,366.0720520019531,103084800
2022-09-19,382.260009765625,388.54998779296875,382.17999267578125,388.54998779296875,368.910888671875,73278500
2022-09-20,385.05999755859375,386.1199951171875,381.20001220703125,384.0899963378906,364.6763610839844,77274900
2022-09-21,386.1099853515625,389.30999755859375,377.3800048828125,377.3900146484375,358.31500244140625,106746600
2022-09-22,376.5799865722656,378.29998779296875,373.44000244140625,374.2200012207031,355.30517578125,89472600
2022-09-23,370.5799865722656,370.6199951171875,363.2900085449219,367.95001220703125,349.3521728515625,122346900
2022-09-26,366.4100036621094,370.2099914550781,363.0299987792969,364.30999755859375,345.8961181640625,92581200
2022-09-27,368.0199890136719,370.3999938964844,360.8699951171875,363.3800048828125,345.01318359375,108294100
2022-09-28,364.3800048828125,372.29998779296875,362.6000061035156,370.5299987792969,351.8017578125,110802200
2022-09-29,366.80999755859375,367.1099853515625,359.70001220703125,362.7900085449219,344.4530029296875,112952300
2022-09-30,361.79998779296875,365.9100036621094,357.0400085449219,357.17999267578125,339.12646484375,153711200
2022-10-03,361.0799865722656,368.54998779296875,359.2099914550781,366.6099853515625,348.079833984375,89756500
2022-10-04,372.3999938964844,378,366.57000732421875,377.9700012207031,358.8656921386719,103602800
2022-10-05,373.3900146484375,379.4599914550781,370.95001220703125,377.0899963378906,358.0301818847656,88065700
2022-10-06,375.6199951171875,378.7200012207031,372.67999267578125,373.20001220703125,354.3367919921875,82333500
2022-10-07,368.9700012207031,373.2900085449219,360.94000244140625,362.7900085449219,344.4530029296875,107789500
2022-10-10,363.9599914550781,364.2099914550781,357.6700134277344,360.0199890136719,341.8229675292969,76042800
2022-10-11,358.239990234375,363.0299987792969,355.7099914550781,357.739990234375,339.658203125,92482800
2022-10-12,358.1700134277344,359.82000732421875,356.29998779296875,356.55999755859375,338.5378112792969,76991800
2022-10-13,349.2099914550781,367.510009765625,348.1099853515625,365.9700012207031,347.4722595214844,147254500
2022-10-14,368.54998779296875,370.260009765625,356.9599914550781,357.6300048828125,339.55377197265625,123737000
2022-10-17,364.010009765625,367.9800109863281,357.2799987792969,366.82000732421875,348.2793273925781,93168200
2022-10-18,375.1300048828125,375.45001220703125,367.5199890136719,371.1300048828125,352.3714904785156,97162900
2022-10-19,368.989990234375,371.8500061035156,365.54998779296875,368.5,349.8743591308594,79746900
2022-10-20,368.0299987792969,372.6700134277344,364.6099853515625,365.4100036621094,346.94049072265625,88283100
2022-10-21,365.1199951171875,374.79998779296875,363.5400085449219,374.2900085449219,355.3716735839844,131038400
2022-10-24,375.8900146484375,380.05999755859375,373.1099853515625,378.8699951171875,359.7201843261719,85436900
2022-10-25,378.7900085449219,385.25,378.6700134277344,384.9200134277344,365.46435546875,78846300
2022-10-26,381.6199951171875,387.5799865722656,381.3500061035156,382.0199890136719,362.7109680175781,104087300
2022-10-27,383.07000732421875,385,379.3299865722656,379.9800109863281,360.7740478515625,81971800
2022-10-28,379.8699951171875,389.5199890136719,379.67999267578125,389.0199890136719,369.35711669921875,100302000
2022-10-31,386.44000244140625,388.3999938964844,385.260009765625,386.2099914550781,366.689208984375,96631300
2022-11-01,390.1400146484375,390.3900146484375,383.2900085449219,384.5199890136719,365.0846252441406,85407600
2022-11-02,383.8999938964844,388.6300048828125,374.760009765625,374.8699951171875,355.92236328125,126990400
2022-11-03,371.4700012207031,374.20001220703125,368.7900085449219,371.010009765625,352.2574768066406,87100100
2022-11-04,377,378.8699951171875,370,376.3500061035156,357.3276062011719,103505200
2022-11-07,377.7099914550781,380.57000732421875,375.5299987792969,379.95001220703125,360.74566650390625,68286900
2022-11-08,381.1099853515625,385.1199951171875,377.7200012207031,382,362.6920471191406,84641100
2022-11-09,379.92999267578125,381.1400146484375,373.6099853515625,374.1300048828125,355.21978759765625,78495500
2022-11-10,388.04998779296875,395.0400085449219,385.6400146484375,394.69000244140625,374.7406005859375,141455800
2022-11-11,395.5899963378906,399.3500061035156,393.6099853515625,398.510009765625,378.36749267578125,93839900
2022-11-14,396.6600036621094,400.17999267578125,394.8299865722656,395.1199951171875,375.1488342285156,71903500
2022-11-15,401.1499938964844,402.30999755859375,394.489990234375,398.489990234375,378.3485107421875,93194500
2022-11-16,396.7799987792969,397.7799987792969,394.7900085449219,395.45001220703125,375.4621887207031,68508500
2022-11-17,390.4599914550781,394.95001220703125,390.1400146484375,394.239990234375,374.3133239746094,74496300
2022-11-18,397.739990234375,397.80999755859375,393.0400085449219,396.0299987792969,376.0128173828125,92922500
2022-11-21,394.6400146484375,395.82000732421875,392.6600036621094,394.5899963378906,374.6456298828125,51243200
2022-11-22,396.6300048828125,400.07000732421875,395.1499938964844,399.8999938964844,379.687255859375,60429000
2022-11-23,399.54998779296875,402.92999267578125,399.30999755859375,402.4200134277344,382.0799255371094,68261600
2022-11-25,401.8299865722656,402.9100036621094,401.5400085449219,402.3299865722656,381.994384765625,30545400
2022-11-28,399.0899963378906,400.80999755859375,395.1099853515625,395.9100036621094,375.8989562988281,67881600
2022-11-29,396.04998779296875,397.29998779296875,393.29998779296875,395.2300109863281,375.25335693359375,52310000
2022-11-30,395.489990234375,407.67999267578125,393.4800109863281,407.67999267578125,387.07403564453125,144566700
2022-12-01,408.7699890136719,410,404.75,407.3800048828125,386.7892150878906,76398200
2022-12-02,402.25,407.8599853515625,402.1400146484375,406.9100036621094,386.3428649902344,85342700
2022-12-05,403.95001220703125,404.92999267578125,398.1700134277344,399.5899963378906,379.39288330078125,77289800
2022-12-06,399.4200134277344,399.989990234375,391.6400146484375,393.8299865722656,373.9239807128906,77972200
2022-12-07,392.94000244140625,395.6400146484375,391.9700012207031,393.1600036621094,373.2878723144531,65927900
2022-12-08,395.1400146484375,397.3599853515625,393.2699890136719,396.239990234375,376.21221923828125,60737900
2022-12-09,394.94000244140625,397.6199951171875,393.1499938964844,393.2799987792969,373.4018249511719,81447700
2022-12-12,394.1099853515625,398.95001220703125,393.4100036621094,398.95001220703125,378.7853088378906,75405800
2022-12-13,410.2200012207031,410.489990234375,399.07000732421875,401.9700012207031,381.652587890625,123782500
2022-12-14,401.6099853515625,405.5,396.30999755859375,399.3999938964844,379.21258544921875,108111300
2022-12-15,394.29998779296875,395.25,387.8900146484375,389.6300048828125,369.93634033203125,117705900
2022-12-16,385.17999267578125,386.5799865722656,381.0400085449219,383.2699890136719,365.56884765625,119858000
2022-12-19,383.4700012207031,383.82000732421875,378.2799987792969,380.0199890136719,362.4689636230469,79878100
2022-12-20,379.2300109863281,382.2300109863281,377.8500061035156,380.5400085449219,362.96490478515625,74427200
2022-12-21,383.25,387.4100036621094,382.69000244140625,386.2300109863281,368.39215087890625,78167400
2022-12-22,383.04998779296875,386.2099914550781,374.7699890136719,380.7200012207031,363.1365661621094,100120900
2022-12-23,379.6499938964844,383.05999755859375,378.0299987792969,382.9100036621094,365.2254638671875,59857300
2022-12-27,382.7900085449219,383.1499938964844,379.6499938964844,381.3999938964844,363.7851867675781,51638200
2022-12-28,381.3299865722656,383.3900146484375,376.4200134277344,376.6600036621094,359.2641296386719,70911500
2022-12-29,379.6300048828125,384.3500061035156,379.0799865722656,383.44000244140625,365.73095703125,66970900
2022-12-30,380.6400146484375,382.5799865722656,378.42999267578125,382.42999267578125,364.76763916015625,84022200
2023-01-03,384.3699951171875,386.42999267578125,377.8299865722656,380.82000732421875,363.2319641113281,74850700
2023-01-04,383.17999267578125,385.8800048828125,380,383.760009765625,366.0362854003906,85934100
2023-01-05,381.7200012207031,381.8399963378906,378.760009765625,379.3800048828125,361.8585510253906,76970500
2023-01-06,382.6099853515625,389.25,379.4100036621094,388.0799865722656,370.1567077636719,104189600
2023-01-09,390.3699951171875,393.70001220703125,387.6700134277344,387.8599853515625,369.9468994140625,73978100
2023-01-10,387.25,390.6499938964844,386.2699890136719,390.5799865722656,372.54119873046875,65358100
2023-01-11,392.2300109863281,395.6000061035156,391.3800048828125,395.5199890136719,377.2530822753906,68881100
2023-01-12,396.6700134277344,398.489990234375,392.4200134277344,396.9599914550781,378.6265869140625,90157700
2023-01-13,393.6199951171875,399.1000061035156,393.3399963378906,398.5,380.0953674316406,63903900
2023-01-17,398.4800109863281,400.2300109863281,397.05999755859375,397.7699890136719,379.399169921875,62677300
2023-01-18,399.010009765625,400.1199951171875,391.2799987792969,391.489990234375,373.4091796875,99632300
2023-01-19,389.3599853515625,391.0799865722656,387.260009765625,388.6400146484375,370.6908264160156,86958900
2023-01-20,390.1000061035156,396.0400085449219,388.3800048828125,395.8800048828125,377.5964050292969,91806400
2023-01-23,396.7200012207031,402.6499938964844,395.7200012207031,400.6300048828125,382.1270751953125,84178800
2023-01-24,398.8800048828125,401.1499938964844,397.6400146484375,400.20001220703125,381.7169494628906,59524900
2023-01-25,395.95001220703125,400.70001220703125,393.55999755859375,400.3500061035156,381.8599548339844,84800300
2023-01-26,403.1300048828125,404.9200134277344,400.0299987792969,404.75,386.0567932128906,72287400
2023-01-27,403.6600036621094,408.1600036621094,403.44000244140625,405.67999267578125,386.9437561035156,68346200
2023-01-30,402.79998779296875,405.1300048828125,400.2799987792969,400.5899963378906,382.08892822265625,74202000
2023-01-31,401.1300048828125,406.5299987792969,400.7699890136719,406.4800109863281,387.7069091796875,86811800
2023-02-01,405.2099914550781,413.6700134277344,402.3500061035156,410.79998779296875,391.82733154296875,101459200
2023-02-02,414.8599853515625,418.30999755859375,412.8800048828125,416.7799987792969,397.5311279296875,101654500
2023-02-03,411.5899963378906,416.9700012207031,411.0899963378906,412.3500061035156,393.3057861328125,94736800
2023-02-06,409.7900085449219,411.2900085449219,408.1000061035156,409.8299865722656,390.90216064453125,60295300
2023-02-07,408.8699951171875,416.489990234375,407.57000732421875,415.19000244140625,396.01458740234375,90990700
2023-02-08,413.1300048828125,414.5299987792969,409.92999267578125,410.6499938964844,391.684326171875,76227500
2023-02-09,414.4100036621094,414.57000732421875,405.80999755859375,407.0899963378906,388.2886962890625,78694900
2023-02-10,405.8599853515625,408.44000244140625,405.010009765625,408.0400085449219,389.1948547363281,70769700
2023-02-13,408.7200012207031,412.9700012207031,408.239990234375,412.8299865722656,393.7635498046875,64913500
2023-02-14,411.239990234375,415.04998779296875,408.510009765625,412.6400146484375,393.5823974609375,88389300
2023-02-15,410.3500061035156,414.05999755859375,409.4700012207031,413.9800109863281,394.8605041503906,61555700
2023-02-16,408.7900085449219,412.9100036621094,408.1400146484375,408.2799987792969,389.42376708984375,76431500
2023-02-17,406.05999755859375,407.510009765625,404.04998779296875,407.260009765625,388.4508972167969,89257800
2023-02-21,403.05999755859375,404.1600036621094,398.82000732421875,399.0899963378906,380.658203125,82655900
2023-02-22,399.5199890136719,401.1300048828125,397.0199890136719,398.5400085449219,380.13360595703125,83742300
2023-02-23,401.55999755859375,402.20001220703125,396.25,400.6600036621094,382.1557312011719,96242400
2023-02-24,395.4200134277344,397.25,393.6400146484375,396.3800048828125,378.07330322265625,108194400
2023-02-27,399.8699951171875,401.2900085449219,396.75,397.7300109863281,379.3609619140625,80444700
2023-02-28,397.2300109863281,399.2799987792969,396.1499938964844,396.260009765625,377.95892333984375,96438600
2023-03-01,395.4100036621094,396.69000244140625,393.3800048828125,394.739990234375,376.50909423828125,99706800
2023-03-02,392.67999267578125,398.69000244140625,392.3299865722656,397.80999755859375,379.437255859375,85127800
2023-03-03,399.7099914550781,404.45001220703125,399.0299987792969,404.19000244140625,385.5226745605469,90120000
2023-03-06,405.04998779296875,407.45001220703125,404.010009765625,404.4700012207031,385.7896728515625,72795900
2023-03-07,404.4200134277344,404.6700134277344,397.6300048828125,398.2699890136719,379.8760070800781,108310600
2023-03-08,398.3900146484375,399.7099914550781,396.5899963378906,398.9200134277344,380.4960632324219,74746600
2023-03-09,399.739990234375,401.4800109863281,390.5299987792969,391.55999755859375,373.47601318359375,111945300
2023-03-10,390.989990234375,393.1600036621094,384.32000732421875,385.9100036621094,368.0868835449219,189253000
2023-03-13,381.80999755859375,390.3900146484375,380.6499938964844,385.3599853515625,367.5623474121094,157790000
2023-03-14,390.5,393.45001220703125,387.04998779296875,391.7300109863281,373.63812255859375,149752400
2023-03-15,385.8900146484375,389.489990234375,383.7099914550781,389.2799987792969,371.3013000488281,172996900
2023-03-16,386.82000732421875,396.4700012207031,386.2900085449219,396.1099853515625,377.81573486328125,143254200
2023-03-17,393.2200012207031,394.3999938964844,388.54998779296875,389.989990234375,373.3981018066406,140553400
2023-03-20,390.79998779296875,394.1700134277344,390.07000732421875,393.739990234375,376.98858642578125,93055800
2023-03-21,397.239990234375,399.4100036621094,395.5799865722656,398.9100036621094,381.9386291503906,91524200
2023-03-22,398.7300109863281,402.489990234375,392.07000732421875,392.1099853515625,375.42791748046875,111746600
2023-03-23,395.0899963378906,399.2900085449219,390.3500061035156,393.1700134277344,376.4427795410156,119351300
2023-03-24,391.8399963378906,395.8399963378906,389.3999938964844,395.75,378.9130859375,107682400
2023-03-27,398.1199951171875,398.9200134277344,395.55999755859375,396.489990234375,379.6216125488281,74010400
2023-03-28,395.7699890136719,396.489990234375,393.69000244140625,395.6000061035156,378.7694396972656,62871700
2023-03-29,399.92999267578125,401.6000061035156,398.67999267578125,401.3500061035156,384.2748107910156,77497900
2023-03-30,404.0899963378906,404.3500061035156,401.760009765625,403.70001220703125,386.52490234375,69840000
2023-03-31,404.6600036621094,409.70001220703125,404.54998779296875,409.3900146484375,391.9727478027344,112062600
2023-04-03,408.8500061035156,411.3699951171875,408.44000244140625,410.95001220703125,393.4663391113281,67391100
2023-04-04,411.6199951171875,411.9200134277344,407.239990234375,408.6700134277344,391.28338623046875,66601500
2023-04-05,407.9100036621094,408.70001220703125,405.8800048828125,407.6000061035156,390.2589416503906,65200200
2023-04-06,406.7699890136719,409.4800109863281,405.67999267578125,409.19000244140625,391.7812805175781,63743300
2023-04-10,406.6099853515625,409.69000244140625,405.9700012207031,409.6099853515625,392.183349609375,63681000
2023-04-11,410.260009765625,411.17999267578125,408.9200134277344,409.7200012207031,392.28875732421875,59297900
2023-04-12,411.8699951171875,412.1700134277344,407.44000244140625,408.04998779296875,390.6897277832031,86420400
2023-04-13,409.17999267578125,413.8399963378906,407.989990234375,413.4700012207031,395.8791809082031,85814800
2023-04-14,412.80999755859375,415.0899963378906,410.05999755859375,412.4599914550781,394.9120788574219,78161500
2023-04-17,412.3699951171875,413.9599914550781,411.0899963378906,413.94000244140625,396.32916259765625,66436400
2023-04-18,415.5799865722656,415.7200012207031,412.7799987792969,414.2099914550781,396.58770751953125,63560000
2023-04-19,412.2200012207031,415.0799865722656,412.1600036621094,414.1400146484375,396.5206604003906,55227300
2023-04-20,411.2099914550781,413.70001220703125,410.2699890136719,411.8800048828125,394.3568420410156,75840400
2023-04-21,412.19000244140625,412.67999267578125,410.1700134277344,412.20001220703125,394.6632385253906,73457400
2023-04-24,411.989990234375,413.07000732421875,410.6000061035156,412.6300048828125,395.0749206542969,64332100
2023-04-25,410.5799865722656,411.1600036621094,406.0199890136719,406.0799865722656,388.80352783203125,97766700
2023-04-26,406.7200012207031,407.8399963378906,403.7799987792969,404.3599853515625,387.15673828125,80447000
2023-04-27,407,412.69000244140625,406.739990234375,412.4100036621094,394.86431884765625,92968400
2023-04-28,411.489990234375,415.94000244140625,411.42999267578125,415.92999267578125,398.23455810546875,89433100
2023-05-01,415.4700012207031,417.6199951171875,415.2699890136719,415.510009765625,397.8324279785156,62122300
2023-05-02,414.7699890136719,414.82000732421875,407.82000732421875,410.8399963378906,393.36102294921875,103998500
2023-05-03,411.3599853515625,413.8699951171875,407.7699890136719,408.0199890136719,390.6610412597656,91531800
2023-05-04,406.92999267578125,407.2699890136719,403.739990234375,405.1300048828125,387.8940124511719,94901900
2023-05-05,408.9100036621094,413.7200012207031,408.6400146484375,412.6300048828125,395.0749206542969,87891800
2023-05-08,412.9700012207031,413.239990234375,411.2799987792969,412.739990234375,395.18023681640625,50046800
2023-05-09,411.1300048828125,412.0899963378906,410.69000244140625,410.92999267578125,393.4471740722656,49220100
2023-05-10,413.8800048828125,414.5400085449219,408.8699951171875,412.8500061035156,395.2854919433594,96142900
2023-05-11,411.95001220703125,412.42999267578125,409.9700012207031,412.1300048828125,394.5962219238281,70157100
2023-05-12,413.4200134277344,413.6400146484375,409.07000732421875,411.5899963378906,394.0791320800781,70481500
2023-05-15,412.2200012207031,413.42999267578125,410.2300109863281,413.010009765625,395.4388122558594,54289400
2023-05-16,411.8599853515625,412.82000732421875,410.239990234375,410.25,392.7962341308594,57705500
2023-05-17,412.3500061035156,415.8599853515625,410.6400146484375,415.2300109863281,397.5643615722656,87287000
2023-05-18,414.8999938964844,419.6700134277344,414.6700134277344,419.2300109863281,401.3941345214844,97177200
2023-05-19,420.1700134277344,420.7200012207031,417.3500061035156,418.6199951171875,400.8100891113281,103793300
2023-05-22,418.6400146484375,420.3900146484375,417.3500061035156,418.7900085449219,400.9728088378906,60745400
2023-05-23,417.0799865722656,418.7200012207031,413.67999267578125,414.0899963378906,396.47283935546875,86383500
2023-05-24,412.4200134277344,412.82000732421875,409.8800048828125,411.0899963378906,393.6004333496094,89213700
2023-05-25,414.739990234375,416.1600036621094,412.4100036621094,414.6499938964844,397.0090026855469,90961600
2023-05-26,415.3299865722656,420.7699890136719,415.25,420.0199890136719,402.15045166015625,93830000
2023-05-30,422.0299987792969,422.5799865722656,418.739990234375,420.17999267578125,402.30364990234375,72216000
2023-05-31,418.2799987792969,419.2200012207031,416.2200012207031,417.8500061035156,400.0728759765625,110811800
2023-06-01,418.0899963378906,422.9200134277344,416.7900085449219,421.82000732421875,403.87396240234375,88865000
2023-06-02,424.5,428.739990234375,423.95001220703125,427.9200134277344,409.7144775390625,91426200
2023-06-05,428.2799987792969,429.6199951171875,426.3699951171875,427.1000061035156,408.9293518066406,65460200
2023-06-06,426.6700134277344,428.5799865722656,425.989990234375,428.0299987792969,409.8197021484375,64022200
2023-06-07,428.44000244140625,429.6199951171875,426.1099853515625,426.54998779296875,408.4026794433594,85373300
2023-06-08,426.6199951171875,429.6000061035156,425.82000732421875,429.1300048828125,410.87298583984375,61952800
2023-06-09,429.9599914550781,431.989990234375,428.8699951171875,429.8999938964844,411.61016845703125,85742800
2023-06-12,430.9200134277344,433.8800048828125,430.1700134277344,433.79998779296875,415.3442687988281,76104300
2023-06-13,435.32000732421875,437.3299865722656,434.6300048828125,436.6600036621094,418.0825500488281,95899700
2023-06-14,437.010009765625,439.05999755859375,433.5899963378906,437.17999267578125,418.58050537109375,100612100
2023-06-15,436.3299865722656,443.8999938964844,436.2300109863281,442.6000061035156,423.7698669433594,110303100
2023-06-16,443.0199890136719,443.6099853515625,438.9700012207031,439.4599914550781,422.326416015625,114165800
2023-06-20,437.45001220703125,438.3699951171875,435.0299987792969,437.17999267578125,420.1352844238281,76160400
2023-06-21,436.1600036621094,436.989990234375,434.3299865722656,434.94000244140625,417.98272705078125,76982300
2023-06-22,433.95001220703125,436.6199951171875,433.6000061035156,436.510009765625,419.4914855957031,70637200
2023-06-23,432.92999267578125,435.05999755859375,432.4700012207031,433.2099914550781,416.32012939453125,92074500
2023-06-26,432.6199951171875,434.6099853515625,431.19000244140625,431.44000244140625,414.6191101074219,72823600
2023-06-27,432.3500061035156,436.80999755859375,431.8800048828125,436.1700134277344,419.1647033691406,72813700
2023-06-28,435.04998779296875,437.44000244140625,434.4100036621094,436.3900146484375,419.3761291503906,75636000
2023-06-29,435.9599914550781,438.2799987792969,435.5400085449219,438.1099853515625,421.029052734375,67882300
2023-06-30,441.44000244140625,444.29998779296875,441.1099853515625,443.2799987792969,425.9975280761719,104964000
2023-07-03,442.9200134277344,444.0799865722656,442.6300048828125,443.7900085449219,426.4876403808594,32793400
2023-07-05,441.9100036621094,443.8900146484375,441.8999938964844,443.1300048828125,425.85333251953125,58418400
2023-07-06,439.4200134277344,440.1000061035156,437.05999755859375,439.6600036621094,422.51861572265625,80658300
2023-07-07,438.6300048828125,442.6400146484375,438.29998779296875,438.54998779296875,421.4518737792969,86134200
2023-07-10,438.17999267578125,439.8399963378906,437.5899963378906,439.6600036621094,422.51861572265625,62443500
2023-07-11,440.45001220703125,442.9700012207031,439.44000244140625,442.4599914550781,425.20947265625,64463800
2023-07-12,446.3900146484375,447.4800109863281,444.9100036621094,446.0199890136719,428.6306457519531,91924500
2023-07-13,447.8999938964844,450.3800048828125,447.45001220703125,449.55999755859375,432.03265380859375,72425200
2023-07-14,450.4800109863281,451.3599853515625,448.489990234375,449.2799987792969,431.7635803222656,69815800
2023-07-17,449.1300048828125,451.92999267578125,449.0799865722656,450.8399963378906,433.2626953125,52680200
2023-07-18,450.5,454.8599853515625,450.04998779296875,454.19000244140625,436.4821472167969,80668200
2023-07-19,455.010009765625,456.42999267578125,454.1099853515625,455.20001220703125,437.45281982421875,65891700
2023-07-20,454.1700134277344,455.1000061035156,451.44000244140625,452.17999267578125,434.5504455566406,70591600
2023-07-21,453.9599914550781,454.1700134277344,452.1700134277344,452.17999267578125,434.5504455566406,71275600
2023-07-24,453.3699951171875,455.0400085449219,452.29998779296875,454.20001220703125,436.49169921875,54023400
2023-07-25,453.9200134277344,456.739990234375,453.8699951171875,455.44000244140625,437.6834411621094,55191200
2023-07-26,454.4700012207031,456.989990234375,453.3800048828125,455.510009765625,437.7507019042969,71052900
2023-07-27,459.0199890136719,459.44000244140625,451.54998779296875,452.489990234375,434.8484191894531,92194400
2023-07-28,455.8800048828125,457.7799987792969,452.489990234375,456.9200134277344,439.10577392578125,80011800
2023-07-31,457.4100036621094,458.1600036621094,456.04998779296875,457.7900085449219,439.94183349609375,62040400
2023-08-01,456.2699890136719,457.25,455.489990234375,456.4800109863281,438.6828918457031,55291500
2023-08-02,453.25,453.5199890136719,449.3500061035156,450.1300048828125,432.5804443359375,93933400
2023-08-03,448.0400085449219,450.7900085449219,447.3699951171875,448.8399963378906,431.3407287597656,64276100
2023-08-04,450.7200012207031,452.8999938964844,446.2699890136719,446.80999755859375,429.38983154296875,100128900
2023-08-07,448.7099914550781,450.8699951171875,447.989990234375,450.7099914550781,433.1378173828125,58357500
2023-08-08,448.0799865722656,450.70001220703125,445.2699890136719,448.75,431.25421142578125,71361300
2023-08-09,449.0299987792969,449.20001220703125,444.9599914550781,445.75,428.3712158203125,78789600
2023-08-10,448.19000244140625,451.70001220703125,444.70001220703125,445.9100036621094,428.52496337890625,93005500
2023-08-11,443.9700012207031,446.70001220703125,443.3500061035156,445.6499938964844,428.2750549316406,68690900
2023-08-14,444.70001220703125,448.1099853515625,444.3800048828125,448.1099853515625,430.63916015625,47867400
2023-08-15,446.2699890136719,446.6400146484375,442.29998779296875,442.8900146484375,425.6227111816406,75707500
2023-08-16,442.4599914550781,444.17999267578125,439.5299987792969,439.6400146484375,422.4994201660156,80107200
2023-08-17,441.1600036621094,441.42999267578125,435.75,436.2900085449219,419.280029296875,95711300
2023-08-18,433.3699951171875,437.57000732421875,433.010009765625,436.5,419.4818420410156,98852000
2023-08-21,437.54998779296875,440.1099853515625,435.32000732421875,439.3399963378906,422.2110900878906,68719000
2023-08-22,441.17999267578125,441.17999267578125,437.57000732421875,438.1499938964844,421.0674743652344,64994200
2023-08-23,439.25,443.6700134277344,439.1000061035156,443.0299987792969,425.75726318359375,68441000
2023-08-24,444.69000244140625,445.2200012207031,436.8599853515625,436.8900146484375,419.85662841796875,88517300
2023-08-25,438.67999267578125,441.29998779296875,435,439.9700012207031,422.8164978027344,102325100
2023-08-28,442.239990234375,443.3999938964844,439.9700012207031,442.760009765625,425.497802734375,61595400
2023-08-29,442.6499938964844,449.45001220703125,442.4599914550781,449.1600036621094,431.64825439453125,83081900
2023-08-30,449.510009765625,451.6700134277344,448.7799987792969,451.010009765625,433.4261474609375,69053900
2023-08-31,451.6499938964844,452.8299865722656,450.1600036621094,450.3500061035156,432.7918701171875,66084600
2023-09-01,453.1700134277344,453.6700134277344,449.67999267578125,451.19000244140625,433.5990905761719,58944100
2023-09-05,450.7300109863281,451.05999755859375,449.1700134277344,449.239990234375,431.7250671386719,55166200
2023-09-06,448.3999938964844,448.510009765625,443.80999755859375,446.2200012207031,428.8228454589844,70758500
2023-09-07,443.1099853515625,445.54998779296875,442.75,444.8500061035156,427.50628662109375,70355400
2023-09-08,444.8999938964844,447.1099853515625,444.5299987792969,445.5199890136719,428.150146484375,61659700
2023-09-11,448.239990234375,448.7699890136719,446.4700012207031,448.45001220703125,430.9659423828125,60180100
2023-09-12,446.95001220703125,448.5299987792969,445.3900146484375,445.989990234375,428.601806640625,67565400
2023-09-13,446.2200012207031,447.7099914550781,445.0799865722656,446.510009765625,429.1015319824219,60199300
2023-09-14,449.07000732421875,451.0799865722656,447.7200012207031,450.3599853515625,432.8014221191406,83430800
2023-09-15,447.1400146484375,447.4800109863281,442.9200134277344,443.3699951171875,427.5869140625,111848900
2023-09-18,443.04998779296875,444.9700012207031,442.55999755859375,443.6300048828125,427.8376770019531,55752200
2023-09-19,442.67999267578125,443.2900085449219,439.94000244140625,442.7099914550781,426.9504089355469,66514600
2023-09-20,444.010009765625,444.44000244140625,438.42999267578125,438.6400146484375,423.0252990722656,82562600
2023-09-21,435.70001220703125,435.9700012207031,431.2300109863281,431.3900146484375,416.03338623046875,104095800
2023-09-22,432.45001220703125,434.1000061035156,429.989990234375,430.4200134277344,415.09796142578125,100829700
2023-09-25,429.1700134277344,432.2699890136719,428.7200012207031,432.2300109863281,416.843505859375,70874500
2023-09-26,429.0899963378906,429.82000732421875,425.0199890136719,425.8800048828125,410.7195739746094,96168400
2023-09-27,427.0899963378906,427.6700134277344,422.2900085449219,426.04998779296875,410.88348388671875,104705800
2023-09-28,425.4800109863281,430.25,424.8699951171875,428.5199890136719,413.2655334472656,92258300
2023-09-29,431.6700134277344,431.8500061035156,425.9100036621094,427.4800109863281,412.26263427734375,115111300
2023-10-02,426.6199951171875,428.6000061035156,424.4599914550781,427.30999755859375,412.0986633300781,83798600
2023-10-03,425.05999755859375,427.3699951171875,420.17999267578125,421.5899963378906,406.5822448730469,103760600
2023-10-04,422.07000732421875,425.42999267578125,420.55999755859375,424.6600036621094,409.54296875,87453000
2023-10-05,424.3599853515625,425.3699951171875,421.1700134277344,424.5,409.388671875,70142700
2023-10-06,421.9700012207031,431.1300048828125,420.6000061035156,429.5400085449219,414.24932861328125,113273300
2023-10-09,427.5799865722656,432.8800048828125,427.010009765625,432.2900085449219,416.9013366699219,80374400
2023-10-10,432.94000244140625,437.2200012207031,432.5299987792969,434.5400085449219,419.0712585449219,78607300
2023-10-11,435.6400146484375,436.5799865722656,433.17999267578125,436.32000732421875,420.787841796875,62451700
2023-10-12,436.95001220703125,437.3399963378906,431.2300109863281,433.6600036621094,418.22259521484375,81154200
2023-10-13,435.2099914550781,436.45001220703125,429.8800048828125,431.5,416.1394958496094,95143100
2023-10-16,433.82000732421875,437.1400146484375,433.57000732421875,436.0400085449219,420.51788330078125,75433200
2023-10-17,432.80999755859375,438.1400146484375,432.45001220703125,436.0199890136719,420.4985656738281,75324700
2023-10-18,434.19000244140625,435.17999267578125,429.0899963378906,430.2099914550781,414.8954162597656,93559800
2023-10-19,430.95001220703125,432.82000732421875,425.7300109863281,426.42999267578125,411.2499694824219,121323000
2023-10-20,425.9800109863281,426.5400085449219,421.0799865722656,421.19000244140625,406.19647216796875,123919900
2023-10-23,419.6099853515625,424.45001220703125,417.79998779296875,420.4599914550781,405.49249267578125,92035100
2023-10-24,422.6499938964844,424.82000732421875,420.739990234375,423.6300048828125,408.549560546875,78564200
2023-10-25,421.8900146484375,421.9200134277344,417.0199890136719,417.54998779296875,402.6860656738281,94223200
2023-10-26,416.45001220703125,417.3299865722656,411.6000061035156,412.54998779296875,397.86407470703125,115156800
2023-10-27,414.19000244140625,414.6000061035156,409.2099914550781,410.67999267578125,396.0606689453125,107367700
2023-10-30,413.55999755859375,416.67999267578125,412.2200012207031,415.5899963378906,400.7958679199219,86562700
2023-10-31,416.17999267578125,418.5299987792969,414.2099914550781,418.20001220703125,403.3129577636719,79665200
2023-11-01,419.20001220703125,423.5,418.6499938964844,422.6600036621094,407.6141662597656,98068100
2023-11-02,426.5799865722656,430.9200134277344,426.55999755859375,430.760009765625,415.4258728027344,94938900
2023-11-03,433.1400146484375,436.2900085449219,433.010009765625,434.69000244140625,419.2159729003906,100167800
2023-11-06,435.4700012207031,436.1499938964844,433.67999267578125,435.69000244140625,420.1803283691406,67831700
2023-11-07,435.69000244140625,437.5899963378906,434.510009765625,436.92999267578125,421.37615966796875,64256100
2023-11-08,437.54998779296875,438.0899963378906,434.8699951171875,437.25,421.684814453125,61746000
2023-11-09,438.42999267578125,438.4700012207031,433.3999938964844,433.8399963378906,418.3962097167969,83174400
2023-11-10,435.9800109863281,440.92999267578125,433.8299865722656,440.6099853515625,424.9251708984375,89462200
2023-11-13,439.2300109863281,441.3299865722656,438.4200134277344,440.19000244140625,424.52020263671875,52236100
2023-11-14,446.32000732421875,450.05999755859375,446.0899963378906,448.7300109863281,432.7561340332031,97176900
2023-11-15,450.1099853515625,451.3800048828125,448.79998779296875,449.67999267578125,433.6723327636719,77327600
2023-11-16,449.2200012207031,450.55999755859375,448.1199951171875,450.2300109863281,434.2027282714844,66665800
2023-11-17,450.239990234375,451.4200134277344,449.2900085449219,450.7900085449219,434.7427978515625,83133200
2023-11-20,450.5299987792969,455.1300048828125,450.5199890136719,454.260009765625,438.0892028808594,69936200
2023-11-21,453.17999267578125,454.1300048828125,451.9599914550781,453.2699890136719,437.13446044921875,49244600
2023-11-22,454.9800109863281,456.3800048828125,453.8900146484375,455.0199890136719,438.8222351074219,59394900
2023-11-24,455.07000732421875,455.5,454.7300109863281,455.29998779296875,439.0921936035156,29737400
2023-11-27,454.6499938964844,455.489990234375,454.0799865722656,454.4800109863281,438.3014221191406,50506000
2023-11-28,454.0799865722656,456.2699890136719,453.5,454.92999267578125,438.7354431152344,62115000
2023-11-29,457.1499938964844,458.32000732421875,454.20001220703125,454.6099853515625,438.42681884765625,63146000
2023-11-30,455.4800109863281,456.760009765625,453.3399963378906,456.3999938964844,440.1531066894531,79752700
2023-12-01,455.7699890136719,459.6499938964844,455.1600036621094,459.1000061035156,442.7569885253906,89183400
2023-12-04,455.6000061035156,459.1199951171875,454.3399963378906,456.69000244140625,440.4327697753906,72430900
2023-12-05,455.260009765625,457.5899963378906,454.8699951171875,456.6000061035156,440.34600830078125,69793500
2023-12-06,458.80999755859375,458.8399963378906,454.30999755859375,454.760009765625,438.5715026855469,69124700
2023-12-07,456.9100036621094,458.8999938964844,456.2900085449219,458.2300109863281,441.91790771484375,66995400
2023-12-08,457.4599914550781,460.75,457.2099914550781,460.20001220703125,443.81781005859375,83194400
2023-12-11,459.69000244140625,462.1700134277344,459.4700012207031,461.989990234375,445.5440673828125,65002200
2023-12-12,461.6300048828125,464.20001220703125,460.6000061035156,464.1000061035156,447.5789489746094,68327600
2023-12-13,464.489990234375,470.760009765625,464.1199951171875,470.5,453.751220703125,93278000
2023-12-14,472.5,473.7300109863281,469.25,472.010009765625,455.2074279785156,119026000
2023-12-15,469.489990234375,470.70001220703125,467.42999267578125,469.3299865722656,454.4578857421875,141553700
2023-12-18,470.9800109863281,472.9800109863281,469.8900146484375,471.9700012207031,457.0143127441406,70375300
2023-12-19,472.5299987792969,474.9200134277344,472.45001220703125,474.8399963378906,459.7933349609375,55761800
2023-12-20,473.9599914550781,475.8999938964844,467.82000732421875,468.260009765625,453.4218444824219,102921000
2023-12-21,471.3299865722656,472.9800109863281,468.8399963378906,472.70001220703125,457.72119140625,86667500
2023-12-22,473.8599853515625,475.3800048828125,471.70001220703125,473.6499938964844,458.6409912109375,67160400
2023-12-26,474.07000732421875,476.5799865722656,473.989990234375,475.6499938964844,460.57763671875,55387000
2023-12-27,475.44000244140625,476.6600036621094,474.8900146484375,476.510009765625,461.410400390625,68000300
2023-12-28,476.8800048828125,477.54998779296875,476.260009765625,476.69000244140625,461.5846862792969,77158100
2023-12-29,476.489990234375,477.0299987792969,473.29998779296875,475.30999755859375,460.2484130859375,122283100
2024-01-02,472.1600036621094,473.6700134277344,470.489990234375,472.6499938964844,457.6727294921875,123623700
2024-01-03,470.42999267578125,471.19000244140625,468.1700134277344,468.7900085449219,453.93505859375,103585900
2024-01-04,468.29998779296875,470.9599914550781,467.04998779296875,467.2799987792969,452.47283935546875,84232200
2024-01-05,467.489990234375,470.44000244140625,466.42999267578125,467.9200134277344,453.0926818847656,86118900
2024-01-08,468.42999267578125,474.75,468.29998779296875,474.6000061035156,459.5609436035156,74879100
2024-01-09,471.8699951171875,474.92999267578125,471.3500061035156,473.8800048828125,458.86376953125,65931400
2024-01-10,474.1600036621094,477.45001220703125,473.8699951171875,476.55999755859375,461.45880126953125,67310600
2024-01-11,477.5899963378906,478.1199951171875,472.260009765625,476.3500061035156,461.2555236816406,77940700
2024-01-12,477.8399963378906,478.6000061035156,475.2300109863281,476.67999267578125,461.5749816894531,58026400
2024-01-16,475.260009765625,476.6099853515625,473.05999755859375,474.92999267578125,459.8804626464844,85014900
2024-01-17,471.82000732421875,472.7900085449219,469.8699951171875,472.2900085449219,457.32415771484375,68843900
2024-01-18,474.010009765625,477.05999755859375,472.4200134277344,476.489990234375,461.3910217285156,91856200
2024-01-19,477.6499938964844,482.7200012207031,476.5400085449219,482.42999267578125,467.1427917480469,110834500
2024-01-22,484.010009765625,485.2200012207031,482.7799987792969,483.45001220703125,468.1305236816406,75844900
2024-01-23,484.010009765625,485.1099853515625,482.8900146484375,484.8599853515625,469.4957580566406,49945300
2024-01-24,487.80999755859375,488.7699890136719,484.8800048828125,485.3900146484375,470.0090637207031,81765000
2024-01-25,487.5799865722656,488.30999755859375,485.3900146484375,488.0299987792969,472.5653381347656,72525000
2024-01-26,487.5899963378906,489.1199951171875,486.5400085449219,487.4100036621094,471.96502685546875,76641600
2024-01-29,487.7300109863281,491.4200134277344,487.1700134277344,491.2699890136719,475.70269775390625,61322800
2024-01-30,490.55999755859375,491.6199951171875,490.1099853515625,490.8900146484375,475.334716796875,58618400
2024-01-31,488.6199951171875,489.0799865722656,482.8599853515625,482.8800048828125,467.5785827636719,126011100
2024-02-01,484.6300048828125,489.2300109863281,483.79998779296875,489.20001220703125,473.69830322265625,91891600
2024-02-02,489.6499938964844,496.04998779296875,489.29998779296875,494.3500061035156,478.68511962890625,99228200
2024-02-05,493.70001220703125,494.3800048828125,490.2300109863281,492.54998779296875,476.942138671875,75757100
2024-02-06,493.5199890136719,494.32000732421875,492.04998779296875,493.9800109863281,478.32684326171875,55918600
2024-02-07,496.2900085449219,498.5299987792969,495.3599853515625,498.1000061035156,482.3162841796875,70556500
2024-02-08,498.1000061035156,498.7099914550781,497.260009765625,498.32000732421875,482.5293273925781,52343600
2024-02-09,498.8399963378906,501.6499938964844,498.489990234375,501.20001220703125,485.31805419921875,63979400
2024-02-12,501.1700134277344,503.5,500.239990234375,500.9800109863281,485.10498046875,56502300
2024-02-13,494.5299987792969,497.0899963378906,490.7200012207031,494.0799865722656,478.4236145019531,113099200
2024-02-14,496.7900085449219,499.07000732421875,494.3999938964844,498.57000732421875,482.7713928222656,68387800
2024-02-15,499.2900085449219,502.20001220703125,498.79998779296875,502.010009765625,486.10235595703125,61683000
2024-02-16,501.70001220703125,502.8699951171875,498.75,499.510009765625,483.6815185546875,75532900
2024-02-20,497.7200012207031,498.4100036621094,494.45001220703125,496.760009765625,481.018798828125,71736700
2024-02-21,495.4200134277344,497.3699951171875,493.55999755859375,497.2099914550781,481.4544372558594,59293400
2024-02-22,504.010009765625,508.489990234375,503.0199890136719,507.5,491.41839599609375,76402500
2024-02-23,509.2699890136719,510.1300048828125,507.1000061035156,507.8500061035156,491.75726318359375,61321800
2024-02-26,508.29998779296875,508.75,505.8599853515625,505.989990234375,489.95623779296875,50386700
2024-02-27,506.70001220703125,507.1600036621094,504.75,506.92999267578125,490.86639404296875,48854500
2024-02-28,505.3299865722656,506.8599853515625,504.9599914550781,506.260009765625,490.21771240234375,56506600
2024-02-29,508.07000732421875,509.739990234375,505.3500061035156,508.0799865722656,491.9800109863281,83924800
2024-03-01,508.9800109863281,513.2899780273438,508.55999755859375,512.8499755859375,496.5988464355469,76844800
2024-03-04,512.030029296875,514.2000122070312,512,512.2999877929688,496.0662841796875,49799300
2024-03-05,510.239990234375,510.70001220703125,504.9100036621094,507.17999267578125,491.1085510253906,72855600
2024-03-06,510.54998779296875,512.0700073242188,508.4200134277344,509.75,493.5971374511719,68382400
2024-03-07,513.1400146484375,515.8900146484375,509.80999755859375,514.8099975585938,498.49676513671875,58652100
2024-03-08,515.4600219726562,518.219970703125,511.1300048828125,511.7200012207031,495.5046691894531,86532500
2024-03-11,510.4800109863281,511.8800048828125,508.5,511.2799987792969,495.07861328125,62557200
2024-03-12,513.4500122070312,517.3800048828125,510.8599853515625,516.780029296875,500.40435791015625,73114400
2024-03-13,517.1099853515625,517.2899780273438,514.489990234375,515.969970703125,499.61993408203125,55104100
2024-03-14,516.969970703125,517.1300048828125,511.82000732421875,514.9500122070312,498.63232421875,110171800
2024-03-15,510.2099914550781,511.70001220703125,508.1199951171875,509.8299865722656,495.20843505859375,107646300
2024-03-18,514,515.47998046875,512.4400024414062,512.8599853515625,498.15155029296875,88893300
2024-03-19,512.1500244140625,516,511.1199951171875,515.7100219726562,500.919921875,60755300
2024-03-20,515.77001953125,520.6199951171875,515.0800170898438,520.47998046875,505.5529479980469,69594600
2024-03-21,523.3900146484375,524.1099853515625,521.9099731445312,522.2000122070312,507.2237548828125,60256100
2024-03-22,522.1099853515625,522.6099853515625,520.969970703125,521.2100219726562,506.2621154785156,79070800
2024-03-25,519.7999877929688,520.9500122070312,519.6099853515625,519.77001953125,504.8633728027344,48512100
2024-03-26,521.22998046875,521.5800170898438,518.4000244140625,518.8099975585938,503.93084716796875,65463700
2024-03-27,521.7100219726562,523.2100219726562,519.489990234375,523.1699829101562,508.1658935546875,82999800
2024-03-28,523.2100219726562,524.6099853515625,522.780029296875,523.0700073242188,508.0686950683594,96294900
2024-04-01,523.8300170898438,524.3800048828125,520.969970703125,522.1599731445312,507.184814453125,62477500
2024-04-02,518.239990234375,518.97998046875,516.47998046875,518.8400268554688,503.9600524902344,74230300
2024-04-03,517.719970703125,520.9500122070312,517.6699829101562,519.4099731445312,504.51361083984375,59155800
2024-04-04,523.52001953125,523.8699951171875,512.760009765625,513.0700073242188,498.3554992675781,96858100
2024-04-05,514.4600219726562,520.4400024414062,514.010009765625,518.4299926757812,503.5617370605469,74546500
2024-04-08,519.1500244140625,520.1799926757812,517.8900146484375,518.719970703125,503.84344482421875,48401800
2024-04-09,520.5,520.75,514.3499755859375,519.3200073242188,504.4262390136719,68049200
2024-04-10,513.47998046875,516.1599731445312,512.0900268554688,514.1199951171875,499.3753662109375,82652800
2024-04-11,515.6799926757812,519.47998046875,512.0800170898438,518,503.1441345214844,70099000
2024-04-12,514.3699951171875,515.8200073242188,509.0799865722656,510.8500061035156,496.1991882324219,92561100
2024-04-15,515.1300048828125,515.2999877929688,503.5799865722656,504.45001220703125,489.98272705078125,92101400
2024-04-16,504.94000244140625,506.5,502.2099914550781,503.5299987792969,489.089111328125,73484000
2024-04-17,506.04998779296875,506.2200012207031,499.1199951171875,500.54998779296875,486.1945495605469,75910300
2024-04-18,501.9800109863281,504.1300048828125,498.55999755859375,499.5199890136719,485.1940612792969,74548100
2024-04-19,499.44000244140625,500.4599914550781,493.8599853515625,495.1600036621094,480.95916748046875,102212600
2024-04-22,497.8299865722656,502.3800048828125,495.42999267578125,499.7200012207031,485.388427734375,67961000
2024-04-23,501.7799987792969,506.0899963378906,499.5299987792969,505.6499938964844,491.1483154296875,64633600
2024-04-24,506.55999755859375,507.3699951171875,503.1300048828125,505.4100036621094,490.9151611328125,55928100
2024-04-25,499.17999267578125,504.2699890136719,497.489990234375,503.489990234375,489.05023193359375,69122400
2024-04-26,506.3500061035156,509.8800048828125,505.70001220703125,508.260009765625,493.6834411621094,64306100
2024-04-29,510.0899963378906,510.75,507.25,510.05999755859375,495.4318542480469,46415400
2024-04-30,508.55999755859375,509.55999755859375,501.9800109863281,501.9800109863281,487.58355712890625,77483600
2024-05-01,501.3800048828125,508.19000244140625,499.8699951171875,500.3500061035156,486.00030517578125,80242800
2024-05-02,504.1499938964844,505.8900146484375,499.54998779296875,505.0299987792969,490.5461120605469,62550200
2024-05-03,511.1600036621094,512.5499877929688,508.55999755859375,511.2900085449219,496.6265563964844,72756700
2024-05-06,513.75,516.6099853515625,513.2999877929688,516.5700073242188,501.7551574707031,47264700
2024-05-07,517.5599975585938,518.5700073242188,516.4500122070312,517.1400146484375,502.30877685546875,52561300
2024-05-08,515.260009765625,517.739990234375,515.1400146484375,517.1900024414062,502.3572998046875,42047200
2024-05-09,517.3800048828125,520.2100219726562,516.7100219726562,520.1699829101562,505.2518005371094,43643700
2024-05-10,521.8099975585938,522.6400146484375,519.5900268554688,520.8400268554688,505.9026794433594,52233200
2024-05-13,522.5599975585938,522.6699829101562,519.739990234375,520.9099731445312,505.97064208984375,36716400
2024-05-14,521.1099853515625,523.8300170898438,520.5599975585938,523.2999877929688,508.2920837402344,57535900
2024-05-15,525.8300170898438,530.0800170898438,525.1799926757812,529.780029296875,514.5863037109375,59504900
2024-05-16,529.8800048828125,531.52001953125,528.5399780273438,528.6900024414062,513.5274658203125,50244800
2024-05-17,528.8099975585938,529.52001953125,527.3200073242188,529.4500122070312,514.2656860351562,59187600
2024-05-20,529.5700073242188,531.5599975585938,529.1699829101562,530.0599975585938,514.8582763671875,37764200
2024-05-21,529.280029296875,531.52001953125,529.0700073242188,531.3599853515625,516.1209106445312,33437000
2024-05-22,530.6500244140625,531.3800048828125,527.5999755859375,529.8300170898438,514.6348876953125,48390000
2024-05-23,532.9600219726562,533.0700073242188,524.719970703125,525.9600219726562,510.87591552734375,57211200
2024-05-24,527.8499755859375,530.27001953125,526.8800048828125,529.4400024414062,514.2560424804688,41291100
2024-05-28,530.27001953125,530.510009765625,527.1099853515625,529.8099975585938,514.615478515625,36269600
2024-05-29,525.6799926757812,527.3099975585938,525.3699951171875,526.0999755859375,511.0118408203125,45190300
2024-05-30,524.52001953125,525.2000122070312,521.3300170898438,522.6099853515625,507.62176513671875,46377600
2024-05-31,523.5900268554688,527.5,518.3599853515625,527.3699951171875,512.2454833984375,90785800
2024-06-03,529.02001953125,529.3099975585938,522.5999755859375,527.7999877929688,512.6629638671875,46835700
2024-06-04,526.4600219726562,529.1500244140625,524.9600219726562,528.3900146484375,513.2362060546875,34632700
2024-06-05,530.77001953125,534.6900024414062,528.72998046875,534.6699829101562,519.3359985351562,47610400
2024-06-06,534.97998046875,535.4199829101562,532.6799926757812,534.6599731445312,519.3263549804688,30808500
2024-06-07,533.6599731445312,536.8900146484375,532.5399780273438,534.010009765625,518.6948852539062,43224500
2024-06-10,533.1799926757812,535.989990234375,532.5700073242188,535.6599731445312,520.2975463867188,35686100
2024-06-11,534.0700073242188,537.010009765625,532.0499877929688,536.9500122070312,521.5506591796875,36383400
2024-06-12,541.6300048828125,544.1199951171875,540.2999877929688,541.3599853515625,525.834228515625,63251300
2024-06-13,543.1500244140625,543.3300170898438,539.5900268554688,542.4500122070312,526.8927612304688,44760900
2024-06-14,540.8800048828125,542.8099975585938,539.8499755859375,542.780029296875,527.2135009765625,40089900
2024-06-17,542.0800170898438,548.530029296875,541.6099853515625,547.0999755859375,531.4095458984375,55839500
2024-06-18,547.1599731445312,548.6199951171875,546.72998046875,548.489990234375,532.7596435546875,41376400
2024-06-20,549.4400024414062,550.1199951171875,545.1799926757812,547,531.3123779296875,70328200
2024-06-21,544.4000244140625,545.6500244140625,543.02001953125,544.510009765625,530.6000366210938,64338600
2024-06-24,544.3300170898438,546.9500122070312,542.6199951171875,542.739990234375,528.875244140625,45528700
2024-06-25,543.989990234375,545.2000122070312,542.4400024414062,544.8300170898438,530.9119262695312,37936200
2024-06-26,543.6900024414062,546.239990234375,543.030029296875,545.510009765625,531.5745849609375,38550600
2024-06-27,545.3699951171875,546.9600219726562,544.6099853515625,546.3699951171875,532.41259765625,35041500
2024-06-28,547.1599731445312,550.280029296875,542.9500122070312,544.219970703125,530.3174438476562,76144500
2024-07-01,545.6300048828125,545.8800048828125,542.52001953125,545.3400268554688,531.4089965820312,40297800
2024-07-02,543.7000122070312,549.010009765625,543.6500244140625,549.010009765625,534.9851684570312,40434800
2024-07-03,548.6900024414062,551.8300170898438,548.6500244140625,551.4600219726562,537.37255859375,32789900
2024-07-05,551.77001953125,555.0499877929688,551.1199951171875,554.6400146484375,540.4713134765625,41488400
2024-07-08,555.4400024414062,556.25,554.1900024414062,555.280029296875,541.0950317382812,36110500
2024-07-09,556.260009765625,557.1799926757812,555.52001953125,555.8200073242188,541.6211547851562,27289700
2024-07-10,557.0700073242188,561.6699829101562,556.77001953125,561.3200073242188,546.9806518554688,38701200
2024-07-11,561.4400024414062,562.3300170898438,555.8300170898438,556.47998046875,542.2642822265625,53054200
2024-07-12,557.6300048828125,563.6699829101562,557.1500244140625,559.989990234375,545.6846313476562,53084400
2024-07-15,562.030029296875,564.8400268554688,559.6300048828125,561.530029296875,547.1852416992188,40584300
2024-07-16,562.8699951171875,565.1599731445312,562.0999755859375,564.8599853515625,550.43017578125,36475300
2024-07-17,558.7999877929688,560.510009765625,556.6099853515625,556.9400024414062,542.7125854492188,57119000
2024-07-18,558.510009765625,559.52001953125,550.4299926757812,552.6599731445312,538.5418701171875,56270400
2024-07-19,552.4199829101562,554.0800170898438,547.9099731445312,548.989990234375,534.9656982421875,65509100
2024-07-22,553,555.27001953125,551.02001953125,554.6500244140625,540.4810791015625,43346700
2024-07-23,554.5399780273438,556.739990234375,553.280029296875,553.780029296875,539.6332397460938,34439600
2024-07-24,548.8599853515625,549.1699829101562,540.2899780273438,541.22998046875,527.4037475585938,74515300
2024-07-25,541.3499755859375,547.4600219726562,537.4500122070312,538.4099731445312,524.6558227539062,61158300
2024-07-26,542.280029296875,547.1900024414062,541.489990234375,544.4400024414062,530.5319213867188,53763800
2024-07-29,546.02001953125,547.0499877929688,542.719970703125,544.760009765625,530.8436889648438,39515800
2024-07-30,546.260009765625,547.3400268554688,538.52001953125,542,528.1542358398438,46853600
2024-07-31,548.97998046875,553.5,547.5800170898438,550.8099975585938,536.7392578125,65663400
2024-08-01,552.5700073242188,554.8699951171875,539.4299926757812,543.010009765625,529.138427734375,76428700
2024-08-02,535.75,536.989990234375,528.5999755859375,532.9000244140625,519.2868041992188,82789100
2024-08-05,511.6400146484375,523.5800170898438,510.2699890136719,517.3800048828125,504.16314697265625,146267400
2024-08-06,519.219970703125,529.75,517.8699951171875,522.1500244140625,508.8113708496094,84826300
2024-08-07,528.469970703125,531.5900268554688,518.0499877929688,518.6599731445312,505.410400390625,70698300
2024-08-08,523.9099731445312,531.2899780273438,521.8400268554688,530.6500244140625,517.0942993164062,63276600
2024-08-09,529.8099975585938,534.510009765625,528.5599975585938,532.989990234375,519.3743286132812,45619600
2024-08-12,534.2100219726562,535.72998046875,530.9500122070312,533.27001953125,519.6472778320312,42542100
2024-08-13,536.530029296875,542.280029296875,536.280029296875,542.0399780273438,528.1932373046875,52333100
2024-08-14,542.8499755859375,544.9600219726562,540.1199951171875,543.75,529.8594360351562,42446900
2024-08-15,549.5,553.3599853515625,548.8800048828125,553.0700073242188,538.9413452148438,60846800
2024-08-16,551.4199829101562,555.02001953125,551.260009765625,554.3099975585938,540.1497192382812,44430700
2024-08-19,554.72998046875,559.6099853515625,553.8599853515625,559.6099853515625,545.314453125,39121800
2024-08-20,559.1500244140625,560.8400268554688,557.3300170898438,558.7000122070312,544.4276733398438,33732300
2024-08-21,559.77001953125,562.1099853515625,554.72998046875,560.6199951171875,546.2984619140625,41514600
2024-08-22,562.5599975585938,563.1799926757812,554.97998046875,556.219970703125,542.0109252929688,56121500
2024-08-23,559.530029296875,563.0900268554688,557.2899780273438,562.1300048828125,547.7698974609375,50639400
2024-08-26,563.1799926757812,563.9099731445312,559.0499877929688,560.7899780273438,546.4642333984375,35788600
2024-08-27,559.489990234375,562.0599975585938,558.3200073242188,561.5599975585938,547.214599609375,32693900
2024-08-28,561.2100219726562,561.6500244140625,555.0399780273438,558.2999877929688,544.0377807617188,41066000
2024-08-29,560.3099975585938,563.6799926757812,557.1799926757812,558.3499755859375,544.0864868164062,38715200
2024-08-30,560.77001953125,564.2000122070312,557.1400146484375,563.6799926757812,549.2803344726562,62700100
2024-09-03,560.469970703125,560.8099975585938,549.510009765625,552.0800170898438,537.9768676757812,60600100
2024-09-04,550.2000122070312,554.4299926757812,549.4600219726562,550.9500122070312,536.875732421875,47224900
2024-09-05,550.8900146484375,553.7999877929688,547.0999755859375,549.6099853515625,535.5697631835938,44264300
2024-09-06,549.9400024414062,551.5999755859375,539.4400024414062,540.3599853515625,526.55615234375,68493800
2024-09-09,544.6500244140625,547.7100219726562,542.6799926757812,546.4099731445312,532.4515380859375,40445800
2024-09-10,548.3599853515625,549.1500244140625,543.3800048828125,548.7899780273438,534.7708740234375,36394600
2024-09-11,548.7000122070312,555.3599853515625,539.9600219726562,554.4199829101562,540.2569580078125,75248600
2024-09-12,555.010009765625,559.4000244140625,552.739990234375,559.0900268554688,544.8076171875,51819600
2024-09-13,559.7100219726562,563.030029296875,559.4500122070312,562.010009765625,547.6530151367188,39310500
2024-09-16,561.739990234375,563.1099853515625,559.9000244140625,562.8400268554688,548.4617919921875,36656100
2024-09-17,565.0999755859375,566.5800170898438,560.7899780273438,563.0700073242188,548.68603515625,49321000
2024-09-18,563.739990234375,568.6900024414062,560.8300170898438,561.4000244140625,547.0587158203125,59044900
2024-09-19,571.010009765625,572.8800048828125,568.0800170898438,570.97998046875,556.3938598632812,75315500
2024-09-20,567.8400268554688,569.3099975585938,565.1699829101562,568.25,555.4320678710938,77503100
2024-09-23,569.3400268554688,570.3300170898438,568.0999755859375,569.6699829101562,556.8200073242188,44116900
2024-09-24,570.47998046875,571.3599853515625,567.5999755859375,571.2999877929688,558.4132690429688,46805700
2024-09-25,571.1400146484375,571.8900146484375,568.9099731445312,570.0399780273438,557.1817016601562,38428600
2024-09-26,574.3800048828125,574.7100219726562,569.9000244140625,572.2999877929688,559.3908081054688,48336000
2024-09-27,573.3900146484375,574.219970703125,570.4199829101562,571.469970703125,558.579345703125,42100900
2024-09-30,570.4199829101562,574.3800048828125,568.0800170898438,573.760009765625,560.81787109375,63557400
2024-10-01,573.4000244140625,574.0599975585938,566,568.6199951171875,555.7937622070312,72668800
2024-10-02,567.7100219726562,569.9000244140625,565.27001953125,568.8599853515625,556.0283813476562,38097800
2024-10-03,567.3599853515625,569.7999877929688,565.489990234375,567.8200073242188,555.0118408203125,40846500
2024-10-04,572.3499755859375,573.3599853515625,568.0999755859375,572.97998046875,560.0553588867188,42939100
2024-10-07,571.2999877929688,571.9600219726562,566.6300048828125,567.7999877929688,554.9922485351562,49964700
2024-10-08,570.4199829101562,573.780029296875,569.530029296875,573.1699829101562,560.2410888671875,37398700
2024-10-09,573.1599731445312,577.7100219726562,572.5499877929688,577.1400146484375,564.12158203125,37912200
2024-10-10,575.77001953125,577.5800170898438,574.489990234375,576.1300048828125,563.1343994140625,44138100
2024-10-11,576.0499877929688,580.3300170898438,575.9099731445312,579.5800170898438,566.5065307617188,42268000
2024-10-14,581.219970703125,585.27001953125,580.72998046875,584.3200073242188,571.1396484375,36217200
2024-10-15,584.5900268554688,584.9000244140625,578.5399780273438,579.780029296875,566.7020874023438,54203600
2024-10-16,579.780029296875,582.8300170898438,578.9600219726562,582.2999877929688,569.1651611328125,30725400
2024-10-17,585.9099731445312,586.1199951171875,582.1599731445312,582.3499755859375,569.2140502929688,34393700
2024-10-18,584.0700073242188,585.3900146484375,582.5800170898438,584.5900268554688,571.403564453125,37416800
2024-10-21,583.8499755859375,584.8499755859375,580.5999755859375,583.6300048828125,570.4652709960938,36439000
2024-10-22,581.0499877929688,584.5,580.3800048828125,583.3200073242188,570.1622314453125,34183800
2024-10-23,581.260009765625,581.7100219726562,574.4199829101562,577.989990234375,564.952392578125,49314600
2024-10-24,579.97998046875,580.0599975585938,576.5700073242188,579.239990234375,566.1741333007812,34979900
2024-10-25,581.510009765625,584.4600219726562,578.0800170898438,579.0399780273438,565.9786376953125,47268200
2024-10-28,582.5800170898438,582.7100219726562,580.52001953125,580.8300170898438,567.7283325195312,30174700
2024-10-29,579.8499755859375,582.9099731445312,578.4299926757812,581.77001953125,568.647216796875,42899700
2024-10-30,581.2899780273438,583.3200073242188,579.2899780273438,580.010009765625,566.9269409179688,41435800
2024-10-31,575.5599975585938,575.6300048828125,568.4400024414062,568.6400146484375,555.8133544921875,60182500
2024-11-01,571.3200073242188,575.5499877929688,570.6199951171875,571.0399780273438,558.1591186523438,45667500
2024-11-04,571.1799926757812,572.5,567.8900146484375,569.8099975585938,556.9568481445312,38217000
2024-11-05,570.739990234375,576.739990234375,570.52001953125,576.7000122070312,563.6915893554688,39478300
2024-11-06,589.2000122070312,591.9299926757812,585.3900146484375,591.0399780273438,577.7081298828125,68182000
2024-11-07,593.0800170898438,596.6500244140625,593,595.6099853515625,582.1749267578125,47233200
2024-11-08,596.1699829101562,599.6400146484375,596.1699829101562,598.1900024414062,584.6968383789062,46444900
2024-11-11,599.8099975585938,600.1699829101562,597,598.760009765625,585.25390625,37586800
2024-11-12,598.6799926757812,599.2899780273438,594.3699951171875,596.9000244140625,583.4359741210938,43006100
2024-11-13,597.3699951171875,599.22998046875,594.9600219726562,597.1900024414062,583.7193603515625,47388600
2024-11-14,597.3200073242188,597.8099975585938,592.6500244140625,593.3499755859375,579.9658813476562,38904100
2024-11-15,589.719970703125,590.2000122070312,583.8599853515625,585.75,572.537353515625,75988800
2024-11-18,586.219970703125,589.489990234375,585.3400268554688,588.1500244140625,574.8832397460938,37001700
2024-11-19,584.7100219726562,591.0399780273438,584.030029296875,590.2999877929688,576.9847412109375,49412000
2024-11-20,590.3800048828125,590.7899780273438,584.6300048828125,590.5,577.18017578125,50032600
2024-11-21,593.4000244140625,595.1199951171875,587.4500122070312,593.6699829101562,580.2786865234375,46750300
2024-11-22,593.6599731445312,596.1500244140625,593.1500244140625,595.510009765625,582.0772705078125,38226400
2024-11-25,599.52001953125,600.8599853515625,595.2000122070312,597.530029296875,584.0516967773438,42441400
2024-11-26,598.7999877929688,601.3300170898438,598.0700073242188,600.6500244140625,587.1012573242188,45621300
2024-11-27,600.4600219726562,600.8499755859375,597.280029296875,598.8300170898438,585.322265625,34000200
2024-11-29,599.6599731445312,603.3499755859375,599.3800048828125,602.5499877929688,588.9583129882812,30177400
2024-12-02,602.969970703125,604.3200073242188,602.469970703125,603.6300048828125,590.0140380859375,31746000
2024-12-03,603.3900146484375,604.1599731445312,602.3400268554688,603.9099731445312,590.2876586914062,26906600
2024-12-04,605.6300048828125,607.9099731445312,604.9500122070312,607.6599731445312,593.953125,42787600
2024-12-05,607.6599731445312,608.47998046875,606.2999877929688,606.6599731445312,592.9756469726562,28762200
2024-12-06,607.4400024414062,609.0700073242188,607.02001953125,607.8099975585938,594.0997314453125,31241500
2024-12-09,607.6900024414062,607.8599853515625,604.0800170898438,604.6799926757812,591.040283203125,34742700
2024-12-10,605.3699951171875,605.7999877929688,602.1300048828125,602.7999877929688,589.2026977539062,37234500
2024-12-11,605.780029296875,608.4299926757812,605.5,607.4600219726562,593.7576293945312,28677700
2024-12-12,606.5800170898438,607.1599731445312,604.3300170898438,604.3300170898438,590.6982421875,31543800
2024-12-13,606.4000244140625,607.1300048828125,602.8099975585938,604.2100219726562,590.5811157226562,35904700
2024-12-16,606,607.780029296875,605.2100219726562,606.7899780273438,593.1028442382812,43695200
2024-12-17,604.1900024414062,605.1699829101562,602.8900146484375,604.2899780273438,590.6591186523438,55773500
2024-12-18,603.97998046875,606.4099731445312,585.8900146484375,586.280029296875,573.0554809570312,108248700
2024-12-19,591.3599853515625,593,585.8499755859375,586.0999755859375,572.87939453125,85919500
2024-12-20,581.77001953125,595.75,580.9099731445312,591.1500244140625,579.7603759765625,125716700
2024-12-23,590.8900146484375,595.2999877929688,587.6599731445312,594.6900024414062,583.2321166992188,57635800
2024-12-24,596.0599975585938,601.3400268554688,595.469970703125,601.2999877929688,589.7146606445312,33160100
2024-12-26,599.5,602.47998046875,598.0800170898438,601.3400268554688,589.7539672851562,41219100
2024-12-27,597.5399780273438,597.780029296875,590.760009765625,595.010009765625,583.5458984375,64969300
2024-12-30,587.8900146484375,591.739990234375,584.4099731445312,588.219970703125,576.8866577148438,56578800
2024-12-31,589.9099731445312,590.6400146484375,584.4199829101562,586.0800170898438,574.7880249023438,57052700
2025-01-02,589.3900146484375,591.1300048828125,580.5,584.6400146484375,573.375732421875,50204000
2025-01-03,587.530029296875,592.5999755859375,586.4299926757812,591.9500122070312,580.544921875,37888500
2025-01-06,596.27001953125,599.7000122070312,593.5999755859375,595.3599853515625,583.8890991210938,47679400
2025-01-07,597.4199829101562,597.75,586.780029296875,588.6300048828125,577.2889404296875,60393100
2025-01-08,588.7000122070312,590.5800170898438,585.2000122070312,589.489990234375,578.1322631835938,47304700
2025-01-10,585.8800048828125,585.9500122070312,578.5499877929688,580.489990234375,569.3055419921875,73105000
2025-01-13,575.77001953125,581.75,575.3499755859375,581.3900146484375,570.1882934570312,47910100
2025-01-14,584.3599853515625,585,578.3499755859375,582.1900024414062,570.9729614257812,48420600
2025-01-15,590.3300170898438,593.9400024414062,589.2000122070312,592.780029296875,581.35888671875,56900200
2025-01-16,594.1699829101562,594.3499755859375,590.9299926757812,591.6400146484375,580.2408447265625,43319700
2025-01-17,596.9600219726562,599.3599853515625,595.6099853515625,597.5800170898438,586.0664672851562,58070600
2025-01-21,600.6699829101562,603.0599975585938,598.6699829101562,603.0499877929688,591.430908203125,42532900
2025-01-22,605.9199829101562,607.8200073242188,605.3599853515625,606.4400024414062,594.7556762695312,48196000
2025-01-23,605.7999877929688,609.75,605.52001953125,609.75,598.0018920898438,41152100
2025-01-24,609.8099975585938,610.780029296875,606.7999877929688,607.969970703125,596.2562255859375,34604700
2025-01-27,594.8099975585938,599.6900024414062,594.6400146484375,599.3699951171875,587.8218994140625,70361100
2025-01-28,600.6199951171875,605.3699951171875,597.25,604.52001953125,592.8727416992188,44433300
2025-01-29,603.719970703125,604.1300048828125,599.219970703125,601.8099975585938,590.2149047851562,37177400
2025-01-30,603.9600219726562,606.5999755859375,600.719970703125,605.0399780273438,593.3826293945312,39281300
2025-01-31,607.5,609.9600219726562,601.0499877929688,601.8200073242188,590.2246704101562,66566900
2025-02-03,592.6699829101562,600.2899780273438,590.489990234375,597.77001953125,586.2527465820312,65857200
2025-02-04,597.8300170898438,602.2999877929688,597.280029296875,601.780029296875,590.1854858398438,33457800
2025-02-05,600.6400146484375,604.3699951171875,598.5800170898438,604.219970703125,592.578369140625,30653100
2025-02-06,605.989990234375,606.4500122070312,602.6300048828125,606.3200073242188,594.6380004882812,35771500
2025-02-07,606.8900146484375,608.1300048828125,600.0499877929688,600.77001953125,589.1950073242188,50788500
2025-02-10,604.030029296875,605.5,602.739990234375,604.8499755859375,593.1962280273438,26048700
2025-02-11,602.5499877929688,605.8599853515625,602.4299926757812,605.3099975585938,593.6474609375,30056700
2025-02-12,599.2000122070312,604.5499877929688,598.510009765625,603.3599853515625,591.7349853515625,45076100
2025-02-13,604.47998046875,609.9400024414062,603.2000122070312,609.72998046875,597.9822387695312,40921300
2025-02-14,609.9400024414062,610.989990234375,609.0700073242188,609.7000122070312,597.952880859375,26910400
2025-02-18,610.8800048828125,611.489990234375,608.3800048828125,611.489990234375,599.7083740234375,26749000
2025-02-19,610.0800170898438,613.22998046875,609.5599975585938,612.9299926757812,601.12060546875,31011100
2025-02-20,611.5399780273438,611.6799926757812,607.02001953125,610.3800048828125,598.6197509765625,36554000
2025-02-21,610.1599731445312,610.2999877929688,599.469970703125,599.9400024414062,588.3809814453125,76519800
2025-02-24,602.02001953125,603.030029296875,596.489990234375,597.2100219726562,585.70361328125,50737200
2025-02-25,597.1500244140625,597.8900146484375,589.5599975585938,594.239990234375,582.7907104492188,58266500
2025-02-26,595.9299926757812,599.5800170898438,591.8599853515625,594.5399780273438,583.0850219726562,43321600
2025-02-27,596.8499755859375,598.02001953125,584.6500244140625,585.0499877929688,573.7777099609375,74196700
2025-02-28,585.5599975585938,594.719970703125,582.4400024414062,594.1799926757812,582.73193359375,88744100
2025-03-03,596.1799926757812,597.3400268554688,579.9000244140625,583.77001953125,572.5225219726562,74249200
2025-03-04,579.7100219726562,585.3900146484375,572.25,576.8599853515625,565.7456665039062,109648200
2025-03-05,576.6900024414062,584.8800048828125,573.0800170898438,583.0599975585938,571.8261108398438,71230500
2025-03-06,575.47998046875,580.1699829101562,570.1199951171875,572.7100219726562,561.6755981445312,80094900
2025-03-07,570.9000244140625,577.3900146484375,565.6300048828125,575.9199829101562,564.82373046875,81158800
2025-03-10,567.5900268554688,569.5399780273438,555.5900268554688,560.5800170898438,549.779296875,99326600
2025-03-11,559.4000244140625,564.02001953125,552.02001953125,555.9199829101562,545.2091064453125,88102100
2025-03-12,562.1699829101562,563.1099853515625,553.6900024414062,558.8699951171875,548.1022338867188,69588200
2025-03-13,558.489990234375,559.1099853515625,549.6799926757812,551.4199829101562,540.7957763671875,74079400
2025-03-14,556.1099853515625,563.8300170898438,551.489990234375,562.8099975585938,551.9662475585938,62660300
2025-03-17,562.7899780273438,569.7100219726562,562.3499755859375,567.1500244140625,556.22265625,49008700
2025-03-18,564.7999877929688,565.02001953125,559.0599975585938,561.02001953125,550.2108154296875,66041400
2025-03-19,562.8300170898438,570.9500122070312,561.6300048828125,567.1300048828125,556.2030639648438,66556000
2025-03-20,563.3300170898438,570.5700073242188,562.5999755859375,565.489990234375,554.5947265625,62958200
2025-03-21,559.280029296875,564.8900146484375,558.030029296875,563.97998046875,554.7776489257812,83763000
2025-03-24,570.7999877929688,575.1500244140625,570.2000122070312,574.0800170898438,564.712890625,58766800
2025-03-25,575.2999877929688,576.4099731445312,573.6900024414062,575.4600219726562,566.0703735351562,38355700
2025-03-26,575.1900024414062,576.3300170898438,567.1900024414062,568.5900268554688,559.3124389648438,51848300
2025-03-27,567.1799926757812,570.9000244140625,564.9400024414062,567.0800170898438,557.8270874023438,42164200
2025-03-28,565.530029296875,566.27001953125,555.0700073242188,555.6599731445312,546.5933227539062,71662700
2025-03-31,549.8300170898438,560.7100219726562,546.8699951171875,559.3900146484375,550.2625122070312,95328200
2025-04-01,557.4500122070312,562.9400024414062,553.6799926757812,560.969970703125,551.8167114257812,54609600
2025-04-02,555.0499877929688,567.4199829101562,554.8099975585938,564.52001953125,555.308837890625,76014500
2025-04-03,545.1099853515625,547.969970703125,536.7000122070312,536.7000122070312,527.9428100585938,125986000
2025-04-04,523.6699829101562,525.8699951171875,505.05999755859375,505.2799987792969,497.03546142578125,217965100
2025-04-07,489.19000244140625,523.1699829101562,481.79998779296875,504.3800048828125,496.150146484375,256611400
2025-04-08,521.8599853515625,524.97998046875,489.1600036621094,496.4800109863281,488.3790283203125,165816600
2025-04-09,493.44000244140625,548.6199951171875,493.04998779296875,548.6199951171875,539.6682739257812,241867300
2025-04-10,532.1699829101562,533.5,509.32000732421875,524.5800170898438,516.0205688476562,162331200
2025-04-11,523.010009765625,536.4299926757812,520.0700073242188,533.9400024414062,525.227783203125,97866300
2025-04-14,544.0499877929688,544.280029296875,533.8599853515625,539.1199951171875,530.3233032226562,68034000
2025-04-15,539.6699829101562,543.22998046875,536.8099975585938,537.6099853515625,528.837890625,56892900
2025-04-16,531.6799926757812,537.8900146484375,520.2899780273438,525.6599731445312,517.0828247070312,83484800
2025-04-17,527.6400146484375,531.1699829101562,523.9099731445312,526.4099731445312,517.8206176757812,79868100
2025-04-21,521.1599731445312,521.7000122070312,508.4599914550781,513.8800048828125,505.4950866699219,69368100
2025-04-22,520.1400146484375,529.2999877929688,519.1900024414062,527.25,518.64697265625,75948100
2025-04-23,540.4299926757812,545.4299926757812,533.8800048828125,535.4199829101562,526.6836547851562,90590700
2025-04-24,536.719970703125,547.4299926757812,535.4500122070312,546.6900024414062,537.769775390625,64150400
2025-04-25,546.6500244140625,551.0499877929688,543.6900024414062,550.6400146484375,541.6553344726562,61119600
2025-04-28,551.3900146484375,553.5499877929688,545.02001953125,550.8499755859375,541.8618774414062,47613800
2025-04-29,548.9099731445312,555.4500122070312,548.5499877929688,554.3200073242188,545.2752685546875,47775100
2025-04-30,547.5700073242188,556.52001953125,541.52001953125,554.5399780273438,545.4916381835938,93101500
2025-05-01,560.3699951171875,564.0700073242188,557.8599853515625,558.469970703125,549.3574829101562,63186100
2025-05-02,564.72998046875,568.3800048828125,562.3800048828125,566.760009765625,557.5123291015625,60717300
2025-05-05,562.5700073242188,566.6500244140625,561.7000122070312,563.510009765625,554.3153076171875,38659200
2025-05-06,557.9299926757812,563.3499755859375,556.9600219726562,558.7999877929688,549.6821899414062,48264700
2025-05-07,560.1500244140625,563.8200073242188,556.0399780273438,561.1500244140625,551.9938354492188,55588000
2025-05-08,565.239990234375,570.3099975585938,561.7000122070312,565.0599975585938,555.8400268554688,65130800
2025-05-09,566.47998046875,567.5,562.760009765625,564.3400268554688,555.1317749023438,37603400
2025-05-12,581.469970703125,583,577.0399780273438,582.989990234375,573.4775390625,78993600
2025-05-13,583.4099731445312,589.0800170898438,582.8400268554688,586.8400268554688,577.2647094726562,67947200
2025-05-14,587.8099975585938,588.97998046875,585.5399780273438,587.5900268554688,578.00244140625,66283500
2025-05-15,585.5599975585938,590.969970703125,585.0999755859375,590.4600219726562,580.8255615234375,71268100
2025-05-16,591.25,594.5,589.280029296875,594.2000122070312,584.5045166015625,76052100
2025-05-19,588.0999755859375,595.5399780273438,588.0999755859375,594.8499755859375,585.1438598632812,68168500
2025-05-20,593.0900268554688,594.0499877929688,589.5999755859375,592.8499755859375,583.1765747070312,60614500
2025-05-21,588.4400024414062,592.5800170898438,581.8200073242188,582.8599853515625,573.3495483398438,95197700
2025-05-22,582.6599731445312,586.6199951171875,581.4099731445312,583.0900268554688,573.5758666992188,70860400
2025-05-23,575.97998046875,581.8099975585938,575.5999755859375,579.1099853515625,569.6607666015625,76029000
2025-05-27,586.0700073242188,591.3099975585938,578.4299926757812,591.1500244140625,581.5043334960938,72588500
2025-05-28,591.5599975585938,592.77001953125,586.989990234375,587.72998046875,578.1400756835938,68445500
2025-05-29,593.0599975585938,593.2000122070312,586.0700073242188,590.0499877929688,580.4223022460938,69973300
2025-05-30,588.9299926757812,591.1300048828125,583.239990234375,589.3900146484375,579.7730102539062,90601200
2025-06-02,587.760009765625,592.7899780273438,585.0599975585938,592.7100219726562,583.0388793945312,61630500
2025-06-03,592.3400268554688,597.0800170898438,591.8499755859375,596.0900268554688,586.3637084960938,63606200
2025-06-04,596.9600219726562,597.9500122070312,595.489990234375,595.9299926757812,586.206298828125,57314200
2025-06-05,597.6300048828125,599,591.0499877929688,593.0499877929688,583.3733520507812,92278700
2025-06-06,598.6599731445312,600.8300170898438,596.8599853515625,599.1400146484375,589.364013671875,66588700
2025-06-09,599.719970703125,601.25,598.489990234375,599.6799926757812,589.8951416015625,53016400
2025-06-10,600.219970703125,603.469970703125,599.0900268554688,603.0800170898438,593.2396850585938,66247000
2025-06-11,604.1900024414062,605.0599975585938,599.27001953125,601.3599853515625,591.5476684570312,73658200
2025-06-12,600.010009765625,603.75,599.52001953125,603.75,593.8987426757812,64129000
2025-06-13,598.5,601.8499755859375,595.47998046875,597,587.2589111328125,89506000
2025-06-16,600.4000244140625,604.4500122070312,600.219970703125,602.6799926757812,592.8461303710938,79984100
2025-06-17,600.2100219726562,601.75,596.760009765625,597.530029296875,587.7802734375,82209400
2025-06-18,598.4400024414062,601.219970703125,596.469970703125,597.4400024414062,587.691650390625,76605000
2025-06-20,598.3800048828125,599.4600219726562,592.8599853515625,594.280029296875,586.3115234375,94051400
2025-06-23,595.0399780273438,600.5399780273438,591.8900146484375,600.1500244140625,592.1027221679688,87426000
2025-06-24,604.3300170898438,607.8499755859375,603.4099731445312,606.780029296875,598.6438598632812,67735300
2025-06-25,607.9099731445312,608.6099853515625,605.5399780273438,607.1199951171875,598.979248046875,62114800
2025-06-26,608.989990234375,612.3099975585938,608.3699951171875,611.8699951171875,603.6656494140625,78548400
2025-06-27,612.8800048828125,616.3900146484375,610.8300170898438,614.9099731445312,606.664794921875,86258400
2025-06-30,617.3800048828125,619.219970703125,615.0399780273438,617.8499755859375,609.5653686523438,92502500
2025-07-01,616.3599853515625,618.8300170898438,615.52001953125,617.6500244140625,609.3681030273438,70030100
2025-07-02,617.239990234375,620.489990234375,616.6099853515625,620.4500122070312,612.1305541992188,66510400
2025-07-03,622.4500122070312,626.280029296875,622.4299926757812,625.3400268554688,616.9549560546875,51065800
2025-07-07,623.3599853515625,624.030029296875,617.8699951171875,620.6799926757812,612.357421875,74814500
2025-07-08,621.3499755859375,622.1099853515625,619.52001953125,620.3400268554688,612.0220336914062,59024600
2025-07-09,622.77001953125,624.719970703125,620.9099731445312,624.0599975585938,615.6921997070312,66113300
2025-07-10,624.2000122070312,626.8699951171875,623.010009765625,625.8200073242188,617.4285888671875,57529000
2025-07-11,622.739990234375,624.8599853515625,621.530029296875,623.6199951171875,615.2579956054688,63670200
2025-07-14,623.1599731445312,625.1599731445312,621.7999877929688,624.8099975585938,616.4320678710938,51898500
2025-07-15,627.52001953125,627.8599853515625,622.0599975585938,622.1400146484375,613.7979125976562,74317300
2025-07-16,623.739990234375,624.72998046875,618.0499877929688,624.219970703125,615.8499755859375,88987500
2025-07-17,624.4000244140625,628.4000244140625,624.1799926757812,628.0399780273438,619.6187133789062,68885700
2025-07-18,629.2999877929688,629.469970703125,626.4600219726562,627.5800170898438,619.1650390625,65621600
2025-07-21,628.77001953125,631.5399780273438,628.3400268554688,628.77001953125,620.3389892578125,63375000
2025-07-22,629.0999755859375,629.72998046875,626.1900024414062,628.8599853515625,620.4277954101562,60046300
2025-07-23,631.5499877929688,634.2100219726562,629.72998046875,634.2100219726562,625.7060546875,70511000
2025-07-24,634.5999755859375,636.1500244140625,633.989990234375,634.4199829101562,625.9132690429688,71307100
2025-07-25,635.0900268554688,637.5800170898438,634.8400268554688,637.0999755859375,628.5572509765625,56865400
2025-07-28,637.47998046875,638.0399780273438,635.5399780273438,636.9400024414062,628.3994140625,54917100
2025-07-29,638.3499755859375,638.6699829101562,634.3400268554688,635.260009765625,626.7418823242188,60556300
2025-07-30,635.9199829101562,637.6799926757812,631.5399780273438,634.4600219726562,625.9526977539062,80418900
2025-07-31,639.4600219726562,639.8499755859375,630.77001953125,632.0800170898438,623.6046142578125,103385200
2025-08-01,626.2999877929688,626.3400268554688,619.2899780273438,621.719970703125,613.3834228515625,140103600
2025-08-04,625.6699829101562,631.219970703125,625.5800170898438,631.1699829101562,622.7067260742188,73218000
2025-08-05,631.7899780273438,632.6099853515625,627.0399780273438,627.969970703125,619.5496215820312,68051400
2025-08-06,629.0499877929688,633.4400024414062,628.1300048828125,632.780029296875,624.2952880859375,64357500
2025-08-07,636.239990234375,636.97998046875,629.1099853515625,632.25,623.7722778320312,74205800
2025-08-08,634.0599975585938,637.6500244140625,633.739990234375,637.1799926757812,628.6361694335938,64051600
2025-08-11,637.4600219726562,638.9500122070312,634.6599731445312,635.9199829101562,627.39306640625,58742300
2025-08-12,638.2899780273438,642.8499755859375,636.7899780273438,642.6900024414062,634.0723266601562,64730800
2025-08-13,644.9099731445312,646.1900024414062,642.6799926757812,644.8900146484375,636.2428588867188,60092800
2025-08-14,642.7899780273438,645.6199951171875,642.3400268554688,644.9500122070312,636.3020629882812,59327500
2025-08-15,645.989990234375,646.0900268554688,642.52001953125,643.4400024414062,634.812255859375,68592500
2025-08-18,642.8599853515625,644,642.1799926757812,643.2999877929688,634.6741333007812,43804900
2025-08-19,643.1199951171875,644.1099853515625,638.47998046875,639.8099975585938,631.23095703125,69750700
2025-08-20,639.4000244140625,639.6599731445312,632.9500122070312,638.1099853515625,629.5537109375,88890300
2025-08-21,636.280029296875,637.969970703125,633.8099975585938,635.5499877929688,627.028076171875,54805800
2025-08-22,637.760009765625,646.5,637.25,645.3099975585938,636.6572265625,84083200
2025-08-25,644.0399780273438,645.2899780273438,642.3499755859375,642.469970703125,633.855224609375,51274300
2025-08-26,642.2000122070312,645.510009765625,641.5700073242188,645.1599731445312,636.5091552734375,51581600
2025-08-27,644.5700073242188,647.3699951171875,644.4199829101562,646.6300048828125,637.9595336914062,48341100
2025-08-28,647.239990234375,649.47998046875,645.3400268554688,648.9199829101562,640.21875,61519500
2025-08-29,647.469970703125,647.8400268554688,643.1400146484375,645.0499877929688,636.4006958007812,74522200
2025-09-02,637.5,640.489990234375,634.9199829101562,640.27001953125,631.6846923828125,81983500
2025-09-03,642.6699829101562,644.2100219726562,640.4600219726562,643.739990234375,635.108154296875,70820900
2025-09-04,644.4199829101562,649.1500244140625,643.510009765625,649.1199951171875,640.4161376953125,65219200
2025-09-05,651.47998046875,652.2100219726562,643.3300170898438,647.239990234375,638.5613403320312,85178900
2025-09-08,648.6199951171875,649.8400268554688,647.22998046875,648.8300170898438,640.1300048828125,63133100
2025-09-09,648.969970703125,650.8599853515625,647.219970703125,650.3300170898438,641.60986328125,66133900
2025-09-10,653.6199951171875,654.5499877929688,650.6300048828125,652.2100219726562,643.4647216796875,78034500
2025-09-11,654.1799926757812,658.3300170898438,653.5900268554688,657.6300048828125,648.8119506835938,69934400
2025-09-12,657.5999755859375,659.1099853515625,656.9000244140625,657.4099731445312,648.594970703125,72780100
2025-09-15,659.6400146484375,661.0399780273438,659.3400268554688,660.9099731445312,652.0479736328125,63772400
2025-09-16,661.469970703125,661.780029296875,659.2100219726562,660,651.1502075195312,61169000
2025-09-17,660.010009765625,661.719970703125,654.2999877929688,659.1799926757812,650.3412475585938,101952200
2025-09-18,661.8900146484375,664.8900146484375,660.27001953125,662.260009765625,653.3799438476562,90459200
2025-09-19,662.3300170898438,664.5499877929688,660.3699951171875,663.7000122070312,656.6160278320312,97945600
2025-09-22,662.2000122070312,667.2899780273438,662.1699829101562,666.8400268554688,659.7225341796875,69452200
2025-09-23,666.719970703125,667.3400268554688,661.97998046875,663.2100219726562,656.1312255859375,81708900
2025-09-24,664.510009765625,664.6099853515625,659.6699829101562,661.0999755859375,654.043701171875,68082200
2025-09-25,657.9400024414062,659.4099731445312,654.4099731445312,658.0499877929688,651.0263061523438,89622100
2025-09-26,659.510009765625,662.3699951171875,657.8800048828125,661.8200073242188,654.756103515625,69179200
2025-09-29,664.3599853515625,665.280029296875,661.8599853515625,663.6799926757812,656.5962524414062,73499000
2025-09-30,662.9299926757812,666.6500244140625,661.6099853515625,666.1799926757812,659.0695190429688,86288000
2025-10-01,663.1699829101562,669.3699951171875,663.0599975585938,668.4500122070312,661.3153076171875,72545400
2025-10-02,670.4500122070312,670.5700073242188,666.780029296875,669.219970703125,662.0769653320312,56896000
2025-10-03,669.989990234375,672.6799926757812,668.1599731445312,669.2100219726562,662.0671997070312,70494400
2025-10-06,671.6199951171875,672.510009765625,669.4600219726562,671.6099853515625,664.4415893554688,54623300
2025-10-07,672.5399780273438,672.989990234375,667.6699829101562,669.1199951171875,661.9781494140625,72020100
2025-10-08,670.25,673.2100219726562,669.4199829101562,673.1099853515625,665.925537109375,60702200
2025-10-09,673.530029296875,673.9400024414062,669.2100219726562,671.1599731445312,663.9963989257812,66501900
2025-10-10,672.1300048828125,673.9500122070312,652.8400268554688,653.02001953125,646.0499877929688,159422600
2025-10-13,660.6500244140625,665.1300048828125,659.77001953125,663.0399780273438,655.9630126953125,79560500
2025-10-14,657.1699829101562,665.8300170898438,653.1699829101562,662.22998046875,655.1616821289062,88779600
2025-10-15,666.8200073242188,670.22998046875,658.9299926757812,665.1699829101562,658.0702514648438,81702600
2025-10-16,666.8200073242188,668.7100219726562,657.1099853515625,660.6400146484375,653.5886840820312,110563300
2025-10-17,659.5,665.760009765625,658.1400146484375,664.3900146484375,657.2986450195312,96500900
2025-10-20,667.3200073242188,672.2100219726562,667.27001953125,671.2999877929688,664.1348266601562,60493400
2025-10-21,671.4400024414062,672.989990234375,669.97998046875,671.2899780273438,664.1249389648438,56249000
2025-10-22,672,672,663.2999877929688,667.7999877929688,660.6721801757812,80564000
2025-10-23,668.1199951171875,672.7100219726562,667.7999877929688,671.760009765625,664.5899658203125,65604500
2025-10-24,676.4600219726562,678.469970703125,675.6500244140625,677.25,670.0213623046875,74356500
2025-10-27,682.72998046875,685.5399780273438,682.1199951171875,685.239990234375,677.926025390625,63339800
2025-10-28,687.0499877929688,688.9099731445312,684.8300170898438,687.0599975585938,679.7266235351562,61738100
2025-10-29,688.719970703125,689.7000122070312,682.8699951171875,687.3900146484375,680.0531616210938,85657100
2025-10-30,683.9000244140625,685.9400024414062,679.8300170898438,679.8300170898438,672.5739135742188,76335800
2025-10-31,685.0399780273438,685.0800170898438,679.239990234375,682.0599975585938,674.780029296875,87164100
2025-11-03,685.6699829101562,685.7999877929688,679.9400024414062,683.3400268554688,676.04638671875,57315000
2025-11-04,676.1099853515625,679.9600219726562,674.5800170898438,675.239990234375,668.0328369140625,78427000
2025-11-05,674.97998046875,680.8599853515625,674.1699829101562,677.5800170898438,670.3478393554688,74402400
2025-11-06,676.469970703125,677.3800048828125,668.719970703125,670.3099975585938,663.1554565429688,85035300
2025-11-07,667.9099731445312,671.0800170898438,661.2100219726562,670.969970703125,663.808349609375,100592400
2025-11-10,677.239990234375,682.1799926757812,675.030029296875,681.4400024414062,674.1666259765625,75842900
2025-11-11,679.9500122070312,683.5700073242188,678.72998046875,683,675.7099609375,58953400
2025-11-12,684.7899780273438,684.9600219726562,680.9500122070312,683.3800048828125,676.0859375,62312500
2025-11-13,680.5,680.8599853515625,670.52001953125,672.0399780273438,664.8670043945312,103457800
2025-11-14,665.3800048828125,675.6599731445312,663.27001953125,671.9299926757812,664.7581176757812,96846700
2025-11-17,669.7000122070312,673.7100219726562,662.1699829101562,665.6699829101562,658.56494140625,90456100
2025-11-18,662.0999755859375,665.1199951171875,655.8599853515625,660.0800170898438,653.0346069335938,114467500
2025-11-19,660.780029296875,667.3400268554688,658.75,662.6300048828125,655.5574340820312,94703000
2025-11-20,672.9099731445312,675.5599975585938,651.8900146484375,652.530029296875,645.5652465820312,165293500
2025-11-21,655.0499877929688,664.5499877929688,650.8499755859375,659.030029296875,651.995849609375,123956200
2025-11-24,662.6900024414062,670.0599975585938,661.5900268554688,668.72998046875,661.59228515625,80437900
2025-11-25,668.6300048828125,676.2100219726562,664.47998046875,675.02001953125,667.815185546875,81077100
2025-11-26,677.6300048828125,681.7000122070312,676.719970703125,679.6799926757812,672.4254150390625,71879600
2025-11-28,680.8599853515625,683.6699829101562,680.5,683.3900146484375,676.0958251953125,49212000
2025-12-01,678.8099975585938,682.989990234375,678.739990234375,680.27001953125,673.0090942382812,61201200
2025-12-02,681.9199829101562,683.8200073242188,679.3300170898438,681.530029296875,674.2556762695312,62953800
2025-12-03,680.5700073242188,684.9099731445312,679.6900024414062,683.8900146484375,676.5905151367188,57238500
2025-12-04,685.2999877929688,685.3699951171875,681.3400268554688,684.3900146484375,677.085205078125,61970300
2025-12-05,685.469970703125,688.3900146484375,684.5800170898438,685.6900024414062,678.3712158203125,79241000
2025-12-08,686.5900268554688,686.6400146484375,681.5700073242188,683.6300048828125,676.3333129882812,55231500
2025-12-09,683.1500244140625,685.3900146484375,682.5900268554688,683.0399780273438,675.7495727539062,58310100
2025-12-10,682.5599975585938,688.969970703125,681.3099975585938,687.5700073242188,680.231201171875,85671300
2025-12-11,685.1400146484375,689.25,682.1699829101562,689.1699829101562,681.8141479492188,86173700
2025-12-12,688.1699829101562,688.8800048828125,679.1699829101562,681.760009765625,674.4832763671875,113160300
2025-12-15,685.739990234375,685.760009765625,679.25,680.72998046875,673.4641723632812,90811000
2025-12-16,679.22998046875,681.0800170898438,674.97998046875,678.8699951171875,671.6240844726562,122030600
2025-12-17,679.8900146484375,680.4400024414062,671.2000122070312,671.4000244140625,664.2338256835938,110625200
2025-12-18,677.5999755859375,680.739990234375,674.9000244140625,676.469970703125,669.2495727539062,108650100
2025-12-19,676.5900268554688,681.0900268554688,676.469970703125,680.5900268554688,675.3153686523438,103599500
2025-12-22,683.9400024414062,685.3599853515625,680.5900268554688,684.8300170898438,679.5224609375,69556700
2025-12-23,683.9199829101562,688.2000122070312,683.8699951171875,687.9600219726562,682.6282348632812,64840000
2025-12-24,687.9500122070312,690.8300170898438,687.7999877929688,690.3800048828125,685.0294799804688,39445600
2025-12-26,690.6400146484375,691.6599731445312,689.27001953125,690.3099975585938,684.9600219726562,41613300
2025-12-29,687.5399780273438,689.2000122070312,686.0700073242188,687.8499755859375,682.51904296875,62559500
2025-12-30,687.4500122070312,688.5599975585938,686.5800170898438,687.010009765625,681.685546875,47160700
2025-12-31,687.1400146484375,687.3599853515625,681.7100219726562,681.9199829101562,676.635009765625,74144800
2026-01-02,685.7100219726562,686.8699951171875,679.8200073242188,683.1699829101562,677.8753051757812,89377200
2026-01-05,686.5399780273438,689.4299926757812,686.3800048828125,687.719970703125,682.3900756835938,71927200
2026-01-06,687.9299926757812,692.3200073242188,687.780029296875,691.8099975585938,686.4483642578125,69273800
2026-01-07,692.1900024414062,693.9600219726562,689.3200073242188,689.5800170898438,684.2356567382812,75588300
2026-01-08,688.8200073242188,690.6199951171875,687.489990234375,689.510009765625,684.1661987304688,64019200
2026-01-09,690.6300048828125,695.3099975585938,689.1799926757812,694.0700073242188,688.6908569335938,80125500
2026-01-12,690.6799926757812,696.0900268554688,690.6300048828125,695.1599731445312,689.7723388671875,63976000
2026-01-13,695.489990234375,696.0900268554688,691.3499755859375,693.77001953125,688.3931884765625,78309700
2026-01-14,691,691.719970703125,686.0399780273438,690.3599853515625,685.009521484375,94676700
2026-01-15,694.5700073242188,695.4500122070312,691.25,692.239990234375,686.875,77862000
2026-01-16,693.6599731445312,694.25,690.0999755859375,691.6599731445312,686.299560546875,79289200
2026-01-20,681.489990234375,684.77001953125,676.5700073242188,677.5800170898438,672.3286743164062,111623300
2026-01-21,679.6500244140625,688.739990234375,678.1300048828125,685.4000244140625,680.0880737304688,127844500
2026-01-22,689.8499755859375,691.1300048828125,686.9199829101562,688.97998046875,683.6403198242188,77112200
2026-01-23,688.1500244140625,690.9600219726562,687.1599731445312,689.22998046875,683.8883056640625,63059600
2026-01-26,690.489990234375,694.1300048828125,689.9199829101562,692.72998046875,687.3612060546875,60473800
2026-01-27,694.1799926757812,696.530029296875,693.5700073242188,695.489990234375,690.099853515625,55506100
2026-01-28,697.0499877929688,697.8400268554688,693.9400024414062,695.4199829101562,690.0303955078125,61172200
2026-01-29,696.3900146484375,697.0599975585938,684.8300170898438,694.0399780273438,688.6610717773438,97486200
2026-01-30,691.7899780273438,694.2100219726562,687.1199951171875,691.969970703125,686.6071166992188,101835100
2026-02-02,689.5800170898438,696.9299926757812,689.4199829101562,695.4099731445312,690.0204467773438,79286500
2026-02-03,696.2100219726562,696.9600219726562,684.030029296875,689.530029296875,684.18603515625,107904600
2026-02-04,690.3499755859375,691.4500122070312,681.760009765625,686.1900024414062,680.8718872070312,105204600
2026-02-05,680.9400024414062,683.6900024414062,675.7899780273438,677.6199951171875,672.3683471679688,113610800
2026-02-06,681.4600219726562,692.3099975585938,680.8499755859375,690.6199951171875,685.267578125,89127600
2026-02-09,689.4199829101562,695.8699951171875,688.3400268554688,693.9500122070312,688.57177734375,73885200
2026-02-10,694.9500122070312,696.5399780273438,691.6599731445312,692.1199951171875,686.7559204101562,65185700
2026-02-11,696.3900146484375,697.1400146484375,689.1799926757812,691.9600219726562,686.5972290039062,76353900
2026-02-12,694.239990234375,695.3499755859375,680.3699951171875,681.27001953125,675.9900512695312,118829000
2026-02-13,681.6900024414062,686.280029296875,677.52001953125,681.75,676.4663696289062,96267500
2026-02-17,680.1400146484375,684.9400024414062,675.780029296875,682.8499755859375,677.5578002929688,81354700
2026-02-18,684.02001953125,689.1500244140625,682.8300170898438,686.2899780273438,680.9711303710938,73570300
2026-02-19,683.8400268554688,686.1799926757812,681.5499877929688,684.47998046875,679.1751098632812,58649400
2026-02-20,682.3200073242188,690.0599975585938,681.72998046875,689.4299926757812,684.0868530273438,100034000
2026-02-23,687.8300170898438,690,680.3699951171875,682.3900146484375,677.1013793945312,90558100
2026-02-24,681.9000244140625,688.3499755859375,680,687.3499755859375,682.0228881835938,73798700
2026-02-25,690.1799926757812,693.6799926757812,690.0999755859375,693.1500244140625,687.7779541015625,56369500
2026-02-26,693.280029296875,693.2999877929688,684.3499755859375,689.2999877929688,683.957763671875,71671000
2026-02-27,683.0900268554688,686.8599853515625,681.6400146484375,685.989990234375,680.6734008789062,83308900
2026-03-02,678.7000122070312,688.6199951171875,678.02001953125,686.3800048828125,681.0604858398438,87477200
2026-03-03,675.0599975585938,682.6099853515625,669.6599731445312,680.3300170898438,675.057373046875,105003100
2026-03-04,681.6300048828125,687.0900268554688,679.6199951171875,685.1300048828125,679.8201904296875,79182200
2026-03-05,682.0800170898438,685.530029296875,675.6099853515625,681.3099975585938,676.0297241210938,106606500
2026-03-06,673.4099731445312,676.1099853515625,669.760009765625,672.3800048828125,667.1689453125,100687000
2026-03-09,666.3900146484375,679.9199829101562,662.3900146484375,678.27001953125,673.0133056640625,102667700
2026-03-10,677.719970703125,683.3599853515625,674.760009765625,677.1799926757812,671.9317016601562,81505300
2026-03-11,677.5800170898438,680.0800170898438,673.3400268554688,676.3300170898438,671.0883178710938,68441700
2026-03-12,671.1599731445312,671.6500244140625,665.8699951171875,666.0599975585938,660.8978881835938,108882200
2026-03-13,669.27001953125,672.3400268554688,661.3599853515625,662.2899780273438,657.1571655273438,97200200
2026-03-16,668.3800048828125,672.0700073242188,667.1199951171875,669.030029296875,663.8449096679688,82023100
2026-03-17,672.3900146484375,674.4400024414062,669.7000122070312,670.7899780273438,665.5912475585938,87128000
2026-03-18,668.3599853515625,669.719970703125,661.1900024414062,661.4299926757812,656.3038330078125,82062600
2026-03-19,656.969970703125,662.97998046875,655.1699829101562,659.7999877929688,654.6864013671875,111272500
2026-03-20,656.510009765625,656.6900024414062,644.719970703125,648.5700073242188,645.301025390625,163617500
2026-03-23,658.0700073242188,662.6199951171875,653.9400024414062,655.3800048828125,652.07666015625,134802700
2026-03-24,651.3200073242188,657.030029296875,649.8800048828125,653.1799926757812,649.8877563476562,96457500
2026-03-25,658.6699829101562,660.8900146484375,654.239990234375,656.8200073242188,653.5093994140625,90653800
2026-03-26,652.0599975585938,654.8499755859375,644.8200073242188,645.0900268554688,641.8385620117188,96494400
2026-03-27,642.5,642.6599731445312,633.1099853515625,634.0900268554688,630.8939819335938,103649400
2026-03-30,640.1099853515625,640.3699951171875,629.280029296875,631.969970703125,628.78466796875,99275900
2026-03-31,638.9400024414062,651.5399780273438,637.97998046875,650.3400268554688,647.0620727539062,152534100
2026-04-01,653.9000244140625,658.52001953125,653,655.239990234375,651.9373779296875,97841500
2026-04-02,646.4199829101562,658.2000122070312,645.1099853515625,655.8300170898438,652.5244140625,68358700
2026-04-06,655.8599853515625,659.719970703125,655.52001953125,658.9299926757812,655.6088256835938,39105800
2026-04-07,656.6500244140625,659.6099853515625,651.0599975585938,659.219970703125,655.8972778320312,69980400
2026-04-08,676.3900146484375,677.0800170898438,671.4600219726562,676.010009765625,672.6027221679688,93606100
2026-04-09,674.8400268554688,681.1599731445312,673.77001953125,679.9099731445312,676.4829711914062,57134400
2026-04-10,681.3200073242188,682.030029296875,678.4500122070312,679.4600219726562,676.0353393554688,42253500
2026-04-13,677.4099731445312,686.2999877929688,676.5800170898438,686.0999755859375,682.641845703125,54185800
2026-04-14,687.6900024414062,694.5800170898438,687.6599731445312,694.4600219726562,690.959716796875,63480500
2026-04-15,695.260009765625,700.280029296875,694.2000122070312,699.9400024414062,696.412109375,58240400
2026-04-16,701.0599975585938,702.780029296875,698.530029296875,701.6599731445312,698.1234130859375,49972400
2026-04-17,706.1400146484375,712.3900146484375,705.760009765625,710.1400146484375,706.5607299804688,70661900
2026-04-20,708.780029296875,709.9099731445312,706.1400146484375,708.719970703125,705.1477661132812,43546800
2026-04-21,710.280029296875,711.280029296875,702.6400146484375,704.0800170898438,700.53125,58941400
2026-04-22,709.1500244140625,711.4500122070312,708.219970703125,711.2100219726562,707.6253051757812,42518500
2026-04-23,709.5,712.3599853515625,702.280029296875,708.4500122070312,704.8792114257812,56174000
2026-04-24,710.75,714.469970703125,709.010009765625,713.9400024414062,710.341552734375,45182000
2026-04-27,713.1699829101562,715.6300048828125,712.2999877929688,715.1699829101562,711.5653076171875,33135900
2026-04-28,711.8200073242188,712.8800048828125,709.25,711.6900024414062,708.1028442382812,43117400
2026-04-29,711,712.2000122070312,708.3699951171875,711.5800170898438,707.993408203125,41859200
2026-04-30,714.6300048828125,719.7899780273438,710.4500122070312,718.6599731445312,715.0377197265625,67240900
2026-05-01,721.25,724.8699951171875,720.469970703125,720.6500244140625,717.0177001953125,43049800
2026-05-04,720.0700073242188,722.1199951171875,714.989990234375,718.010009765625,714.3909912109375,51950600
2026-05-05,721.77001953125,725.0399780273438,721.489990234375,723.77001953125,720.1220092773438,36933200
2026-05-06,728.1599731445312,734.5900268554688,727.8200073242188,733.8300170898438,730.1312866210938,53288900
2026-05-07,735.0499877929688,736.1300048828125,729.75,731.5800170898438,727.8926391601562,51724600
2026-05-08,734.9299926757812,738.0800170898438,734.5700073242188,737.6199951171875,733.9021606445312,47227100
2026-05-11,736.4500122070312,740.7899780273438,736.4500122070312,739.2999877929688,735.5736694335938,44024000
2026-05-12,736.8900146484375,738.8400268554688,731.8300170898438,738.1799926757812,734.4593505859375,54185300
2026-05-13,738.469970703125,743.9099731445312,735.469970703125,742.3099975585938,738.5685424804688,44200200
2026-05-14,743.6500244140625,749.530029296875,743.5599975585938,748.1699829101562,744.3989868164062,45307600
2026-05-15,741.7899780273438,743.4600219726562,737.9600219726562,739.1699829101562,735.4443969726562,60410800
2026-05-18,739.8300170898438,741.4199829101562,733.3900146484375,738.6500244140625,734.927001953125,47843900
2026-05-19,734.780029296875,737.6500244140625,731.530029296875,733.72998046875,730.0317993164062,54255900
2026-05-20,735.7100219726562,741.8699951171875,733.8900146484375,741.25,737.5138549804688,45768000
2026-05-21,738.6400146484375,744.8699951171875,737.030029296875,742.719970703125,738.9764404296875,43332200
2026-05-22,746.239990234375,748.9400024414062,744.47998046875,745.6400146484375,741.8817749023438,41762000
2026-05-26,750.010009765625,752.1300048828125,748.3699951171875,750.5900268554688,746.8068237304688,41123600
2026-05-27,750.8800048828125,751.3800048828125,748.219970703125,750.4600219726562,746.677490234375,42106300
2026-05-28,750.25,755.1500244140625,749.22998046875,754.5999755859375,750.7965698242188,41562600
2026-05-29,755.9000244140625,758.0800170898438,754.6900024414062,756.47998046875,752.6671142578125,55075700
2026-06-01,755.3599853515625,760.280029296875,754.6900024414062,758.5399780273438,754.7167358398438,43634900
2026-06-02,757.030029296875,760.4000244140625,756.75,759.5700073242188,755.7415771484375,31581900
2026-06-03,758.1500244140625,758.7999877929688,753.5700073242188,754.239990234375,750.4384155273438,51402500
2026-06-04,752.0999755859375,758.3099975585938,751.469970703125,757.0900268554688,753.2740478515625,49923000
2026-06-05,752.3099975585938,752.8200073242188,735.530029296875,737.5499877929688,733.83251953125,93989400
2026-06-08,743.3599853515625,745.3400268554688,738.1900024414062,739.219970703125,735.4940795898438,49319100
2026-06-09,743.6300048828125,746.9000244140625,722.5900268554688,737.0499877929688,733.3350219726562,87683500
2026-06-10,733.3900146484375,738.3800048828125,725.3300170898438,725.4299926757812,721.7736206054688,60341300
2026-06-11,728.760009765625,740,724.4099731445312,737.760009765625,734.04150390625,86330500
2026-06-12,740.7100219726562,744.4400024414062,735.030029296875,741.75,738.0113525390625,57079500
2026-06-15,751.8499755859375,756.6799926757812,751.760009765625,754.8300170898438,751.0254516601562,60176400
2026-06-16,754.5499877929688,755.4400024414062,749.8800048828125,750.3300170898438,746.5481567382812,67093100
2026-06-17,751.2899780273438,752.1500244140625,739.219970703125,740.9600219726562,737.225341796875,85945200
2026-06-18,747.760009765625,748.22998046875,743.8599853515625,746.739990234375,744.8902587890625,80875700
2026-06-22,747.7000122070312,750.1799926757812,743.1300048828125,744.3900146484375,742.546142578125,46628100
2026-06-23,733.8099975585938,739.6300048828125,732.2999877929688,733.5800170898438,731.7628784179688,66846800
2026-06-24,735.1699829101562,739.9500122070312,730.8400268554688,733.239990234375,731.4237060546875,57439500
2026-06-25,738.9099731445312,739.3699951171875,729.5999755859375,734.2999877929688,732.4810791015625,53934400
2026-06-26,728.9500122070312,736.530029296875,716.5800170898438,728.989990234375,727.1842651367188,71034000
2026-06-29,736.530029296875,741.5599975585938,732.0900268554688,741,739.1644897460938,58035200
2026-06-30,741.2899780273438,748.02001953125,740.8900146484375,746.77001953125,744.9202270507812,55626000
2026-07-01,745,749.4400024414062,742.3800048828125,745.760009765625,743.9127197265625,47100900
2026-07-02,747.4000244140625,751.3099975585938,740.030029296875,744.780029296875,742.9351806640625,57447800
2026-07-06,748.739990234375,752.4099731445312,747.4099731445312,751.280029296875,749.4190673828125,50673300
2026-07-07,750.219970703125,750.9600219726562,745.2100219726562,747.7100219726562,745.85791015625,43721500
2026-07-08,743.1599731445312,746.1500244140625,739.510009765625,745.4000244140625,743.5536499023438,43767400
2026-07-09,747.3499755859375,751.969970703125,745.5900268554688,751.7100219726562,749.8480224609375,41441700
2026-07-10,752.0499877929688,755.4199829101562,748.0999755859375,754.9500122070312,753.0799560546875,42191300
2026-07-13,752.469970703125,753.9099731445312,748,749.1699829101562,747.3142700195312,44013600
2026-07-14,750.9099731445312,753.3400268554688,748.6599731445312,751.8300170898438,749.9677124023438,35143100
2026-07-15,754.239990234375,755.5800170898438,750.2000122070312,754.8099975585938,752.9403076171875,43844800
2026-07-16,752.760009765625,754.5700073242188,747.8800048828125,750.719970703125,748.8604125976562,46409800
2026-07-17,742.0800170898438,747.2899780273438,740.7999877929688,743.2899780273438,741.4487915039062,62651000
2026-07-20,747.0599975585938,748.72998046875,741.510009765625,742.0900268554688,740.2518310546875,50422300
2026-07-21,746.2899780273438,749.0399780273438,744.1799926757812,748.280029296875,746.426513671875,34324300
2026-07-22,746.6199951171875,750.02001953125,746.3699951171875,747.4099731445312,745.55859375,32836200
2026-07-23,739.3699951171875,742.5599975585938,735.2100219726562,738.1799926757812,736.3515014648438,55437300
2026-07-24,738.510009765625,743.719970703125,737.2899780273438,738.9299926757812,737.099609375,44782000
2026-07-27,744.9099731445312,745.530029296875,735.8699951171875,739.0900268554688,737.25927734375,41461200
2026-07-28,739.1900024414062,742.7899780273438,735.97998046875,740.8599853515625,739.0248413085938,47322200
2026-07-29,739.969970703125,742.6799926757812,729.0999755859375,729.4600219726562,727.6531372070312,70697200
2026-07-30,736.0499877929688,742.4500122070312,734.5900268554688,741.6900024414062,739.852783203125,66811300
2026-07-31,744.6799926757812,748.9000244140625,737.6799926757812,747.030029296875,745.1796264648438,62445900
2026-08-03,749.4400024414062,758.5800170898438,748.7999877929688,757.6699829101562,755.793212890625,59927500
2026-08-04,760.6300048828125,773.4099731445312,760.52001953125,771.3300170898438,769.4193725585938,69154800
2026-08-05,775.8499755859375,776.8499755859375,769.510009765625,769.7899780273438,767.8831787109375,44689100
2026-08-06,770.2100219726562,771.8200073242188,767.4600219726562,768.5599975585938,766.65625,38416900
2026-08-07,771.02001953125,773.9199829101562,769.6099853515625,773.260009765625,771.3446044921875,43586300
2026-08-10,772.5999755859375,775.0499877929688,771.6199951171875,773.030029296875,771.1151733398438,39249500
2026-08-11,774.530029296875,774.6099853515625,769.2000122070312,770.5599975585938,768.6513061523438,36740600
2026-08-12,774.7100219726562,774.9000244140625,771.280029296875,772.489990234375,770.5764770507812,33179100
2026-08-13,774.8699951171875,779.3699951171875,774.1099853515625,777.8800048828125,775.9531860351562,35634500
2026-08-14,778.5399780273438,778.7999877929688,775.4299926757812,776.3400268554688,774.4169921875,31367900
2026-08-17,776.1799926757812,776.780029296875,772.510009765625,772.6699829101562,770.7560424804688,34356600
2026-08-18,768.7000122070312,769.5,766.9199829101562,767.4500122070312,765.5490112304688,43920900
2026-08-19,770.3599853515625,772.469970703125,768.0999755859375,769.0599975585938,767.1549682617188,40306000
2026-08-20,765.9600219726562,768.1500244140625,762.0399780273438,762.5999755859375,760.7109985351562,45520300
2026-08-21,766.0499877929688,767.8499755859375,764.1699829101562,765.719970703125,763.8232421875,39188700
2026-08-24,764.780029296875,765.219970703125,762.0800170898438,763.469970703125,761.5787963867188,32430900
2026-08-25,766.1599731445312,766.780029296875,763.0499877929688,765.9099731445312,764.0127563476562,27422300
2026-08-26,764.72998046875,767.3499755859375,763.9299926757812,766.0800170898438,764.182373046875,28751600
2026-08-27,768.5,772.3599853515625,767.1599731445312,771.0999755859375,769.18994140625,34557100
2026-08-28,771.760009765625,775.2999877929688,768.3099975585938,769.3499755859375,767.4442749023438,36744300
2026-08-31,767.3300170898438,768,764.719970703125,767.0499877929688,765.1499633789062,38810800
2026-09-01,762.010009765625,764.6699829101562,759.47998046875,761.780029296875,759.89306640625,41126300
2026-09-02,762.4500122070312,766.4299926757812,761.72998046875,765.1599731445312,763.2646484375,29566200
2026-09-03,767.9000244140625,774.030029296875,767.4500122070312,773.1699829101562,771.2548217773438,43531600
2026-09-04,772.010009765625,772.8699951171875,769,770.1900024414062,768.2822265625,34054200
2026-09-08,769.0700073242188,769.7000122070312,765.1400146484375,765.9600219726562,764.0626831054688,44746100
2026-09-09,764.0800170898438,764.469970703125,760.9400024414062,762.4000244140625,760.5115356445312,32812400
2026-09-10,758.030029296875,760.1099853515625,756.6400146484375,757.8300170898438,755.9528198242188,42740400
2026-09-11,764.719970703125,766.3800048828125,763.5999755859375,764.2899780273438,762.3967895507812,45512700
2026-09-14,759,763.52001953125,757.9299926757812,760.8800048828125,758.9952392578125,43992400
2026-09-15,760.1199951171875,760.3499755859375,756.1500244140625,757.3900146484375,755.513916015625,46195000
2026-09-16,759.5,761.6699829101562,749.5999755859375,754.0499877929688,752.1821899414062,59217700
2026-09-17,763.1500244140625,763.5700073242188,759.9600219726562,762.5999755859375,760.7109985351562,49652800
2026-09-18,761.3099975585938,762,757.969970703125,761.6900024414062,761.6900024414062,65308100
